order_id,order_date,quantity,unit_price,discount_rate,customer_name,customer_level,customer_phone,product_name,product_brand,product_cost,product_category_id,category_name,warehouse_name,region_name,region_name_display,region_manager,promotion_name,promotion_discount,payment_method_name,logistics_name,logistics_speed,price_adjustment,shipping_fee,tax_rate,order_amount,profit,tax_amount,final_price
1001,2024-01-01,1,99.0,0.8,张明,普通,13800000000,高端手机,华为,50.0,0,数码电子,北京仓库-1号,北京区域,北京区域,张经理,,,支付宝,顺丰速运,1,0.9,5.0,0.03,79.2,29.2,2.38,76.28
1002,2024-01-02,2,109.0,0.8500000000000001,李明,银卡,13800012345,精品手机,苹果,55.0,1,家用电器,深圳仓库-4号,深圳区域,深圳区域,刘经理,618大促,0.55,微信支付,圆通快递,2,1.1,11.0,0.05,185.3,75.3,9.27,214.83
1003,2024-01-03,3,119.0,0.9,王明,金卡,13800024690,经典手机,小米,60.0,2,服装鞋帽,武汉仓库-7号,武汉区域,武汉区域,赵经理,年货节,0.6,银行卡,中通快递,3,1.05,17.0,0.07,321.3,141.3,22.49,354.37
1004,2024-01-04,4,129.0,0.9500000000000001,刘明,钻石,13800037035,时尚手机,三星,65.0,3,食品饮料,重庆仓库-10号,重庆区域,重庆区域,吴经理,开学季,0.65,信用卡,韵达快递,4,1.0,23.0,0.09,490.2,230.2,44.12,513.2
1005,2024-01-05,5,139.0,1.0,陈明,普通,13800049380,智能手机,联想,70.0,4,美妆护肤,郑州仓库-13号,郑州区域,郑州区域,王经理,情人节特惠,0.7,货到付款,申通快递,5,0.95,29.0,0.11,695.0,345.0,76.45,689.25
1006,2024-01-06,6,149.0,0.8,杨明,银卡,13800061725,便携手机,戴尔,75.0,5,家居日用,北京仓库-1号,北京区域,北京区域,张经理,,,支付宝,京东物流,1,0.9,5.0,0.03,715.2,265.2,21.46,648.68
1007,2024-01-07,7,159.0,0.8500000000000001,赵明,金卡,13800074070,专业手机,索尼,80.0,6,运动户外,深圳仓库-4号,深圳区域,深圳区域,刘经理,国庆特卖,0.8,微信支付,菜鸟驿站,2,1.1,11.0,0.05,946.05,386.05,47.3,1051.65
1008,2024-01-08,8,169.0,0.9,黄明,钻石,13800086415,豪华手机,佳能,85.0,7,图书音像,武汉仓库-7号,武汉区域,武汉区域,赵经理,新品首发,0.85,银行卡,德邦快递,3,1.05,17.0,0.07,1216.8,536.8,85.18,1294.64
1009,2024-01-09,9,179.0,0.9500000000000001,周明,普通,13800098760,简约手机,飞利浦,90.0,8,母婴用品,重庆仓库-10号,重庆区域,重庆区域,吴经理,会员专享,0.9,信用卡,顺丰速运,4,1.0,23.0,0.09,1530.45,720.45,137.74,1553.45
1010,2024-01-10,10,189.0,1.0,吴明,银卡,13800111105,创新手机,松下,95.0,9,汽车用品,郑州仓库-13号,郑州区域,郑州区域,王经理,限时秒杀,0.95,货到付款,圆通快递,5,0.95,29.0,0.11,1890.0,940.0,207.9,1824.5
1011,2024-01-11,1,199.0,0.8,张华,金卡,13800123450,高端电脑,华为,100.0,10,办公文具,北京仓库-1号,北京区域,北京区域,张经理,,,支付宝,顺丰速运,1,0.9,5.0,0.03,159.2,59.2,4.78,148.28
1012,2024-01-12,2,209.0,0.8500000000000001,李华,钻石,13800135795,精品电脑,苹果,105.0,11,珠宝饰品,深圳仓库-4号,深圳区域,深圳区域,刘经理,618大促,0.55,微信支付,圆通快递,2,1.1,11.0,0.05,355.3,145.3,17.77,401.83
1013,2024-01-13,3,219.0,0.9,王华,普通,13800148140,经典电脑,小米,110.0,12,宠物用品,武汉仓库-7号,武汉区域,武汉区域,赵经理,年货节,0.6,银行卡,中通快递,3,1.05,17.0,0.07,591.3,261.3,41.39,637.87
1014,2024-01-14,4,229.0,0.9500000000000001,刘华,银卡,13800160485,时尚电脑,三星,115.0,13,医疗保健,重庆仓库-10号,重庆区域,重庆区域,吴经理,开学季,0.65,信用卡,韵达快递,4,1.0,23.0,0.09,870.2,410.2,78.32,893.2
1015,2024-01-15,5,239.0,1.0,陈华,金卡,13800172830,智能电脑,联想,120.0,14,玩具乐器,郑州仓库-13号,郑州区域,郑州区域,王经理,情人节特惠,0.7,货到付款,申通快递,5,0.95,29.0,0.11,1195.0,595.0,131.45,1164.25
1016,2024-01-16,6,249.0,0.8,杨华,钻石,13800185175,便携电脑,戴尔,125.0,15,生鲜果蔬,北京仓库-1号,北京区域,北京区域,张经理,,,支付宝,京东物流,1,0.9,5.0,0.03,1195.2,445.2,35.86,1080.68
1017,2024-01-17,7,259.0,0.8500000000000001,赵华,普通,13800197520,专业电脑,索尼,130.0,16,箱包皮具,深圳仓库-4号,深圳区域,深圳区域,刘经理,618大促,0.55,微信支付,菜鸟驿站,2,1.1,11.0,0.05,1541.05,631.05,77.05,1706.16
1018,2024-01-18,8,269.0,0.9,黄华,银卡,13800209865,豪华电脑,佳能,135.0,17,钟表眼镜,武汉仓库-7号,武汉区域,武汉区域,赵经理,年货节,0.6,银行卡,德邦快递,3,1.05,17.0,0.07,1936.8,856.8,135.58,2050.64
1019,2024-01-19,9,279.0,0.9500000000000001,周华,金卡,13800222210,简约电脑,飞利浦,140.0,18,厨房用具,重庆仓库-10号,重庆区域,重庆区域,吴经理,开学季,0.65,信用卡,顺丰速运,4,1.0,23.0,0.09,2385.45,1125.45,214.69,2408.45
1020,2024-01-20,10,289.0,1.0,吴华,钻石,13800234555,创新电脑,松下,145.0,19,五金工具,郑州仓库-13号,郑州区域,郑州区域,王经理,情人节特惠,0.7,货到付款,圆通快递,5,0.95,29.0,0.11,2890.0,1440.0,317.9,2774.5
1021,2024-01-21,1,299.0,0.8,张强,普通,13800246900,高端耳机,华为,150.0,0,数码电子,北京仓库-1号,北京区域,北京区域,张经理,,,支付宝,顺丰速运,1,0.9,5.0,0.03,239.2,89.2,7.18,220.28
1022,2024-01-22,2,309.0,0.8500000000000001,李强,银卡,13800259245,精品耳机,苹果,155.0,1,家用电器,深圳仓库-4号,深圳区域,深圳区域,刘经理,国庆特卖,0.8,微信支付,圆通快递,2,1.1,11.0,0.05,525.3,215.3,26.27,588.83
1023,2024-01-23,3,319.0,0.9,王强,金卡,13800271590,经典耳机,小米,160.0,2,服装鞋帽,武汉仓库-7号,武汉区域,武汉区域,赵经理,新品首发,0.85,银行卡,中通快递,3,1.05,17.0,0.07,861.3,381.3,60.29,921.37
1024,2024-01-24,4,329.0,0.9500000000000001,刘强,钻石,13800283935,时尚耳机,三星,165.0,3,食品饮料,重庆仓库-10号,重庆区域,重庆区域,吴经理,会员专享,0.9,信用卡,韵达快递,4,1.0,23.0,0.09,1250.2,590.2,112.52,1273.2
1025,2024-01-25,5,339.0,1.0,陈强,普通,13800296280,智能耳机,联想,170.0,4,美妆护肤,郑州仓库-13号,郑州区域,郑州区域,王经理,限时秒杀,0.95,货到付款,申通快递,5,0.95,29.0,0.11,1695.0,845.0,186.45,1639.25
1026,2024-01-26,6,349.0,0.8,杨强,银卡,13800308625,便携耳机,戴尔,175.0,5,家居日用,北京仓库-1号,北京区域,北京区域,张经理,,,支付宝,京东物流,1,0.9,5.0,0.03,1675.2,625.2,50.26,1512.68
1027,2024-01-27,7,359.0,0.8500000000000001,赵强,金卡,13800320970,专业耳机,索尼,180.0,6,运动户外,深圳仓库-4号,深圳区域,深圳区域,刘经理,618大促,0.55,微信支付,菜鸟驿站,2,1.1,11.0,0.05,2136.05,876.05,106.8,2360.66
1028,2024-01-28,8,369.0,0.9,黄强,钻石,13800333315,豪华耳机,佳能,185.0,7,图书音像,武汉仓库-7号,武汉区域,武汉区域,赵经理,年货节,0.6,银行卡,德邦快递,3,1.05,17.0,0.07,2656.8,1176.8,185.98,2806.64
1029,2024-01-28,9,379.0,0.9500000000000001,周强,普通,13800345660,简约耳机,飞利浦,190.0,8,母婴用品,重庆仓库-10号,重庆区域,重庆区域,吴经理,开学季,0.65,信用卡,顺丰速运,4,1.0,23.0,0.09,3240.45,1530.45,291.64,3263.45
1030,2024-01-28,10,389.0,1.0,吴强,银卡,13800358005,创新耳机,松下,195.0,9,汽车用品,郑州仓库-13号,郑州区域,郑州区域,王经理,情人节特惠,0.7,货到付款,圆通快递,5,0.95,29.0,0.11,3890.0,1940.0,427.9,3724.5
1031,2024-02-01,1,399.0,0.8,张伟,金卡,13800370350,高端键盘,华为,200.0,10,办公文具,北京仓库-1号,北京区域,北京区域,张经理,,,支付宝,顺丰速运,1,0.9,5.0,0.03,319.2,119.2,9.58,292.28
1032,2024-02-02,2,409.0,0.8500000000000001,李伟,钻石,13800382695,精品键盘,苹果,205.0,11,珠宝饰品,深圳仓库-4号,深圳区域,深圳区域,刘经理,618大促,0.55,微信支付,圆通快递,2,1.1,11.0,0.05,695.3,285.3,34.77,775.83
1033,2024-02-03,3,419.0,0.9,王伟,普通,13800395040,经典键盘,小米,210.0,12,宠物用品,武汉仓库-7号,武汉区域,武汉区域,赵经理,年货节,0.6,银行卡,中通快递,3,1.05,17.0,0.07,1131.3,501.3,79.19,1204.87
1034,2024-02-04,4,429.0,0.9500000000000001,刘伟,银卡,13800407385,时尚键盘,三星,215.0,13,医疗保健,重庆仓库-10号,重庆区域,重庆区域,吴经理,开学季,0.65,信用卡,韵达快递,4,1.0,23.0,0.09,1630.2,770.2,146.72,1653.2
1035,2024-02-05,5,439.0,1.0,陈伟,金卡,13800419730,智能键盘,联想,220.0,14,玩具乐器,郑州仓库-13号,郑州区域,郑州区域,王经理,情人节特惠,0.7,货到付款,申通快递,5,0.95,29.0,0.11,2195.0,1095.0,241.45,2114.25
1036,2024-02-06,6,449.0,0.8,杨伟,钻石,13800432075,便携键盘,戴尔,225.0,15,生鲜果蔬,北京仓库-1号,北京区域,北京区域,张经理,,,支付宝,京东物流,1,0.9,5.0,0.03,2155.2,805.2,64.66,1944.68
1037,2024-02-07,7,459.0,0.8500000000000001,赵伟,普通,13800444420,专业键盘,索尼,230.0,16,箱包皮具,深圳仓库-4号,深圳区域,深圳区域,刘经理,国庆特卖,0.8,微信支付,菜鸟驿站,2,1.1,11.0,0.05,2731.05,1121.05,136.55,3015.16
1038,2024-02-08,8,469.0,0.9,黄伟,银卡,13800456765,豪华键盘,佳能,235.0,17,钟表眼镜,武汉仓库-7号,武汉区域,武汉区域,赵经理,新品首发,0.85,银行卡,德邦快递,3,1.05,17.0,0.07,3376.8,1496.8,236.38,3562.64
1039,2024-02-09,9,479.0,0.9500000000000001,周伟,金卡,13800469110,简约键盘,飞利浦,240.0,18,厨房用具,重庆仓库-10号,重庆区域,重庆区域,吴经理,会员专享,0.9,信用卡,顺丰速运,4,1.0,23.0,0.09,4095.45,1935.45,368.59,4118.45
1040,2024-02-10,10,489.0,1.0,吴伟,钻石,13800481455,创新键盘,松下,245.0,19,五金工具,郑州仓库-13号,郑州区域,郑州区域,王经理,限时秒杀,0.95,货到付款,圆通快递,5,0.95,29.0,0.11,4890.0,2440.0,537.9,4674.5
1041,2024-02-11,1,499.0,0.8,张芳,普通,13800493800,高端显示器,华为,250.0,0,数码电子,北京仓库-1号,北京区域,北京区域,张经理,,,支付宝,顺丰速运,1,0.9,5.0,0.03,399.2,149.2,11.98,364.28
1042,2024-02-12,2,509.0,0.8500000000000001,李芳,银卡,13800506145,精品显示器,苹果,255.0,1,家用电器,深圳仓库-4号,深圳区域,深圳区域,刘经理,618大促,0.55,微信支付,圆通快递,2,1.1,11.0,0.05,865.3,355.3,43.27,962.83
1043,2024-02-13,3,519.0,0.9,王芳,金卡,13800518490,经典显示器,小米,260.0,2,服装鞋帽,武汉仓库-7号,武汉区域,武汉区域,赵经理,年货节,0.6,银行卡,中通快递,3,1.05,17.0,0.07,1401.3,621.3,98.09,1488.37
1044,2024-02-14,4,529.0,0.9500000000000001,刘芳,钻石,13800530835,时尚显示器,三星,265.0,3,食品饮料,重庆仓库-10号,重庆区域,重庆区域,吴经理,开学季,0.65,信用卡,韵达快递,4,1.0,23.0,0.09,2010.2,950.2,180.92,2033.2
1045,2024-02-15,5,539.0,1.0,陈芳,普通,13800543180,智能显示器,联想,270.0,4,美妆护肤,郑州仓库-13号,郑州区域,郑州区域,王经理,情人节特惠,0.7,货到付款,申通快递,5,0.95,29.0,0.11,2695.0,1345.0,296.45,2589.25
1046,2024-02-16,6,549.0,0.8,杨芳,银卡,13800555525,便携显示器,戴尔,275.0,5,家居日用,北京仓库-1号,北京区域,北京区域,张经理,,,支付宝,京东物流,1,0.9,5.0,0.03,2635.2,985.2,79.06,2376.68
1047,2024-02-17,7,559.0,0.8500000000000001,赵芳,金卡,13800567870,专业显示器,索尼,280.0,6,运动户外,深圳仓库-4号,深圳区域,深圳区域,刘经理,618大促,0.55,微信支付,菜鸟驿站,2,1.1,11.0,0.05,3326.05,1366.05,166.3,3669.66
1048,2024-02-18,8,569.0,0.9,黄芳,钻石,13800580215,豪华显示器,佳能,285.0,7,图书音像,武汉仓库-7号,武汉区域,武汉区域,赵经理,年货节,0.6,银行卡,德邦快递,3,1.05,17.0,0.07,4096.8,1816.8,286.78,4318.64
1049,2024-02-19,9,579.0,0.9500000000000001,周芳,普通,13800592560,简约显示器,飞利浦,290.0,8,母婴用品,重庆仓库-10号,重庆区域,重庆区域,吴经理,开学季,0.65,信用卡,顺丰速运,4,1.0,23.0,0.09,4950.45,2340.45,445.54,4973.45
1050,2024-02-20,10,589.0,1.0,吴芳,银卡,13800604905,创新显示器,松下,295.0,9,汽车用品,郑州仓库-13号,郑州区域,郑州区域,王经理,情人节特惠,0.7,货到付款,圆通快递,5,0.95,29.0,0.11,5890.0,2940.0,647.9,5624.5
1051,2024-02-21,1,599.0,0.8,张娟,金卡,13800617250,高端平板,华为,300.0,10,办公文具,北京仓库-1号,北京区域,北京区域,张经理,,,支付宝,顺丰速运,1,0.9,5.0,0.03,479.2,179.2,14.38,436.28
1052,2024-02-22,2,609.0,0.8500000000000001,李娟,钻石,13800629595,精品平板,苹果,305.0,11,珠宝饰品,深圳仓库-4号,深圳区域,深圳区域,刘经理,国庆特卖,0.8,微信支付,圆通快递,2,1.1,11.0,0.05,1035.3,425.3,51.77,1149.83
1053,2024-02-23,3,619.0,0.9,王娟,普通,13800641940,经典平板,小米,310.0,12,宠物用品,武汉仓库-7号,武汉区域,武汉区域,赵经理,新品首发,0.85,银行卡,中通快递,3,1.05,17.0,0.07,1671.3,741.3,116.99,1771.87
1054,2024-02-24,4,629.0,0.9500000000000001,刘娟,银卡,13800654285,时尚平板,三星,315.0,13,医疗保健,重庆仓库-10号,重庆区域,重庆区域,吴经理,会员专享,0.9,信用卡,韵达快递,4,1.0,23.0,0.09,2390.2,1130.2,215.12,2413.2
1055,2024-02-25,5,639.0,1.0,陈娟,金卡,13800666630,智能平板,联想,320.0,14,玩具乐器,郑州仓库-13号,郑州区域,郑州区域,王经理,限时秒杀,0.95,货到付款,申通快递,5,0.95,29.0,0.11,3195.0,1595.0,351.45,3064.25
1056,2024-02-26,6,649.0,0.8,杨娟,钻石,13800678975,便携平板,戴尔,325.0,15,生鲜果蔬,北京仓库-1号,北京区域,北京区域,张经理,,,支付宝,京东物流,1,0.9,5.0,0.03,3115.2,1165.2,93.46,2808.68
1057,2024-02-27,7,659.0,0.8500000000000001,赵娟,普通,13800691320,专业平板,索尼,330.0,16,箱包皮具,深圳仓库-4号,深圳区域,深圳区域,刘经理,618大促,0.55,微信支付,菜鸟驿站,2,1.1,11.0,0.05,3921.05,1611.05,196.05,4324.16
1058,2024-02-28,8,669.0,0.9,黄娟,银卡,13800703665,豪华平板,佳能,335.0,17,钟表眼镜,武汉仓库-7号,武汉区域,武汉区域,赵经理,年货节,0.6,银行卡,德邦快递,3,1.05,17.0,0.07,4816.8,2136.8,337.18,5074.64
1059,2024-02-28,9,679.0,0.9500000000000001,周娟,金卡,13800716010,简约平板,飞利浦,340.0,18,厨房用具,重庆仓库-10号,重庆区域,重庆区域,吴经理,开学季,0.65,信用卡,顺丰速运,4,1.0,23.0,0.09,5805.45,2745.45,522.49,5828.45
1060,2024-02-28,10,689.0,1.0,吴娟,钻石,13800728355,创新平板,松下,345.0,19,五金工具,郑州仓库-13号,郑州区域,郑州区域,王经理,情人节特惠,0.7,货到付款,圆通快递,5,0.95,29.0,0.11,6890.0,3440.0,757.9,6574.5
1061,2024-03-01,1,699.0,0.8,张敏,普通,13800740700,高端音箱,华为,350.0,0,数码电子,北京仓库-1号,北京区域,北京区域,张经理,,,支付宝,顺丰速运,1,0.9,5.0,0.03,559.2,209.2,16.78,508.28
1062,2024-03-02,2,709.0,0.8500000000000001,李敏,银卡,13800753045,精品音箱,苹果,355.0,1,家用电器,深圳仓库-4号,深圳区域,深圳区域,刘经理,618大促,0.55,微信支付,圆通快递,2,1.1,11.0,0.05,1205.3,495.3,60.27,1336.83
1063,2024-03-03,3,719.0,0.9,王敏,金卡,13800765390,经典音箱,小米,360.0,2,服装鞋帽,武汉仓库-7号,武汉区域,武汉区域,赵经理,年货节,0.6,银行卡,中通快递,3,1.05,17.0,0.07,1941.3,861.3,135.89,2055.36
1064,2024-03-04,4,729.0,0.9500000000000001,刘敏,钻石,13800777735,时尚音箱,三星,365.0,3,食品饮料,重庆仓库-10号,重庆区域,重庆区域,吴经理,开学季,0.65,信用卡,韵达快递,4,1.0,23.0,0.09,2770.2,1310.2,249.32,2793.2
1065,2024-03-05,5,739.0,1.0,陈敏,普通,13800790080,智能音箱,联想,370.0,4,美妆护肤,郑州仓库-13号,郑州区域,郑州区域,王经理,情人节特惠,0.7,货到付款,申通快递,5,0.95,29.0,0.11,3695.0,1845.0,406.45,3539.25
1066,2024-03-06,6,749.0,0.8,杨敏,银卡,13800802425,便携音箱,戴尔,375.0,5,家居日用,北京仓库-1号,北京区域,北京区域,张经理,,,支付宝,京东物流,1,0.9,5.0,0.03,3595.2,1345.2,107.86,3240.68
1067,2024-03-07,7,759.0,0.8500000000000001,赵敏,金卡,13800814770,专业音箱,索尼,380.0,6,运动户外,深圳仓库-4号,深圳区域,深圳区域,刘经理,国庆特卖,0.8,微信支付,菜鸟驿站,2,1.1,11.0,0.05,4516.05,1856.05,225.8,4978.66
1068,2024-03-08,8,769.0,0.9,黄敏,钻石,13800827115,豪华音箱,佳能,385.0,7,图书音像,武汉仓库-7号,武汉区域,武汉区域,赵经理,新品首发,0.85,银行卡,德邦快递,3,1.05,17.0,0.07,5536.8,2456.8,387.58,5830.64
1069,2024-03-09,9,779.0,0.9500000000000001,周敏,普通,13800839460,简约音箱,飞利浦,390.0,8,母婴用品,重庆仓库-10号,重庆区域,重庆区域,吴经理,会员专享,0.9,信用卡,顺丰速运,4,1.0,23.0,0.09,6660.45,3150.45,599.44,6683.45
1070,2024-03-10,10,789.0,1.0,吴敏,银卡,13800851805,创新音箱,松下,395.0,9,汽车用品,郑州仓库-13号,郑州区域,郑州区域,王经理,限时秒杀,0.95,货到付款,圆通快递,5,0.95,29.0,0.11,7890.0,3940.0,867.9,7524.5
1071,2024-03-11,1,799.0,0.8,张静,金卡,13800864150,高端手表,华为,400.0,10,办公文具,北京仓库-1号,北京区域,北京区域,张经理,,,支付宝,顺丰速运,1,0.9,5.0,0.03,639.2,239.2,19.18,580.28
1072,2024-03-12,2,809.0,0.8500000000000001,李静,钻石,13800876495,精品手表,苹果,405.0,11,珠宝饰品,深圳仓库-4号,深圳区域,深圳区域,刘经理,618大促,0.55,微信支付,圆通快递,2,1.1,11.0,0.05,1375.3,565.3,68.77,1523.83
1073,2024-03-13,3,819.0,0.9,王静,普通,13800888840,经典手表,小米,410.0,12,宠物用品,武汉仓库-7号,武汉区域,武汉区域,赵经理,年货节,0.6,银行卡,中通快递,3,1.05,17.0,0.07,2211.3,981.3,154.79,2338.87
1074,2024-03-14,4,829.0,0.9500000000000001,刘静,银卡,13800901185,时尚手表,三星,415.0,13,医疗保健,重庆仓库-10号,重庆区域,重庆区域,吴经理,开学季,0.65,信用卡,韵达快递,4,1.0,23.0,0.09,3150.2,1490.2,283.52,3173.2
1075,2024-03-15,5,839.0,1.0,陈静,金卡,13800913530,智能手表,联想,420.0,14,玩具乐器,郑州仓库-13号,郑州区域,郑州区域,王经理,情人节特惠,0.7,货到付款,申通快递,5,0.95,29.0,0.11,4195.0,2095.0,461.45,4014.25
1076,2024-03-16,6,849.0,0.8,杨静,钻石,13800925875,便携手表,戴尔,425.0,15,生鲜果蔬,北京仓库-1号,北京区域,北京区域,张经理,,,支付宝,京东物流,1,0.9,5.0,0.03,4075.2,1525.2,122.26,3672.68
1077,2024-03-17,7,859.0,0.8500000000000001,赵静,普通,13800938220,专业手表,索尼,430.0,16,箱包皮具,深圳仓库-4号,深圳区域,深圳区域,刘经理,618大促,0.55,微信支付,菜鸟驿站,2,1.1,11.0,0.05,5111.05,2101.05,255.55,5633.16
1078,2024-03-18,8,869.0,0.9,黄静,银卡,13800950565,豪华手表,佳能,435.0,17,钟表眼镜,武汉仓库-7号,武汉区域,武汉区域,赵经理,年货节,0.6,银行卡,德邦快递,3,1.05,17.0,0.07,6256.8,2776.8,437.98,6586.64
1079,2024-03-19,9,879.0,0.9500000000000001,周静,金卡,13800962910,简约手表,飞利浦,440.0,18,厨房用具,重庆仓库-10号,重庆区域,重庆区域,吴经理,开学季,0.65,信用卡,顺丰速运,4,1.0,23.0,0.09,7515.45,3555.45,676.39,7538.45
1080,2024-03-20,10,889.0,1.0,吴静,钻石,13800975255,创新手表,松下,445.0,19,五金工具,郑州仓库-13号,郑州区域,郑州区域,王经理,情人节特惠,0.7,货到付款,圆通快递,5,0.95,29.0,0.11,8890.0,4440.0,977.9,8474.5
1081,2024-03-21,1,899.0,0.8,张丽,普通,13800987600,高端相机,华为,450.0,0,数码电子,北京仓库-1号,北京区域,北京区域,张经理,,,支付宝,顺丰速运,1,0.9,5.0,0.03,719.2,269.2,21.58,652.28
1082,2024-03-22,2,909.0,0.8500000000000001,李丽,银卡,13800999945,精品相机,苹果,455.0,1,家用电器,深圳仓库-4号,深圳区域,深圳区域,刘经理,国庆特卖,0.8,微信支付,圆通快递,2,1.1,11.0,0.05,1545.3,635.3,77.27,1710.83
1083,2024-03-23,3,919.0,0.9,王丽,金卡,13801012290,经典相机,小米,460.0,2,服装鞋帽,武汉仓库-7号,武汉区域,武汉区域,赵经理,新品首发,0.85,银行卡,中通快递,3,1.05,17.0,0.07,2481.3,1101.3,173.69,2622.37
1084,2024-03-24,4,929.0,0.9500000000000001,刘丽,钻石,13801024635,时尚相机,三星,465.0,3,食品饮料,重庆仓库-10号,重庆区域,重庆区域,吴经理,会员专享,0.9,信用卡,韵达快递,4,1.0,23.0,0.09,3530.2,1670.2,317.72,3553.2
1085,2024-03-25,5,939.0,1.0,陈丽,普通,13801036980,智能相机,联想,470.0,4,美妆护肤,郑州仓库-13号,郑州区域,郑州区域,王经理,限时秒杀,0.95,货到付款,申通快递,5,0.95,29.0,0.11,4695.0,2345.0,516.45,4489.25
1086,2024-03-26,6,949.0,0.8,杨丽,银卡,13801049325,便携相机,戴尔,475.0,5,家居日用,北京仓库-1号,北京区域,北京区域,张经理,,,支付宝,京东物流,1,0.9,5.0,0.03,4555.2,1705.2,136.66,4104.68
1087,2024-03-27,7,959.0,0.8500000000000001,赵丽,金卡,13801061670,专业相机,索尼,480.0,6,运动户外,深圳仓库-4号,深圳区域,深圳区域,刘经理,618大促,0.55,微信支付,菜鸟驿站,2,1.1,11.0,0.05,5706.05,2346.05,285.3,6287.66
1088,2024-03-28,8,969.0,0.9,黄丽,钻石,13801074015,豪华相机,佳能,485.0,7,图书音像,武汉仓库-7号,武汉区域,武汉区域,赵经理,年货节,0.6,银行卡,德邦快递,3,1.05,17.0,0.07,6976.8,3096.8,488.38,7342.64
1089,2024-03-28,9,979.0,0.9500000000000001,周丽,普通,13801086360,简约相机,飞利浦,490.0,8,母婴用品,重庆仓库-10号,重庆区域,重庆区域,吴经理,开学季,0.65,信用卡,顺丰速运,4,1.0,23.0,0.09,8370.45,3960.45,753.34,8393.45
1090,2024-03-28,10,989.0,1.0,吴丽,银卡,13801098705,创新相机,松下,495.0,9,汽车用品,郑州仓库-13号,郑州区域,郑州区域,王经理,情人节特惠,0.7,货到付款,圆通快递,5,0.95,29.0,0.11,9890.0,4940.0,1087.9,9424.5
1091,2024-04-01,1,999.0,0.8,张勇,金卡,13801111050,高端充电器,华为,500.0,10,办公文具,北京仓库-1号,北京区域,北京区域,张经理,,,支付宝,顺丰速运,1,0.9,5.0,0.03,799.2,299.2,23.98,724.28
1092,2024-04-02,2,1009.0,0.8500000000000001,李勇,钻石,13801123395,精品充电器,苹果,505.0,11,珠宝饰品,深圳仓库-4号,深圳区域,深圳区域,刘经理,618大促,0.55,微信支付,圆通快递,2,1.1,11.0,0.05,1715.3,705.3,85.77,1897.83
1093,2024-04-03,3,1019.0,0.9,王勇,普通,13801135740,经典充电器,小米,510.0,12,宠物用品,武汉仓库-7号,武汉区域,武汉区域,赵经理,年货节,0.6,银行卡,中通快递,3,1.05,17.0,0.07,2751.3,1221.3,192.59,2905.87
1094,2024-04-04,4,1029.0,0.9500000000000001,刘勇,银卡,13801148085,时尚充电器,三星,515.0,13,医疗保健,重庆仓库-10号,重庆区域,重庆区域,吴经理,开学季,0.65,信用卡,韵达快递,4,1.0,23.0,0.09,3910.2,1850.2,351.92,3933.2
1095,2024-04-05,5,1039.0,1.0,陈勇,金卡,13801160430,智能充电器,联想,520.0,14,玩具乐器,郑州仓库-13号,郑州区域,郑州区域,王经理,情人节特惠,0.7,货到付款,申通快递,5,0.95,29.0,0.11,5195.0,2595.0,571.45,4964.25
1096,2024-04-06,6,1049.0,0.8,杨勇,钻石,13801172775,便携充电器,戴尔,525.0,15,生鲜果蔬,北京仓库-1号,北京区域,北京区域,张经理,,,支付宝,京东物流,1,0.9,5.0,0.03,5035.2,1885.2,151.06,4536.68
1097,2024-04-07,7,1059.0,0.8500000000000001,赵勇,普通,13801185120,专业充电器,索尼,530.0,16,箱包皮具,深圳仓库-4号,深圳区域,深圳区域,刘经理,国庆特卖,0.8,微信支付,菜鸟驿站,2,1.1,11.0,0.05,6301.05,2591.05,315.05,6942.16
1098,2024-04-08,8,1069.0,0.9,黄勇,银卡,13801197465,豪华充电器,佳能,535.0,17,钟表眼镜,武汉仓库-7号,武汉区域,武汉区域,赵经理,新品首发,0.85,银行卡,德邦快递,3,1.05,17.0,0.07,7696.8,3416.8,538.78,8098.64
1099,2024-04-09,9,1079.0,0.9500000000000001,周勇,金卡,13801209810,简约充电器,飞利浦,540.0,18,厨房用具,重庆仓库-10号,重庆区域,重庆区域,吴经理,会员专享,0.9,信用卡,顺丰速运,4,1.0,23.0,0.09,9225.45,4365.45,830.29,9248.45
1100,2024-04-10,10,1089.0,1.0,吴勇,钻石,13801222155,创新充电器,松下,545.0,19,五金工具,郑州仓库-13号,郑州区域,郑州区域,王经理,限时秒杀,0.95,货到付款,圆通快递,5,0.95,29.0,0.11,10890.0,5440.0,1197.9,10374.5
1101,2024-04-11,1,1099.0,0.8,张明,普通,13801234500,高端手机,华为,550.0,0,数码电子,北京仓库-1号,北京区域,北京区域,张经理,,,支付宝,顺丰速运,1,0.9,5.0,0.03,879.2,329.2,26.38,796.28
1102,2024-04-12,2,1109.0,0.8500000000000001,李明,银卡,13801246845,精品手机,苹果,555.0,1,家用电器,深圳仓库-4号,深圳区域,深圳区域,刘经理,618大促,0.55,微信支付,圆通快递,2,1.1,11.0,0.05,1885.3,775.3,94.27,2084.83
1103,2024-04-13,3,1119.0,0.9,王明,金卡,13801259190,经典手机,小米,560.0,2,服装鞋帽,武汉仓库-7号,武汉区域,武汉区域,赵经理,年货节,0.6,银行卡,中通快递,3,1.05,17.0,0.07,3021.3,1341.3,211.49,3189.37
1104,2024-04-14,4,1129.0,0.9500000000000001,刘明,钻石,13801271535,时尚手机,三星,565.0,3,食品饮料,重庆仓库-10号,重庆区域,重庆区域,吴经理,开学季,0.65,信用卡,韵达快递,4,1.0,23.0,0.09,4290.2,2030.2,386.12,4313.2
1105,2024-04-15,5,1139.0,1.0,陈明,普通,13801283880,智能手机,联想,570.0,4,美妆护肤,郑州仓库-13号,郑州区域,郑州区域,王经理,情人节特惠,0.7,货到付款,申通快递,5,0.95,29.0,0.11,5695.0,2845.0,626.45,5439.25
1106,2024-04-16,6,1149.0,0.8,杨明,银卡,13801296225,便携手机,戴尔,575.0,5,家居日用,北京仓库-1号,北京区域,北京区域,张经理,,,支付宝,京东物流,1,0.9,5.0,0.03,5515.2,2065.2,165.46,4968.68
1107,2024-04-17,7,1159.0,0.8500000000000001,赵明,金卡,13801308570,专业手机,索尼,580.0,6,运动户外,深圳仓库-4号,深圳区域,深圳区域,刘经理,618大促,0.55,微信支付,菜鸟驿站,2,1.1,11.0,0.05,6896.05,2836.05,344.8,7596.66
1108,2024-04-18,8,1169.0,0.9,黄明,钻石,13801320915,豪华手机,佳能,585.0,7,图书音像,武汉仓库-7号,武汉区域,武汉区域,赵经理,年货节,0.6,银行卡,德邦快递,3,1.05,17.0,0.07,8416.8,3736.8,589.18,8854.64
1109,2024-04-19,9,1179.0,0.9500000000000001,周明,普通,13801333260,简约手机,飞利浦,590.0,8,母婴用品,重庆仓库-10号,重庆区域,重庆区域,吴经理,开学季,0.65,信用卡,顺丰速运,4,1.0,23.0,0.09,10080.45,4770.45,907.24,10103.45
1110,2024-04-20,10,1189.0,1.0,吴明,银卡,13801345605,创新手机,松下,595.0,9,汽车用品,郑州仓库-13号,郑州区域,郑州区域,王经理,情人节特惠,0.7,货到付款,圆通快递,5,0.95,29.0,0.11,11890.0,5940.0,1307.9,11324.5
1111,2024-04-21,1,1199.0,0.8,张华,金卡,13801357950,高端电脑,华为,600.0,10,办公文具,北京仓库-1号,北京区域,北京区域,张经理,,,支付宝,顺丰速运,1,0.9,5.0,0.03,959.2,359.2,28.78,868.28
1112,2024-04-22,2,1209.0,0.8500000000000001,李华,钻石,13801370295,精品电脑,苹果,605.0,11,珠宝饰品,深圳仓库-4号,深圳区域,深圳区域,刘经理,国庆特卖,0.8,微信支付,圆通快递,2,1.1,11.0,0.05,2055.3,845.3,102.77,2271.83
1113,2024-04-23,3,1219.0,0.9,王华,普通,13801382640,经典电脑,小米,610.0,12,宠物用品,武汉仓库-7号,武汉区域,武汉区域,赵经理,新品首发,0.85,银行卡,中通快递,3,1.05,17.0,0.07,3291.3,1461.3,230.39,3472.87
1114,2024-04-24,4,1229.0,0.9500000000000001,刘华,银卡,13801394985,时尚电脑,三星,615.0,13,医疗保健,重庆仓库-10号,重庆区域,重庆区域,吴经理,会员专享,0.9,信用卡,韵达快递,4,1.0,23.0,0.09,4670.2,2210.2,420.32,4693.2
1115,2024-04-25,5,1239.0,1.0,陈华,金卡,13801407330,智能电脑,联想,620.0,14,玩具乐器,郑州仓库-13号,郑州区域,郑州区域,王经理,限时秒杀,0.95,货到付款,申通快递,5,0.95,29.0,0.11,6195.0,3095.0,681.45,5914.25
1116,2024-04-26,6,1249.0,0.8,杨华,钻石,13801419675,便携电脑,戴尔,625.0,15,生鲜果蔬,北京仓库-1号,北京区域,北京区域,张经理,,,支付宝,京东物流,1,0.9,5.0,0.03,5995.2,2245.2,179.86,5400.68
1117,2024-04-27,7,1259.0,0.8500000000000001,赵华,普通,13801432020,专业电脑,索尼,630.0,16,箱包皮具,深圳仓库-4号,深圳区域,深圳区域,刘经理,618大促,0.55,微信支付,菜鸟驿站,2,1.1,11.0,0.05,7491.05,3081.05,374.55,8251.16
1118,2024-04-28,8,1269.0,0.9,黄华,银卡,13801444365,豪华电脑,佳能,635.0,17,钟表眼镜,武汉仓库-7号,武汉区域,武汉区域,赵经理,年货节,0.6,银行卡,德邦快递,3,1.05,17.0,0.07,9136.8,4056.8,639.58,9610.64
1119,2024-04-28,9,1279.0,0.9500000000000001,周华,金卡,13801456710,简约电脑,飞利浦,640.0,18,厨房用具,重庆仓库-10号,重庆区域,重庆区域,吴经理,开学季,0.65,信用卡,顺丰速运,4,1.0,23.0,0.09,10935.45,5175.45,984.19,10958.45
1120,2024-04-28,10,1289.0,1.0,吴华,钻石,13801469055,创新电脑,松下,645.0,19,五金工具,郑州仓库-13号,郑州区域,郑州区域,王经理,情人节特惠,0.7,货到付款,圆通快递,5,0.95,29.0,0.11,12890.0,6440.0,1417.9,12274.5
1121,2024-05-01,1,1299.0,0.8,张强,普通,13801481400,高端耳机,华为,650.0,0,数码电子,北京仓库-1号,北京区域,北京区域,张经理,,,支付宝,顺丰速运,1,0.9,5.0,0.03,1039.2,389.2,31.18,940.28
1122,2024-05-02,2,1309.0,0.8500000000000001,李强,银卡,13801493745,精品耳机,苹果,655.0,1,家用电器,深圳仓库-4号,深圳区域,深圳区域,刘经理,618大促,0.55,微信支付,圆通快递,2,1.1,11.0,0.05,2225.3,915.3,111.27,2458.83
1123,2024-05-03,3,1319.0,0.9,王强,金卡,13801506090,经典耳机,小米,660.0,2,服装鞋帽,武汉仓库-7号,武汉区域,武汉区域,赵经理,年货节,0.6,银行卡,中通快递,3,1.05,17.0,0.07,3561.3,1581.3,249.29,3756.37
1124,2024-05-04,4,1329.0,0.9500000000000001,刘强,钻石,13801518435,时尚耳机,三星,665.0,3,食品饮料,重庆仓库-10号,重庆区域,重庆区域,吴经理,开学季,0.65,信用卡,韵达快递,4,1.0,23.0,0.09,5050.2,2390.2,454.52,5073.2
1125,2024-05-05,5,1339.0,1.0,陈强,普通,13801530780,智能耳机,联想,670.0,4,美妆护肤,郑州仓库-13号,郑州区域,郑州区域,王经理,情人节特惠,0.7,货到付款,申通快递,5,0.95,29.0,0.11,6695.0,3345.0,736.45,6389.25
1126,2024-05-06,6,1349.0,0.8,杨强,银卡,13801543125,便携耳机,戴尔,675.0,5,家居日用,北京仓库-1号,北京区域,北京区域,张经理,,,支付宝,京东物流,1,0.9,5.0,0.03,6475.2,2425.2,194.26,5832.68
1127,2024-05-07,7,1359.0,0.8500000000000001,赵强,金卡,13801555470,专业耳机,索尼,680.0,6,运动户外,深圳仓库-4号,深圳区域,深圳区域,刘经理,国庆特卖,0.8,微信支付,菜鸟驿站,2,1.1,11.0,0.05,8086.05,3326.05,404.3,8905.66
1128,2024-05-08,8,1369.0,0.9,黄强,钻石,13801567815,豪华耳机,佳能,685.0,7,图书音像,武汉仓库-7号,武汉区域,武汉区域,赵经理,新品首发,0.85,银行卡,德邦快递,3,1.05,17.0,0.07,9856.8,4376.8,689.98,10366.64
1129,2024-05-09,9,1379.0,0.9500000000000001,周强,普通,13801580160,简约耳机,飞利浦,690.0,8,母婴用品,重庆仓库-10号,重庆区域,重庆区域,吴经理,会员专享,0.9,信用卡,顺丰速运,4,1.0,23.0,0.09,11790.45,5580.45,1061.14,11813.45
1130,2024-05-10,10,1389.0,1.0,吴强,银卡,13801592505,创新耳机,松下,695.0,9,汽车用品,郑州仓库-13号,郑州区域,郑州区域,王经理,限时秒杀,0.95,货到付款,圆通快递,5,0.95,29.0,0.11,13890.0,6940.0,1527.9,13224.5
1131,2024-05-11,1,1399.0,0.8,张伟,金卡,13801604850,高端键盘,华为,700.0,10,办公文具,北京仓库-1号,北京区域,北京区域,张经理,,,支付宝,顺丰速运,1,0.9,5.0,0.03,1119.2,419.2,33.58,1012.28
1132,2024-05-12,2,1409.0,0.8500000000000001,李伟,钻石,13801617195,精品键盘,苹果,705.0,11,珠宝饰品,深圳仓库-4号,深圳区域,深圳区域,刘经理,618大促,0.55,微信支付,圆通快递,2,1.1,11.0,0.05,2395.3,985.3,119.77,2645.83
1133,2024-05-13,3,1419.0,0.9,王伟,普通,13801629540,经典键盘,小米,710.0,12,宠物用品,武汉仓库-7号,武汉区域,武汉区域,赵经理,年货节,0.6,银行卡,中通快递,3,1.05,17.0,0.07,3831.3,1701.3,268.19,4039.87
1134,2024-05-14,4,1429.0,0.9500000000000001,刘伟,银卡,13801641885,时尚键盘,三星,715.0,13,医疗保健,重庆仓库-10号,重庆区域,重庆区域,吴经理,开学季,0.65,信用卡,韵达快递,4,1.0,23.0,0.09,5430.2,2570.2,488.72,5453.2
1135,2024-05-15,5,1439.0,1.0,陈伟,金卡,13801654230,智能键盘,联想,720.0,14,玩具乐器,郑州仓库-13号,郑州区域,郑州区域,王经理,情人节特惠,0.7,货到付款,申通快递,5,0.95,29.0,0.11,7195.0,3595.0,791.45,6864.25
1136,2024-05-16,6,1449.0,0.8,杨伟,钻石,13801666575,便携键盘,戴尔,725.0,15,生鲜果蔬,北京仓库-1号,北京区域,北京区域,张经理,,,支付宝,京东物流,1,0.9,5.0,0.03,6955.2,2605.2,208.66,6264.68
1137,2024-05-17,7,1459.0,0.8500000000000001,赵伟,普通,13801678920,专业键盘,索尼,730.0,16,箱包皮具,深圳仓库-4号,深圳区域,深圳区域,刘经理,618大促,0.55,微信支付,菜鸟驿站,2,1.1,11.0,0.05,8681.05,3571.05,434.05,9560.16
1138,2024-05-18,8,1469.0,0.9,黄伟,银卡,13801691265,豪华键盘,佳能,735.0,17,钟表眼镜,武汉仓库-7号,武汉区域,武汉区域,赵经理,年货节,0.6,银行卡,德邦快递,3,1.05,17.0,0.07,10576.8,4696.8,740.38,11122.64
1139,2024-05-19,9,1479.0,0.9500000000000001,周伟,金卡,13801703610,简约键盘,飞利浦,740.0,18,厨房用具,重庆仓库-10号,重庆区域,重庆区域,吴经理,开学季,0.65,信用卡,顺丰速运,4,1.0,23.0,0.09,12645.45,5985.45,1138.09,12668.45
1140,2024-05-20,10,1489.0,1.0,吴伟,钻石,13801715955,创新键盘,松下,745.0,19,五金工具,郑州仓库-13号,郑州区域,郑州区域,王经理,情人节特惠,0.7,货到付款,圆通快递,5,0.95,29.0,0.11,14890.0,7440.0,1637.9,14174.5
1141,2024-05-21,1,1499.0,0.8,张芳,普通,13801728300,高端显示器,华为,750.0,0,数码电子,北京仓库-1号,北京区域,北京区域,张经理,,,支付宝,顺丰速运,1,0.9,5.0,0.03,1199.2,449.2,35.98,1084.28
1142,2024-05-22,2,1509.0,0.8500000000000001,李芳,银卡,13801740645,精品显示器,苹果,755.0,1,家用电器,深圳仓库-4号,深圳区域,深圳区域,刘经理,国庆特卖,0.8,微信支付,圆通快递,2,1.1,11.0,0.05,2565.3,1055.3,128.27,2832.83
1143,2024-05-23,3,1519.0,0.9,王芳,金卡,13801752990,经典显示器,小米,760.0,2,服装鞋帽,武汉仓库-7号,武汉区域,武汉区域,赵经理,新品首发,0.85,银行卡,中通快递,3,1.05,17.0,0.07,4101.3,1821.3,287.09,4323.37
1144,2024-05-24,4,1529.0,0.9500000000000001,刘芳,钻石,13801765335,时尚显示器,三星,765.0,3,食品饮料,重庆仓库-10号,重庆区域,重庆区域,吴经理,会员专享,0.9,信用卡,韵达快递,4,1.0,23.0,0.09,5810.2,2750.2,522.92,5833.2
1145,2024-05-25,5,1539.0,1.0,陈芳,普通,13801777680,智能显示器,联想,770.0,4,美妆护肤,郑州仓库-13号,郑州区域,郑州区域,王经理,限时秒杀,0.95,货到付款,申通快递,5,0.95,29.0,0.11,7695.0,3845.0,846.45,7339.25
1146,2024-05-26,6,1549.0,0.8,杨芳,银卡,13801790025,便携显示器,戴尔,775.0,5,家居日用,北京仓库-1号,北京区域,北京区域,张经理,,,支付宝,京东物流,1,0.9,5.0,0.03,7435.2,2785.2,223.06,6696.68
1147,2024-05-27,7,1559.0,0.8500000000000001,赵芳,金卡,13801802370,专业显示器,索尼,780.0,6,运动户外,深圳仓库-4号,深圳区域,深圳区域,刘经理,618大促,0.55,微信支付,菜鸟驿站,2,1.1,11.0,0.05,9276.05,3816.05,463.8,10214.66
1148,2024-05-28,8,1569.0,0.9,黄芳,钻石,13801814715,豪华显示器,佳能,785.0,7,图书音像,武汉仓库-7号,武汉区域,武汉区域,赵经理,年货节,0.6,银行卡,德邦快递,3,1.05,17.0,0.07,11296.8,5016.8,790.78,11878.64
1149,2024-05-28,9,1579.0,0.9500000000000001,周芳,普通,13801827060,简约显示器,飞利浦,790.0,8,母婴用品,重庆仓库-10号,重庆区域,重庆区域,吴经理,开学季,0.65,信用卡,顺丰速运,4,1.0,23.0,0.09,13500.45,6390.45,1215.04,13523.45
1150,2024-05-28,10,1589.0,1.0,吴芳,银卡,13801839405,创新显示器,松下,795.0,9,汽车用品,郑州仓库-13号,郑州区域,郑州区域,王经理,情人节特惠,0.7,货到付款,圆通快递,5,0.95,29.0,0.11,15890.0,7940.0,1747.9,15124.5
1151,2024-06-01,1,1599.0,0.8,张娟,金卡,13801851750,高端平板,华为,800.0,10,办公文具,北京仓库-1号,北京区域,北京区域,张经理,,,支付宝,顺丰速运,1,0.9,5.0,0.03,1279.2,479.2,38.38,1156.28
1152,2024-06-02,2,1609.0,0.8500000000000001,李娟,钻石,13801864095,精品平板,苹果,805.0,11,珠宝饰品,深圳仓库-4号,深圳区域,深圳区域,刘经理,618大促,0.55,微信支付,圆通快递,2,1.1,11.0,0.05,2735.3,1125.3,136.77,3019.83
1153,2024-06-03,3,1619.0,0.9,王娟,普通,13801876440,经典平板,小米,810.0,12,宠物用品,武汉仓库-7号,武汉区域,武汉区域,赵经理,年货节,0.6,银行卡,中通快递,3,1.05,17.0,0.07,4371.3,1941.3,305.99,4606.87
1154,2024-06-04,4,1629.0,0.9500000000000001,刘娟,银卡,13801888785,时尚平板,三星,815.0,13,医疗保健,重庆仓库-10号,重庆区域,重庆区域,吴经理,开学季,0.65,信用卡,韵达快递,4,1.0,23.0,0.09,6190.2,2930.2,557.12,6213.2
1155,2024-06-05,5,1639.0,1.0,陈娟,金卡,13801901130,智能平板,联想,820.0,14,玩具乐器,郑州仓库-13号,郑州区域,郑州区域,王经理,情人节特惠,0.7,货到付款,申通快递,5,0.95,29.0,0.11,8195.0,4095.0,901.45,7814.25
1156,2024-06-06,6,1649.0,0.8,杨娟,钻石,13801913475,便携平板,戴尔,825.0,15,生鲜果蔬,北京仓库-1号,北京区域,北京区域,张经理,,,支付宝,京东物流,1,0.9,5.0,0.03,7915.2,2965.2,237.46,7128.68
1157,2024-06-07,7,1659.0,0.8500000000000001,赵娟,普通,13801925820,专业平板,索尼,830.0,16,箱包皮具,深圳仓库-4号,深圳区域,深圳区域,刘经理,国庆特卖,0.8,微信支付,菜鸟驿站,2,1.1,11.0,0.05,9871.05,4061.05,493.55,10869.16
1158,2024-06-08,8,1669.0,0.9,黄娟,银卡,13801938165,豪华平板,佳能,835.0,17,钟表眼镜,武汉仓库-7号,武汉区域,武汉区域,赵经理,新品首发,0.85,银行卡,德邦快递,3,1.05,17.0,0.07,12016.8,5336.8,841.18,12634.64
1159,2024-06-09,9,1679.0,0.9500000000000001,周娟,金卡,13801950510,简约平板,飞利浦,840.0,18,厨房用具,重庆仓库-10号,重庆区域,重庆区域,吴经理,会员专享,0.9,信用卡,顺丰速运,4,1.0,23.0,0.09,14355.45,6795.45,1291.99,14378.45
1160,2024-06-10,10,1689.0,1.0,吴娟,钻石,13801962855,创新平板,松下,845.0,19,五金工具,郑州仓库-13号,郑州区域,郑州区域,王经理,限时秒杀,0.95,货到付款,圆通快递,5,0.95,29.0,0.11,16890.0,8440.0,1857.9,16074.5
1161,2024-06-11,1,1699.0,0.8,张敏,普通,13801975200,高端音箱,华为,850.0,0,数码电子,北京仓库-1号,北京区域,北京区域,张经理,,,支付宝,顺丰速运,1,0.9,5.0,0.03,1359.2,509.2,40.78,1228.28
1162,2024-06-12,2,1709.0,0.8500000000000001,李敏,银卡,13801987545,精品音箱,苹果,855.0,1,家用电器,深圳仓库-4号,深圳区域,深圳区域,刘经理,618大促,0.55,微信支付,圆通快递,2,1.1,11.0,0.05,2905.3,1195.3,145.27,3206.83
1163,2024-06-13,3,1719.0,0.9,王敏,金卡,13801999890,经典音箱,小米,860.0,2,服装鞋帽,武汉仓库-7号,武汉区域,武汉区域,赵经理,年货节,0.6,银行卡,中通快递,3,1.05,17.0,0.07,4641.3,2061.3,324.89,4890.37
1164,2024-06-14,4,1729.0,0.9500000000000001,刘敏,钻石,13802012235,时尚音箱,三星,865.0,3,食品饮料,重庆仓库-10号,重庆区域,重庆区域,吴经理,开学季,0.65,信用卡,韵达快递,4,1.0,23.0,0.09,6570.2,3110.2,591.32,6593.2
1165,2024-06-15,5,1739.0,1.0,陈敏,普通,13802024580,智能音箱,联想,870.0,4,美妆护肤,郑州仓库-13号,郑州区域,郑州区域,王经理,情人节特惠,0.7,货到付款,申通快递,5,0.95,29.0,0.11,8695.0,4345.0,956.45,8289.25
1166,2024-06-16,6,1749.0,0.8,杨敏,银卡,13802036925,便携音箱,戴尔,875.0,5,家居日用,北京仓库-1号,北京区域,北京区域,张经理,,,支付宝,京东物流,1,0.9,5.0,0.03,8395.2,3145.2,251.86,7560.68
1167,2024-06-17,7,1759.0,0.8500000000000001,赵敏,金卡,13802049270,专业音箱,索尼,880.0,6,运动户外,深圳仓库-4号,深圳区域,深圳区域,刘经理,618大促,0.55,微信支付,菜鸟驿站,2,1.1,11.0,0.05,10466.05,4306.05,523.3,11523.66
1168,2024-06-18,8,1769.0,0.9,黄敏,钻石,13802061615,豪华音箱,佳能,885.0,7,图书音像,武汉仓库-7号,武汉区域,武汉区域,赵经理,年货节,0.6,银行卡,德邦快递,3,1.05,17.0,0.07,12736.8,5656.8,891.58,13390.64
1169,2024-06-19,9,1779.0,0.9500000000000001,周敏,普通,13802073960,简约音箱,飞利浦,890.0,8,母婴用品,重庆仓库-10号,重庆区域,重庆区域,吴经理,开学季,0.65,信用卡,顺丰速运,4,1.0,23.0,0.09,15210.45,7200.45,1368.94,15233.45
1170,2024-06-20,10,1789.0,1.0,吴敏,银卡,13802086305,创新音箱,松下,895.0,9,汽车用品,郑州仓库-13号,郑州区域,郑州区域,王经理,情人节特惠,0.7,货到付款,圆通快递,5,0.95,29.0,0.11,17890.0,8940.0,1967.9,17024.5
1171,2024-06-21,1,1799.0,0.8,张静,金卡,13802098650,高端手表,华为,900.0,10,办公文具,北京仓库-1号,北京区域,北京区域,张经理,,,支付宝,顺丰速运,1,0.9,5.0,0.03,1439.2,539.2,43.18,1300.28
1172,2024-06-22,2,1809.0,0.8500000000000001,李静,钻石,13802110995,精品手表,苹果,905.0,11,珠宝饰品,深圳仓库-4号,深圳区域,深圳区域,刘经理,国庆特卖,0.8,微信支付,圆通快递,2,1.1,11.0,0.05,3075.3,1265.3,153.77,3393.83
1173,2024-06-23,3,1819.0,0.9,王静,普通,13802123340,经典手表,小米,910.0,12,宠物用品,武汉仓库-7号,武汉区域,武汉区域,赵经理,新品首发,0.85,银行卡,中通快递,3,1.05,17.0,0.07,4911.3,2181.3,343.79,5173.87
1174,2024-06-24,4,1829.0,0.9500000000000001,刘静,银卡,13802135685,时尚手表,三星,915.0,13,医疗保健,重庆仓库-10号,重庆区域,重庆区域,吴经理,会员专享,0.9,信用卡,韵达快递,4,1.0,23.0,0.09,6950.2,3290.2,625.52,6973.2
1175,2024-06-25,5,1839.0,1.0,陈静,金卡,13802148030,智能手表,联想,920.0,14,玩具乐器,郑州仓库-13号,郑州区域,郑州区域,王经理,限时秒杀,0.95,货到付款,申通快递,5,0.95,29.0,0.11,9195.0,4595.0,1011.45,8764.25
1176,2024-06-26,6,1849.0,0.8,杨静,钻石,13802160375,便携手表,戴尔,925.0,15,生鲜果蔬,北京仓库-1号,北京区域,北京区域,张经理,,,支付宝,京东物流,1,0.9,5.0,0.03,8875.2,3325.2,266.26,7992.68
1177,2024-06-27,7,1859.0,0.8500000000000001,赵静,普通,13802172720,专业手表,索尼,930.0,16,箱包皮具,深圳仓库-4号,深圳区域,深圳区域,刘经理,618大促,0.55,微信支付,菜鸟驿站,2,1.1,11.0,0.05,11061.05,4551.05,553.05,12178.16
1178,2024-06-28,8,1869.0,0.9,黄静,银卡,13802185065,豪华手表,佳能,935.0,17,钟表眼镜,武汉仓库-7号,武汉区域,武汉区域,赵经理,年货节,0.6,银行卡,德邦快递,3,1.05,17.0,0.07,13456.8,5976.8,941.98,14146.64
1179,2024-06-28,9,1879.0,0.9500000000000001,周静,金卡,13802197410,简约手表,飞利浦,940.0,18,厨房用具,重庆仓库-10号,重庆区域,重庆区域,吴经理,开学季,0.65,信用卡,顺丰速运,4,1.0,23.0,0.09,16065.45,7605.45,1445.89,16088.45
1180,2024-06-28,10,1889.0,1.0,吴静,钻石,13802209755,创新手表,松下,945.0,19,五金工具,郑州仓库-13号,郑州区域,郑州区域,王经理,情人节特惠,0.7,货到付款,圆通快递,5,0.95,29.0,0.11,18890.0,9440.0,2077.9,17974.5
1181,2024-07-01,1,1899.0,0.8,张丽,普通,13802222100,高端相机,华为,950.0,0,数码电子,北京仓库-1号,北京区域,北京区域,张经理,,,支付宝,顺丰速运,1,0.9,5.0,0.03,1519.2,569.2,45.58,1372.28
1182,2024-07-02,2,1909.0,0.8500000000000001,李丽,银卡,13802234445,精品相机,苹果,955.0,1,家用电器,深圳仓库-4号,深圳区域,深圳区域,刘经理,618大促,0.55,微信支付,圆通快递,2,1.1,11.0,0.05,3245.3,1335.3,162.27,3580.83
1183,2024-07-03,3,1919.0,0.9,王丽,金卡,13802246790,经典相机,小米,960.0,2,服装鞋帽,武汉仓库-7号,武汉区域,武汉区域,赵经理,年货节,0.6,银行卡,中通快递,3,1.05,17.0,0.07,5181.3,2301.3,362.69,5457.37
1184,2024-07-04,4,1929.0,0.9500000000000001,刘丽,钻石,13802259135,时尚相机,三星,965.0,3,食品饮料,重庆仓库-10号,重庆区域,重庆区域,吴经理,开学季,0.65,信用卡,韵达快递,4,1.0,23.0,0.09,7330.2,3470.2,659.72,7353.2
1185,2024-07-05,5,1939.0,1.0,陈丽,普通,13802271480,智能相机,联想,970.0,4,美妆护肤,郑州仓库-13号,郑州区域,郑州区域,王经理,情人节特惠,0.7,货到付款,申通快递,5,0.95,29.0,0.11,9695.0,4845.0,1066.45,9239.25
1186,2024-07-06,6,1949.0,0.8,杨丽,银卡,13802283825,便携相机,戴尔,975.0,5,家居日用,北京仓库-1号,北京区域,北京区域,张经理,,,支付宝,京东物流,1,0.9,5.0,0.03,9355.2,3505.2,280.66,8424.68
1187,2024-07-07,7,1959.0,0.8500000000000001,赵丽,金卡,13802296170,专业相机,索尼,980.0,6,运动户外,深圳仓库-4号,深圳区域,深圳区域,刘经理,国庆特卖,0.8,微信支付,菜鸟驿站,2,1.1,11.0,0.05,11656.05,4796.05,582.8,12832.66
1188,2024-07-08,8,1969.0,0.9,黄丽,钻石,13802308515,豪华相机,佳能,985.0,7,图书音像,武汉仓库-7号,武汉区域,武汉区域,赵经理,新品首发,0.85,银行卡,德邦快递,3,1.05,17.0,0.07,14176.8,6296.8,992.38,14902.64
1189,2024-07-09,9,1979.0,0.9500000000000001,周丽,普通,13802320860,简约相机,飞利浦,990.0,8,母婴用品,重庆仓库-10号,重庆区域,重庆区域,吴经理,会员专享,0.9,信用卡,顺丰速运,4,1.0,23.0,0.09,16920.45,8010.45,1522.84,16943.45
1190,2024-07-10,10,1989.0,1.0,吴丽,银卡,13802333205,创新相机,松下,995.0,9,汽车用品,郑州仓库-13号,郑州区域,郑州区域,王经理,限时秒杀,0.95,货到付款,圆通快递,5,0.95,29.0,0.11,19890.0,9940.0,2187.9,18924.5
1191,2024-07-11,1,1999.0,0.8,张勇,金卡,13802345550,高端充电器,华为,1000.0,10,办公文具,北京仓库-1号,北京区域,北京区域,张经理,,,支付宝,顺丰速运,1,0.9,5.0,0.03,1599.2,599.2,47.98,1444.28
1192,2024-07-12,2,2009.0,0.8500000000000001,李勇,钻石,13802357895,精品充电器,苹果,1005.0,11,珠宝饰品,深圳仓库-4号,深圳区域,深圳区域,刘经理,618大促,0.55,微信支付,圆通快递,2,1.1,11.0,0.05,3415.3,1405.3,170.77,3767.83
1193,2024-07-13,3,2019.0,0.9,王勇,普通,13802370240,经典充电器,小米,1010.0,12,宠物用品,武汉仓库-7号,武汉区域,武汉区域,赵经理,年货节,0.6,银行卡,中通快递,3,1.05,17.0,0.07,5451.3,2421.3,381.59,5740.87
1194,2024-07-14,4,2029.0,0.9500000000000001,刘勇,银卡,13802382585,时尚充电器,三星,1015.0,13,医疗保健,重庆仓库-10号,重庆区域,重庆区域,吴经理,开学季,0.65,信用卡,韵达快递,4,1.0,23.0,0.09,7710.2,3650.2,693.92,7733.2
1195,2024-07-15,5,2039.0,1.0,陈勇,金卡,13802394930,智能充电器,联想,1020.0,14,玩具乐器,郑州仓库-13号,郑州区域,郑州区域,王经理,情人节特惠,0.7,货到付款,申通快递,5,0.95,29.0,0.11,10195.0,5095.0,1121.45,9714.25
1196,2024-07-16,6,2049.0,0.8,杨勇,钻石,13802407275,便携充电器,戴尔,1025.0,15,生鲜果蔬,北京仓库-1号,北京区域,北京区域,张经理,,,支付宝,京东物流,1,0.9,5.0,0.03,9835.2,3685.2,295.06,8856.68
1197,2024-07-17,7,2059.0,0.8500000000000001,赵勇,普通,13802419620,专业充电器,索尼,1030.0,16,箱包皮具,深圳仓库-4号,深圳区域,深圳区域,刘经理,618大促,0.55,微信支付,菜鸟驿站,2,1.1,11.0,0.05,12251.05,5041.05,612.55,13487.16
1198,2024-07-18,8,2069.0,0.9,黄勇,银卡,13802431965,豪华充电器,佳能,1035.0,17,钟表眼镜,武汉仓库-7号,武汉区域,武汉区域,赵经理,年货节,0.6,银行卡,德邦快递,3,1.05,17.0,0.07,14896.8,6616.8,1042.78,15658.64
1199,2024-07-19,9,2079.0,0.9500000000000001,周勇,金卡,13802444310,简约充电器,飞利浦,1040.0,18,厨房用具,重庆仓库-10号,重庆区域,重庆区域,吴经理,开学季,0.65,信用卡,顺丰速运,4,1.0,23.0,0.09,17775.45,8415.45,1599.79,17798.45
1200,2024-07-20,10,2089.0,1.0,吴勇,钻石,13802456655,创新充电器,松下,1045.0,19,五金工具,郑州仓库-13号,郑州区域,郑州区域,王经理,情人节特惠,0.7,货到付款,圆通快递,5,0.95,29.0,0.11,20890.0,10440.0,2297.9,19874.5
1201,2024-07-21,1,99.0,0.8,张明,普通,13802469000,高端手机,华为,50.0,0,数码电子,北京仓库-1号,北京区域,北京区域,张经理,,,支付宝,顺丰速运,1,0.9,5.0,0.03,79.2,29.2,2.38,76.28
1202,2024-07-22,2,109.0,0.8500000000000001,李明,银卡,13802481345,精品手机,苹果,55.0,1,家用电器,深圳仓库-4号,深圳区域,深圳区域,刘经理,国庆特卖,0.8,微信支付,圆通快递,2,1.1,11.0,0.05,185.3,75.3,9.27,214.83
1203,2024-07-23,3,119.0,0.9,王明,金卡,13802493690,经典手机,小米,60.0,2,服装鞋帽,武汉仓库-7号,武汉区域,武汉区域,赵经理,新品首发,0.85,银行卡,中通快递,3,1.05,17.0,0.07,321.3,141.3,22.49,354.37
1204,2024-07-24,4,129.0,0.9500000000000001,刘明,钻石,13802506035,时尚手机,三星,65.0,3,食品饮料,重庆仓库-10号,重庆区域,重庆区域,吴经理,会员专享,0.9,信用卡,韵达快递,4,1.0,23.0,0.09,490.2,230.2,44.12,513.2
1205,2024-07-25,5,139.0,1.0,陈明,普通,13802518380,智能手机,联想,70.0,4,美妆护肤,郑州仓库-13号,郑州区域,郑州区域,王经理,限时秒杀,0.95,货到付款,申通快递,5,0.95,29.0,0.11,695.0,345.0,76.45,689.25
1206,2024-07-26,6,149.0,0.8,杨明,银卡,13802530725,便携手机,戴尔,75.0,5,家居日用,北京仓库-1号,北京区域,北京区域,张经理,,,支付宝,京东物流,1,0.9,5.0,0.03,715.2,265.2,21.46,648.68
1207,2024-07-27,7,159.0,0.8500000000000001,赵明,金卡,13802543070,专业手机,索尼,80.0,6,运动户外,深圳仓库-4号,深圳区域,深圳区域,刘经理,618大促,0.55,微信支付,菜鸟驿站,2,1.1,11.0,0.05,946.05,386.05,47.3,1051.65
1208,2024-07-28,8,169.0,0.9,黄明,钻石,13802555415,豪华手机,佳能,85.0,7,图书音像,武汉仓库-7号,武汉区域,武汉区域,赵经理,年货节,0.6,银行卡,德邦快递,3,1.05,17.0,0.07,1216.8,536.8,85.18,1294.64
1209,2024-07-28,9,179.0,0.9500000000000001,周明,普通,13802567760,简约手机,飞利浦,90.0,8,母婴用品,重庆仓库-10号,重庆区域,重庆区域,吴经理,开学季,0.65,信用卡,顺丰速运,4,1.0,23.0,0.09,1530.45,720.45,137.74,1553.45
1210,2024-07-28,10,189.0,1.0,吴明,银卡,13802580105,创新手机,松下,95.0,9,汽车用品,郑州仓库-13号,郑州区域,郑州区域,王经理,情人节特惠,0.7,货到付款,圆通快递,5,0.95,29.0,0.11,1890.0,940.0,207.9,1824.5
1211,2024-08-01,1,199.0,0.8,张华,金卡,13802592450,高端电脑,华为,100.0,10,办公文具,北京仓库-1号,北京区域,北京区域,张经理,,,支付宝,顺丰速运,1,0.9,5.0,0.03,159.2,59.2,4.78,148.28
1212,2024-08-02,2,209.0,0.8500000000000001,李华,钻石,13802604795,精品电脑,苹果,105.0,11,珠宝饰品,深圳仓库-4号,深圳区域,深圳区域,刘经理,618大促,0.55,微信支付,圆通快递,2,1.1,11.0,0.05,355.3,145.3,17.77,401.83
1213,2024-08-03,3,219.0,0.9,王华,普通,13802617140,经典电脑,小米,110.0,12,宠物用品,武汉仓库-7号,武汉区域,武汉区域,赵经理,年货节,0.6,银行卡,中通快递,3,1.05,17.0,0.07,591.3,261.3,41.39,637.87
1214,2024-08-04,4,229.0,0.9500000000000001,刘华,银卡,13802629485,时尚电脑,三星,115.0,13,医疗保健,重庆仓库-10号,重庆区域,重庆区域,吴经理,开学季,0.65,信用卡,韵达快递,4,1.0,23.0,0.09,870.2,410.2,78.32,893.2
1215,2024-08-05,5,239.0,1.0,陈华,金卡,13802641830,智能电脑,联想,120.0,14,玩具乐器,郑州仓库-13号,郑州区域,郑州区域,王经理,情人节特惠,0.7,货到付款,申通快递,5,0.95,29.0,0.11,1195.0,595.0,131.45,1164.25
1216,2024-08-06,6,249.0,0.8,杨华,钻石,13802654175,便携电脑,戴尔,125.0,15,生鲜果蔬,北京仓库-1号,北京区域,北京区域,张经理,,,支付宝,京东物流,1,0.9,5.0,0.03,1195.2,445.2,35.86,1080.68
1217,2024-08-07,7,259.0,0.8500000000000001,赵华,普通,13802666520,专业电脑,索尼,130.0,16,箱包皮具,深圳仓库-4号,深圳区域,深圳区域,刘经理,国庆特卖,0.8,微信支付,菜鸟驿站,2,1.1,11.0,0.05,1541.05,631.05,77.05,1706.16
1218,2024-08-08,8,269.0,0.9,黄华,银卡,13802678865,豪华电脑,佳能,135.0,17,钟表眼镜,武汉仓库-7号,武汉区域,武汉区域,赵经理,新品首发,0.85,银行卡,德邦快递,3,1.05,17.0,0.07,1936.8,856.8,135.58,2050.64
1219,2024-08-09,9,279.0,0.9500000000000001,周华,金卡,13802691210,简约电脑,飞利浦,140.0,18,厨房用具,重庆仓库-10号,重庆区域,重庆区域,吴经理,会员专享,0.9,信用卡,顺丰速运,4,1.0,23.0,0.09,2385.45,1125.45,214.69,2408.45
1220,2024-08-10,10,289.0,1.0,吴华,钻石,13802703555,创新电脑,松下,145.0,19,五金工具,郑州仓库-13号,郑州区域,郑州区域,王经理,限时秒杀,0.95,货到付款,圆通快递,5,0.95,29.0,0.11,2890.0,1440.0,317.9,2774.5
1221,2024-08-11,1,299.0,0.8,张强,普通,13802715900,高端耳机,华为,150.0,0,数码电子,北京仓库-1号,北京区域,北京区域,张经理,,,支付宝,顺丰速运,1,0.9,5.0,0.03,239.2,89.2,7.18,220.28
1222,2024-08-12,2,309.0,0.8500000000000001,李强,银卡,13802728245,精品耳机,苹果,155.0,1,家用电器,深圳仓库-4号,深圳区域,深圳区域,刘经理,618大促,0.55,微信支付,圆通快递,2,1.1,11.0,0.05,525.3,215.3,26.27,588.83
1223,2024-08-13,3,319.0,0.9,王强,金卡,13802740590,经典耳机,小米,160.0,2,服装鞋帽,武汉仓库-7号,武汉区域,武汉区域,赵经理,年货节,0.6,银行卡,中通快递,3,1.05,17.0,0.07,861.3,381.3,60.29,921.37
1224,2024-08-14,4,329.0,0.9500000000000001,刘强,钻石,13802752935,时尚耳机,三星,165.0,3,食品饮料,重庆仓库-10号,重庆区域,重庆区域,吴经理,开学季,0.65,信用卡,韵达快递,4,1.0,23.0,0.09,1250.2,590.2,112.52,1273.2
1225,2024-08-15,5,339.0,1.0,陈强,普通,13802765280,智能耳机,联想,170.0,4,美妆护肤,郑州仓库-13号,郑州区域,郑州区域,王经理,情人节特惠,0.7,货到付款,申通快递,5,0.95,29.0,0.11,1695.0,845.0,186.45,1639.25
1226,2024-08-16,6,349.0,0.8,杨强,银卡,13802777625,便携耳机,戴尔,175.0,5,家居日用,北京仓库-1号,北京区域,北京区域,张经理,,,支付宝,京东物流,1,0.9,5.0,0.03,1675.2,625.2,50.26,1512.68
1227,2024-08-17,7,359.0,0.8500000000000001,赵强,金卡,13802789970,专业耳机,索尼,180.0,6,运动户外,深圳仓库-4号,深圳区域,深圳区域,刘经理,618大促,0.55,微信支付,菜鸟驿站,2,1.1,11.0,0.05,2136.05,876.05,106.8,2360.66
1228,2024-08-18,8,369.0,0.9,黄强,钻石,13802802315,豪华耳机,佳能,185.0,7,图书音像,武汉仓库-7号,武汉区域,武汉区域,赵经理,年货节,0.6,银行卡,德邦快递,3,1.05,17.0,0.07,2656.8,1176.8,185.98,2806.64
1229,2024-08-19,9,379.0,0.9500000000000001,周强,普通,13802814660,简约耳机,飞利浦,190.0,8,母婴用品,重庆仓库-10号,重庆区域,重庆区域,吴经理,开学季,0.65,信用卡,顺丰速运,4,1.0,23.0,0.09,3240.45,1530.45,291.64,3263.45
1230,2024-08-20,10,389.0,1.0,吴强,银卡,13802827005,创新耳机,松下,195.0,9,汽车用品,郑州仓库-13号,郑州区域,郑州区域,王经理,情人节特惠,0.7,货到付款,圆通快递,5,0.95,29.0,0.11,3890.0,1940.0,427.9,3724.5
1231,2024-08-21,1,399.0,0.8,张伟,金卡,13802839350,高端键盘,华为,200.0,10,办公文具,北京仓库-1号,北京区域,北京区域,张经理,,,支付宝,顺丰速运,1,0.9,5.0,0.03,319.2,119.2,9.58,292.28
1232,2024-08-22,2,409.0,0.8500000000000001,李伟,钻石,13802851695,精品键盘,苹果,205.0,11,珠宝饰品,深圳仓库-4号,深圳区域,深圳区域,刘经理,国庆特卖,0.8,微信支付,圆通快递,2,1.1,11.0,0.05,695.3,285.3,34.77,775.83
1233,2024-08-23,3,419.0,0.9,王伟,普通,13802864040,经典键盘,小米,210.0,12,宠物用品,武汉仓库-7号,武汉区域,武汉区域,赵经理,新品首发,0.85,银行卡,中通快递,3,1.05,17.0,0.07,1131.3,501.3,79.19,1204.87
1234,2024-08-24,4,429.0,0.9500000000000001,刘伟,银卡,13802876385,时尚键盘,三星,215.0,13,医疗保健,重庆仓库-10号,重庆区域,重庆区域,吴经理,会员专享,0.9,信用卡,韵达快递,4,1.0,23.0,0.09,1630.2,770.2,146.72,1653.2
1235,2024-08-25,5,439.0,1.0,陈伟,金卡,13802888730,智能键盘,联想,220.0,14,玩具乐器,郑州仓库-13号,郑州区域,郑州区域,王经理,限时秒杀,0.95,货到付款,申通快递,5,0.95,29.0,0.11,2195.0,1095.0,241.45,2114.25
1236,2024-08-26,6,449.0,0.8,杨伟,钻石,13802901075,便携键盘,戴尔,225.0,15,生鲜果蔬,北京仓库-1号,北京区域,北京区域,张经理,,,支付宝,京东物流,1,0.9,5.0,0.03,2155.2,805.2,64.66,1944.68
1237,2024-08-27,7,459.0,0.8500000000000001,赵伟,普通,13802913420,专业键盘,索尼,230.0,16,箱包皮具,深圳仓库-4号,深圳区域,深圳区域,刘经理,618大促,0.55,微信支付,菜鸟驿站,2,1.1,11.0,0.05,2731.05,1121.05,136.55,3015.16
1238,2024-08-28,8,469.0,0.9,黄伟,银卡,13802925765,豪华键盘,佳能,235.0,17,钟表眼镜,武汉仓库-7号,武汉区域,武汉区域,赵经理,年货节,0.6,银行卡,德邦快递,3,1.05,17.0,0.07,3376.8,1496.8,236.38,3562.64
1239,2024-08-28,9,479.0,0.9500000000000001,周伟,金卡,13802938110,简约键盘,飞利浦,240.0,18,厨房用具,重庆仓库-10号,重庆区域,重庆区域,吴经理,开学季,0.65,信用卡,顺丰速运,4,1.0,23.0,0.09,4095.45,1935.45,368.59,4118.45
1240,2024-08-28,10,489.0,1.0,吴伟,钻石,13802950455,创新键盘,松下,245.0,19,五金工具,郑州仓库-13号,郑州区域,郑州区域,王经理,情人节特惠,0.7,货到付款,圆通快递,5,0.95,29.0,0.11,4890.0,2440.0,537.9,4674.5
1241,2024-09-01,1,499.0,0.8,张芳,普通,13802962800,高端显示器,华为,250.0,0,数码电子,北京仓库-1号,北京区域,北京区域,张经理,,,支付宝,顺丰速运,1,0.9,5.0,0.03,399.2,149.2,11.98,364.28
1242,2024-09-02,2,509.0,0.8500000000000001,李芳,银卡,13802975145,精品显示器,苹果,255.0,1,家用电器,深圳仓库-4号,深圳区域,深圳区域,刘经理,618大促,0.55,微信支付,圆通快递,2,1.1,11.0,0.05,865.3,355.3,43.27,962.83
1243,2024-09-03,3,519.0,0.9,王芳,金卡,13802987490,经典显示器,小米,260.0,2,服装鞋帽,武汉仓库-7号,武汉区域,武汉区域,赵经理,年货节,0.6,银行卡,中通快递,3,1.05,17.0,0.07,1401.3,621.3,98.09,1488.37
1244,2024-09-04,4,529.0,0.9500000000000001,刘芳,钻石,13802999835,时尚显示器,三星,265.0,3,食品饮料,重庆仓库-10号,重庆区域,重庆区域,吴经理,开学季,0.65,信用卡,韵达快递,4,1.0,23.0,0.09,2010.2,950.2,180.92,2033.2
1245,2024-09-05,5,539.0,1.0,陈芳,普通,13803012180,智能显示器,联想,270.0,4,美妆护肤,郑州仓库-13号,郑州区域,郑州区域,王经理,情人节特惠,0.7,货到付款,申通快递,5,0.95,29.0,0.11,2695.0,1345.0,296.45,2589.25
1246,2024-09-06,6,549.0,0.8,杨芳,银卡,13803024525,便携显示器,戴尔,275.0,5,家居日用,北京仓库-1号,北京区域,北京区域,张经理,,,支付宝,京东物流,1,0.9,5.0,0.03,2635.2,985.2,79.06,2376.68
1247,2024-09-07,7,559.0,0.8500000000000001,赵芳,金卡,13803036870,专业显示器,索尼,280.0,6,运动户外,深圳仓库-4号,深圳区域,深圳区域,刘经理,国庆特卖,0.8,微信支付,菜鸟驿站,2,1.1,11.0,0.05,3326.05,1366.05,166.3,3669.66
1248,2024-09-08,8,569.0,0.9,黄芳,钻石,13803049215,豪华显示器,佳能,285.0,7,图书音像,武汉仓库-7号,武汉区域,武汉区域,赵经理,新品首发,0.85,银行卡,德邦快递,3,1.05,17.0,0.07,4096.8,1816.8,286.78,4318.64
1249,2024-09-09,9,579.0,0.9500000000000001,周芳,普通,13803061560,简约显示器,飞利浦,290.0,8,母婴用品,重庆仓库-10号,重庆区域,重庆区域,吴经理,会员专享,0.9,信用卡,顺丰速运,4,1.0,23.0,0.09,4950.45,2340.45,445.54,4973.45
1250,2024-09-10,10,589.0,1.0,吴芳,银卡,13803073905,创新显示器,松下,295.0,9,汽车用品,郑州仓库-13号,郑州区域,郑州区域,王经理,限时秒杀,0.95,货到付款,圆通快递,5,0.95,29.0,0.11,5890.0,2940.0,647.9,5624.5
1251,2024-09-11,1,599.0,0.8,张娟,金卡,13803086250,高端平板,华为,300.0,10,办公文具,北京仓库-1号,北京区域,北京区域,张经理,,,支付宝,顺丰速运,1,0.9,5.0,0.03,479.2,179.2,14.38,436.28
1252,2024-09-12,2,609.0,0.8500000000000001,李娟,钻石,13803098595,精品平板,苹果,305.0,11,珠宝饰品,深圳仓库-4号,深圳区域,深圳区域,刘经理,618大促,0.55,微信支付,圆通快递,2,1.1,11.0,0.05,1035.3,425.3,51.77,1149.83
1253,2024-09-13,3,619.0,0.9,王娟,普通,13803110940,经典平板,小米,310.0,12,宠物用品,武汉仓库-7号,武汉区域,武汉区域,赵经理,年货节,0.6,银行卡,中通快递,3,1.05,17.0,0.07,1671.3,741.3,116.99,1771.87
1254,2024-09-14,4,629.0,0.9500000000000001,刘娟,银卡,13803123285,时尚平板,三星,315.0,13,医疗保健,重庆仓库-10号,重庆区域,重庆区域,吴经理,开学季,0.65,信用卡,韵达快递,4,1.0,23.0,0.09,2390.2,1130.2,215.12,2413.2
1255,2024-09-15,5,639.0,1.0,陈娟,金卡,13803135630,智能平板,联想,320.0,14,玩具乐器,郑州仓库-13号,郑州区域,郑州区域,王经理,情人节特惠,0.7,货到付款,申通快递,5,0.95,29.0,0.11,3195.0,1595.0,351.45,3064.25
1256,2024-09-16,6,649.0,0.8,杨娟,钻石,13803147975,便携平板,戴尔,325.0,15,生鲜果蔬,北京仓库-1号,北京区域,北京区域,张经理,,,支付宝,京东物流,1,0.9,5.0,0.03,3115.2,1165.2,93.46,2808.68
1257,2024-09-17,7,659.0,0.8500000000000001,赵娟,普通,13803160320,专业平板,索尼,330.0,16,箱包皮具,深圳仓库-4号,深圳区域,深圳区域,刘经理,618大促,0.55,微信支付,菜鸟驿站,2,1.1,11.0,0.05,3921.05,1611.05,196.05,4324.16
1258,2024-09-18,8,669.0,0.9,黄娟,银卡,13803172665,豪华平板,佳能,335.0,17,钟表眼镜,武汉仓库-7号,武汉区域,武汉区域,赵经理,年货节,0.6,银行卡,德邦快递,3,1.05,17.0,0.07,4816.8,2136.8,337.18,5074.64
1259,2024-09-19,9,679.0,0.9500000000000001,周娟,金卡,13803185010,简约平板,飞利浦,340.0,18,厨房用具,重庆仓库-10号,重庆区域,重庆区域,吴经理,开学季,0.65,信用卡,顺丰速运,4,1.0,23.0,0.09,5805.45,2745.45,522.49,5828.45
1260,2024-09-20,10,689.0,1.0,吴娟,钻石,13803197355,创新平板,松下,345.0,19,五金工具,郑州仓库-13号,郑州区域,郑州区域,王经理,情人节特惠,0.7,货到付款,圆通快递,5,0.95,29.0,0.11,6890.0,3440.0,757.9,6574.5
1261,2024-09-21,1,699.0,0.8,张敏,普通,13803209700,高端音箱,华为,350.0,0,数码电子,北京仓库-1号,北京区域,北京区域,张经理,,,支付宝,顺丰速运,1,0.9,5.0,0.03,559.2,209.2,16.78,508.28
1262,2024-09-22,2,709.0,0.8500000000000001,李敏,银卡,13803222045,精品音箱,苹果,355.0,1,家用电器,深圳仓库-4号,深圳区域,深圳区域,刘经理,国庆特卖,0.8,微信支付,圆通快递,2,1.1,11.0,0.05,1205.3,495.3,60.27,1336.83
1263,2024-09-23,3,719.0,0.9,王敏,金卡,13803234390,经典音箱,小米,360.0,2,服装鞋帽,武汉仓库-7号,武汉区域,武汉区域,赵经理,新品首发,0.85,银行卡,中通快递,3,1.05,17.0,0.07,1941.3,861.3,135.89,2055.36
1264,2024-09-24,4,729.0,0.9500000000000001,刘敏,钻石,13803246735,时尚音箱,三星,365.0,3,食品饮料,重庆仓库-10号,重庆区域,重庆区域,吴经理,会员专享,0.9,信用卡,韵达快递,4,1.0,23.0,0.09,2770.2,1310.2,249.32,2793.2
1265,2024-09-25,5,739.0,1.0,陈敏,普通,13803259080,智能音箱,联想,370.0,4,美妆护肤,郑州仓库-13号,郑州区域,郑州区域,王经理,限时秒杀,0.95,货到付款,申通快递,5,0.95,29.0,0.11,3695.0,1845.0,406.45,3539.25
1266,2024-09-26,6,749.0,0.8,杨敏,银卡,13803271425,便携音箱,戴尔,375.0,5,家居日用,北京仓库-1号,北京区域,北京区域,张经理,,,支付宝,京东物流,1,0.9,5.0,0.03,3595.2,1345.2,107.86,3240.68
1267,2024-09-27,7,759.0,0.8500000000000001,赵敏,金卡,13803283770,专业音箱,索尼,380.0,6,运动户外,深圳仓库-4号,深圳区域,深圳区域,刘经理,618大促,0.55,微信支付,菜鸟驿站,2,1.1,11.0,0.05,4516.05,1856.05,225.8,4978.66
1268,2024-09-28,8,769.0,0.9,黄敏,钻石,13803296115,豪华音箱,佳能,385.0,7,图书音像,武汉仓库-7号,武汉区域,武汉区域,赵经理,年货节,0.6,银行卡,德邦快递,3,1.05,17.0,0.07,5536.8,2456.8,387.58,5830.64
1269,2024-09-28,9,779.0,0.9500000000000001,周敏,普通,13803308460,简约音箱,飞利浦,390.0,8,母婴用品,重庆仓库-10号,重庆区域,重庆区域,吴经理,开学季,0.65,信用卡,顺丰速运,4,1.0,23.0,0.09,6660.45,3150.45,599.44,6683.45
1270,2024-09-28,10,789.0,1.0,吴敏,银卡,13803320805,创新音箱,松下,395.0,9,汽车用品,郑州仓库-13号,郑州区域,郑州区域,王经理,情人节特惠,0.7,货到付款,圆通快递,5,0.95,29.0,0.11,7890.0,3940.0,867.9,7524.5
1271,2024-10-01,1,799.0,0.8,张静,金卡,13803333150,高端手表,华为,400.0,10,办公文具,北京仓库-1号,北京区域,北京区域,张经理,,,支付宝,顺丰速运,1,0.9,5.0,0.03,639.2,239.2,19.18,580.28
1272,2024-10-02,2,809.0,0.8500000000000001,李静,钻石,13803345495,精品手表,苹果,405.0,11,珠宝饰品,深圳仓库-4号,深圳区域,深圳区域,刘经理,618大促,0.55,微信支付,圆通快递,2,1.1,11.0,0.05,1375.3,565.3,68.77,1523.83
1273,2024-10-03,3,819.0,0.9,王静,普通,13803357840,经典手表,小米,410.0,12,宠物用品,武汉仓库-7号,武汉区域,武汉区域,赵经理,年货节,0.6,银行卡,中通快递,3,1.05,17.0,0.07,2211.3,981.3,154.79,2338.87
1274,2024-10-04,4,829.0,0.9500000000000001,刘静,银卡,13803370185,时尚手表,三星,415.0,13,医疗保健,重庆仓库-10号,重庆区域,重庆区域,吴经理,开学季,0.65,信用卡,韵达快递,4,1.0,23.0,0.09,3150.2,1490.2,283.52,3173.2
1275,2024-10-05,5,839.0,1.0,陈静,金卡,13803382530,智能手表,联想,420.0,14,玩具乐器,郑州仓库-13号,郑州区域,郑州区域,王经理,情人节特惠,0.7,货到付款,申通快递,5,0.95,29.0,0.11,4195.0,2095.0,461.45,4014.25
1276,2024-10-06,6,849.0,0.8,杨静,钻石,13803394875,便携手表,戴尔,425.0,15,生鲜果蔬,北京仓库-1号,北京区域,北京区域,张经理,,,支付宝,京东物流,1,0.9,5.0,0.03,4075.2,1525.2,122.26,3672.68
1277,2024-10-07,7,859.0,0.8500000000000001,赵静,普通,13803407220,专业手表,索尼,430.0,16,箱包皮具,深圳仓库-4号,深圳区域,深圳区域,刘经理,国庆特卖,0.8,微信支付,菜鸟驿站,2,1.1,11.0,0.05,5111.05,2101.05,255.55,5633.16
1278,2024-10-08,8,869.0,0.9,黄静,银卡,13803419565,豪华手表,佳能,435.0,17,钟表眼镜,武汉仓库-7号,武汉区域,武汉区域,赵经理,新品首发,0.85,银行卡,德邦快递,3,1.05,17.0,0.07,6256.8,2776.8,437.98,6586.64
1279,2024-10-09,9,879.0,0.9500000000000001,周静,金卡,13803431910,简约手表,飞利浦,440.0,18,厨房用具,重庆仓库-10号,重庆区域,重庆区域,吴经理,会员专享,0.9,信用卡,顺丰速运,4,1.0,23.0,0.09,7515.45,3555.45,676.39,7538.45
1280,2024-10-10,10,889.0,1.0,吴静,钻石,13803444255,创新手表,松下,445.0,19,五金工具,郑州仓库-13号,郑州区域,郑州区域,王经理,限时秒杀,0.95,货到付款,圆通快递,5,0.95,29.0,0.11,8890.0,4440.0,977.9,8474.5
1281,2024-10-11,1,899.0,0.8,张丽,普通,13803456600,高端相机,华为,450.0,0,数码电子,北京仓库-1号,北京区域,北京区域,张经理,,,支付宝,顺丰速运,1,0.9,5.0,0.03,719.2,269.2,21.58,652.28
1282,2024-10-12,2,909.0,0.8500000000000001,李丽,银卡,13803468945,精品相机,苹果,455.0,1,家用电器,深圳仓库-4号,深圳区域,深圳区域,刘经理,618大促,0.55,微信支付,圆通快递,2,1.1,11.0,0.05,1545.3,635.3,77.27,1710.83
1283,2024-10-13,3,919.0,0.9,王丽,金卡,13803481290,经典相机,小米,460.0,2,服装鞋帽,武汉仓库-7号,武汉区域,武汉区域,赵经理,年货节,0.6,银行卡,中通快递,3,1.05,17.0,0.07,2481.3,1101.3,173.69,2622.37
1284,2024-10-14,4,929.0,0.9500000000000001,刘丽,钻石,13803493635,时尚相机,三星,465.0,3,食品饮料,重庆仓库-10号,重庆区域,重庆区域,吴经理,开学季,0.65,信用卡,韵达快递,4,1.0,23.0,0.09,3530.2,1670.2,317.72,3553.2
1285,2024-10-15,5,939.0,1.0,陈丽,普通,13803505980,智能相机,联想,470.0,4,美妆护肤,郑州仓库-13号,郑州区域,郑州区域,王经理,情人节特惠,0.7,货到付款,申通快递,5,0.95,29.0,0.11,4695.0,2345.0,516.45,4489.25
1286,2024-10-16,6,949.0,0.8,杨丽,银卡,13803518325,便携相机,戴尔,475.0,5,家居日用,北京仓库-1号,北京区域,北京区域,张经理,,,支付宝,京东物流,1,0.9,5.0,0.03,4555.2,1705.2,136.66,4104.68
1287,2024-10-17,7,959.0,0.8500000000000001,赵丽,金卡,13803530670,专业相机,索尼,480.0,6,运动户外,深圳仓库-4号,深圳区域,深圳区域,刘经理,618大促,0.55,微信支付,菜鸟驿站,2,1.1,11.0,0.05,5706.05,2346.05,285.3,6287.66
1288,2024-10-18,8,969.0,0.9,黄丽,钻石,13803543015,豪华相机,佳能,485.0,7,图书音像,武汉仓库-7号,武汉区域,武汉区域,赵经理,年货节,0.6,银行卡,德邦快递,3,1.05,17.0,0.07,6976.8,3096.8,488.38,7342.64
1289,2024-10-19,9,979.0,0.9500000000000001,周丽,普通,13803555360,简约相机,飞利浦,490.0,8,母婴用品,重庆仓库-10号,重庆区域,重庆区域,吴经理,开学季,0.65,信用卡,顺丰速运,4,1.0,23.0,0.09,8370.45,3960.45,753.34,8393.45
1290,2024-10-20,10,989.0,1.0,吴丽,银卡,13803567705,创新相机,松下,495.0,9,汽车用品,郑州仓库-13号,郑州区域,郑州区域,王经理,情人节特惠,0.7,货到付款,圆通快递,5,0.95,29.0,0.11,9890.0,4940.0,1087.9,9424.5
1291,2024-10-21,1,999.0,0.8,张勇,金卡,13803580050,高端充电器,华为,500.0,10,办公文具,北京仓库-1号,北京区域,北京区域,张经理,,,支付宝,顺丰速运,1,0.9,5.0,0.03,799.2,299.2,23.98,724.28
1292,2024-10-22,2,1009.0,0.8500000000000001,李勇,钻石,13803592395,精品充电器,苹果,505.0,11,珠宝饰品,深圳仓库-4号,深圳区域,深圳区域,刘经理,国庆特卖,0.8,微信支付,圆通快递,2,1.1,11.0,0.05,1715.3,705.3,85.77,1897.83
1293,2024-10-23,3,1019.0,0.9,王勇,普通,13803604740,经典充电器,小米,510.0,12,宠物用品,武汉仓库-7号,武汉区域,武汉区域,赵经理,新品首发,0.85,银行卡,中通快递,3,1.05,17.0,0.07,2751.3,1221.3,192.59,2905.87
1294,2024-10-24,4,1029.0,0.9500000000000001,刘勇,银卡,13803617085,时尚充电器,三星,515.0,13,医疗保健,重庆仓库-10号,重庆区域,重庆区域,吴经理,会员专享,0.9,信用卡,韵达快递,4,1.0,23.0,0.09,3910.2,1850.2,351.92,3933.2
1295,2024-10-25,5,1039.0,1.0,陈勇,金卡,13803629430,智能充电器,联想,520.0,14,玩具乐器,郑州仓库-13号,郑州区域,郑州区域,王经理,限时秒杀,0.95,货到付款,申通快递,5,0.95,29.0,0.11,5195.0,2595.0,571.45,4964.25
1296,2024-10-26,6,1049.0,0.8,杨勇,钻石,13803641775,便携充电器,戴尔,525.0,15,生鲜果蔬,北京仓库-1号,北京区域,北京区域,张经理,,,支付宝,京东物流,1,0.9,5.0,0.03,5035.2,1885.2,151.06,4536.68
1297,2024-10-27,7,1059.0,0.8500000000000001,赵勇,普通,13803654120,专业充电器,索尼,530.0,16,箱包皮具,深圳仓库-4号,深圳区域,深圳区域,刘经理,618大促,0.55,微信支付,菜鸟驿站,2,1.1,11.0,0.05,6301.05,2591.05,315.05,6942.16
1298,2024-10-28,8,1069.0,0.9,黄勇,银卡,13803666465,豪华充电器,佳能,535.0,17,钟表眼镜,武汉仓库-7号,武汉区域,武汉区域,赵经理,年货节,0.6,银行卡,德邦快递,3,1.05,17.0,0.07,7696.8,3416.8,538.78,8098.64
1299,2024-10-28,9,1079.0,0.9500000000000001,周勇,金卡,13803678810,简约充电器,飞利浦,540.0,18,厨房用具,重庆仓库-10号,重庆区域,重庆区域,吴经理,开学季,0.65,信用卡,顺丰速运,4,1.0,23.0,0.09,9225.45,4365.45,830.29,9248.45
1300,2024-10-28,10,1089.0,1.0,吴勇,钻石,13803691155,创新充电器,松下,545.0,19,五金工具,郑州仓库-13号,郑州区域,郑州区域,王经理,情人节特惠,0.7,货到付款,圆通快递,5,0.95,29.0,0.11,10890.0,5440.0,1197.9,10374.5
1301,2024-11-01,1,1099.0,0.8,张明,普通,13803703500,高端手机,华为,550.0,0,数码电子,北京仓库-1号,北京区域,北京区域,张经理,,,支付宝,顺丰速运,1,0.9,5.0,0.03,879.2,329.2,26.38,796.28
1302,2024-11-02,2,1109.0,0.8500000000000001,李明,银卡,13803715845,精品手机,苹果,555.0,1,家用电器,深圳仓库-4号,深圳区域,深圳区域,刘经理,618大促,0.55,微信支付,圆通快递,2,1.1,11.0,0.05,1885.3,775.3,94.27,2084.83
1303,2024-11-03,3,1119.0,0.9,王明,金卡,13803728190,经典手机,小米,560.0,2,服装鞋帽,武汉仓库-7号,武汉区域,武汉区域,赵经理,年货节,0.6,银行卡,中通快递,3,1.05,17.0,0.07,3021.3,1341.3,211.49,3189.37
1304,2024-11-04,4,1129.0,0.9500000000000001,刘明,钻石,13803740535,时尚手机,三星,565.0,3,食品饮料,重庆仓库-10号,重庆区域,重庆区域,吴经理,开学季,0.65,信用卡,韵达快递,4,1.0,23.0,0.09,4290.2,2030.2,386.12,4313.2
1305,2024-11-05,5,1139.0,1.0,陈明,普通,13803752880,智能手机,联想,570.0,4,美妆护肤,郑州仓库-13号,郑州区域,郑州区域,王经理,情人节特惠,0.7,货到付款,申通快递,5,0.95,29.0,0.11,5695.0,2845.0,626.45,5439.25
1306,2024-11-06,6,1149.0,0.8,杨明,银卡,13803765225,便携手机,戴尔,575.0,5,家居日用,北京仓库-1号,北京区域,北京区域,张经理,,,支付宝,京东物流,1,0.9,5.0,0.03,5515.2,2065.2,165.46,4968.68
1307,2024-11-07,7,1159.0,0.8500000000000001,赵明,金卡,13803777570,专业手机,索尼,580.0,6,运动户外,深圳仓库-4号,深圳区域,深圳区域,刘经理,国庆特卖,0.8,微信支付,菜鸟驿站,2,1.1,11.0,0.05,6896.05,2836.05,344.8,7596.66
1308,2024-11-08,8,1169.0,0.9,黄明,钻石,13803789915,豪华手机,佳能,585.0,7,图书音像,武汉仓库-7号,武汉区域,武汉区域,赵经理,新品首发,0.85,银行卡,德邦快递,3,1.05,17.0,0.07,8416.8,3736.8,589.18,8854.64
1309,2024-11-09,9,1179.0,0.9500000000000001,周明,普通,13803802260,简约手机,飞利浦,590.0,8,母婴用品,重庆仓库-10号,重庆区域,重庆区域,吴经理,会员专享,0.9,信用卡,顺丰速运,4,1.0,23.0,0.09,10080.45,4770.45,907.24,10103.45
1310,2024-11-10,10,1189.0,1.0,吴明,银卡,13803814605,创新手机,松下,595.0,9,汽车用品,郑州仓库-13号,郑州区域,郑州区域,王经理,限时秒杀,0.95,货到付款,圆通快递,5,0.95,29.0,0.11,11890.0,5940.0,1307.9,11324.5
1311,2024-11-11,1,1199.0,0.8,张华,金卡,13803826950,高端电脑,华为,600.0,10,办公文具,北京仓库-1号,北京区域,北京区域,张经理,,,支付宝,顺丰速运,1,0.9,5.0,0.03,959.2,359.2,28.78,868.28
1312,2024-11-12,2,1209.0,0.8500000000000001,李华,钻石,13803839295,精品电脑,苹果,605.0,11,珠宝饰品,深圳仓库-4号,深圳区域,深圳区域,刘经理,618大促,0.55,微信支付,圆通快递,2,1.1,11.0,0.05,2055.3,845.3,102.77,2271.83
1313,2024-11-13,3,1219.0,0.9,王华,普通,13803851640,经典电脑,小米,610.0,12,宠物用品,武汉仓库-7号,武汉区域,武汉区域,赵经理,年货节,0.6,银行卡,中通快递,3,1.05,17.0,0.07,3291.3,1461.3,230.39,3472.87
1314,2024-11-14,4,1229.0,0.9500000000000001,刘华,银卡,13803863985,时尚电脑,三星,615.0,13,医疗保健,重庆仓库-10号,重庆区域,重庆区域,吴经理,开学季,0.65,信用卡,韵达快递,4,1.0,23.0,0.09,4670.2,2210.2,420.32,4693.2
1315,2024-11-15,5,1239.0,1.0,陈华,金卡,13803876330,智能电脑,联想,620.0,14,玩具乐器,郑州仓库-13号,郑州区域,郑州区域,王经理,情人节特惠,0.7,货到付款,申通快递,5,0.95,29.0,0.11,6195.0,3095.0,681.45,5914.25
1316,2024-11-16,6,1249.0,0.8,杨华,钻石,13803888675,便携电脑,戴尔,625.0,15,生鲜果蔬,北京仓库-1号,北京区域,北京区域,张经理,,,支付宝,京东物流,1,0.9,5.0,0.03,5995.2,2245.2,179.86,5400.68
1317,2024-11-17,7,1259.0,0.8500000000000001,赵华,普通,13803901020,专业电脑,索尼,630.0,16,箱包皮具,深圳仓库-4号,深圳区域,深圳区域,刘经理,618大促,0.55,微信支付,菜鸟驿站,2,1.1,11.0,0.05,7491.05,3081.05,374.55,8251.16
1318,2024-11-18,8,1269.0,0.9,黄华,银卡,13803913365,豪华电脑,佳能,635.0,17,钟表眼镜,武汉仓库-7号,武汉区域,武汉区域,赵经理,年货节,0.6,银行卡,德邦快递,3,1.05,17.0,0.07,9136.8,4056.8,639.58,9610.64
1319,2024-11-19,9,1279.0,0.9500000000000001,周华,金卡,13803925710,简约电脑,飞利浦,640.0,18,厨房用具,重庆仓库-10号,重庆区域,重庆区域,吴经理,开学季,0.65,信用卡,顺丰速运,4,1.0,23.0,0.09,10935.45,5175.45,984.19,10958.45
1320,2024-11-20,10,1289.0,1.0,吴华,钻石,13803938055,创新电脑,松下,645.0,19,五金工具,郑州仓库-13号,郑州区域,郑州区域,王经理,情人节特惠,0.7,货到付款,圆通快递,5,0.95,29.0,0.11,12890.0,6440.0,1417.9,12274.5
1321,2024-11-21,1,1299.0,0.8,张强,普通,13803950400,高端耳机,华为,650.0,0,数码电子,北京仓库-1号,北京区域,北京区域,张经理,,,支付宝,顺丰速运,1,0.9,5.0,0.03,1039.2,389.2,31.18,940.28
1322,2024-11-22,2,1309.0,0.8500000000000001,李强,银卡,13803962745,精品耳机,苹果,655.0,1,家用电器,深圳仓库-4号,深圳区域,深圳区域,刘经理,国庆特卖,0.8,微信支付,圆通快递,2,1.1,11.0,0.05,2225.3,915.3,111.27,2458.83
1323,2024-11-23,3,1319.0,0.9,王强,金卡,13803975090,经典耳机,小米,660.0,2,服装鞋帽,武汉仓库-7号,武汉区域,武汉区域,赵经理,新品首发,0.85,银行卡,中通快递,3,1.05,17.0,0.07,3561.3,1581.3,249.29,3756.37
1324,2024-11-24,4,1329.0,0.9500000000000001,刘强,钻石,13803987435,时尚耳机,三星,665.0,3,食品饮料,重庆仓库-10号,重庆区域,重庆区域,吴经理,会员专享,0.9,信用卡,韵达快递,4,1.0,23.0,0.09,5050.2,2390.2,454.52,5073.2
1325,2024-11-25,5,1339.0,1.0,陈强,普通,13803999780,智能耳机,联想,670.0,4,美妆护肤,郑州仓库-13号,郑州区域,郑州区域,王经理,限时秒杀,0.95,货到付款,申通快递,5,0.95,29.0,0.11,6695.0,3345.0,736.45,6389.25
1326,2024-11-26,6,1349.0,0.8,杨强,银卡,13804012125,便携耳机,戴尔,675.0,5,家居日用,北京仓库-1号,北京区域,北京区域,张经理,,,支付宝,京东物流,1,0.9,5.0,0.03,6475.2,2425.2,194.26,5832.68
1327,2024-11-27,7,1359.0,0.8500000000000001,赵强,金卡,13804024470,专业耳机,索尼,680.0,6,运动户外,深圳仓库-4号,深圳区域,深圳区域,刘经理,618大促,0.55,微信支付,菜鸟驿站,2,1.1,11.0,0.05,8086.05,3326.05,404.3,8905.66
1328,2024-11-28,8,1369.0,0.9,黄强,钻石,13804036815,豪华耳机,佳能,685.0,7,图书音像,武汉仓库-7号,武汉区域,武汉区域,赵经理,年货节,0.6,银行卡,德邦快递,3,1.05,17.0,0.07,9856.8,4376.8,689.98,10366.64
1329,2024-11-28,9,1379.0,0.9500000000000001,周强,普通,13804049160,简约耳机,飞利浦,690.0,8,母婴用品,重庆仓库-10号,重庆区域,重庆区域,吴经理,开学季,0.65,信用卡,顺丰速运,4,1.0,23.0,0.09,11790.45,5580.45,1061.14,11813.45
1330,2024-11-28,10,1389.0,1.0,吴强,银卡,13804061505,创新耳机,松下,695.0,9,汽车用品,郑州仓库-13号,郑州区域,郑州区域,王经理,情人节特惠,0.7,货到付款,圆通快递,5,0.95,29.0,0.11,13890.0,6940.0,1527.9,13224.5
1331,2024-12-01,1,1399.0,0.8,张伟,金卡,13804073850,高端键盘,华为,700.0,10,办公文具,北京仓库-1号,北京区域,北京区域,张经理,,,支付宝,顺丰速运,1,0.9,5.0,0.03,1119.2,419.2,33.58,1012.28
1332,2024-12-02,2,1409.0,0.8500000000000001,李伟,钻石,13804086195,精品键盘,苹果,705.0,11,珠宝饰品,深圳仓库-4号,深圳区域,深圳区域,刘经理,618大促,0.55,微信支付,圆通快递,2,1.1,11.0,0.05,2395.3,985.3,119.77,2645.83
1333,2024-12-03,3,1419.0,0.9,王伟,普通,13804098540,经典键盘,小米,710.0,12,宠物用品,武汉仓库-7号,武汉区域,武汉区域,赵经理,年货节,0.6,银行卡,中通快递,3,1.05,17.0,0.07,3831.3,1701.3,268.19,4039.87
1334,2024-12-04,4,1429.0,0.9500000000000001,刘伟,银卡,13804110885,时尚键盘,三星,715.0,13,医疗保健,重庆仓库-10号,重庆区域,重庆区域,吴经理,开学季,0.65,信用卡,韵达快递,4,1.0,23.0,0.09,5430.2,2570.2,488.72,5453.2
1335,2024-12-05,5,1439.0,1.0,陈伟,金卡,13804123230,智能键盘,联想,720.0,14,玩具乐器,郑州仓库-13号,郑州区域,郑州区域,王经理,情人节特惠,0.7,货到付款,申通快递,5,0.95,29.0,0.11,7195.0,3595.0,791.45,6864.25
1336,2024-12-06,6,1449.0,0.8,杨伟,钻石,13804135575,便携键盘,戴尔,725.0,15,生鲜果蔬,北京仓库-1号,北京区域,北京区域,张经理,,,支付宝,京东物流,1,0.9,5.0,0.03,6955.2,2605.2,208.66,6264.68
1337,2024-12-07,7,1459.0,0.8500000000000001,赵伟,普通,13804147920,专业键盘,索尼,730.0,16,箱包皮具,深圳仓库-4号,深圳区域,深圳区域,刘经理,国庆特卖,0.8,微信支付,菜鸟驿站,2,1.1,11.0,0.05,8681.05,3571.05,434.05,9560.16
1338,2024-12-08,8,1469.0,0.9,黄伟,银卡,13804160265,豪华键盘,佳能,735.0,17,钟表眼镜,武汉仓库-7号,武汉区域,武汉区域,赵经理,新品首发,0.85,银行卡,德邦快递,3,1.05,17.0,0.07,10576.8,4696.8,740.38,11122.64
1339,2024-12-09,9,1479.0,0.9500000000000001,周伟,金卡,13804172610,简约键盘,飞利浦,740.0,18,厨房用具,重庆仓库-10号,重庆区域,重庆区域,吴经理,会员专享,0.9,信用卡,顺丰速运,4,1.0,23.0,0.09,12645.45,5985.45,1138.09,12668.45
1340,2024-12-10,10,1489.0,1.0,吴伟,钻石,13804184955,创新键盘,松下,745.0,19,五金工具,郑州仓库-13号,郑州区域,郑州区域,王经理,限时秒杀,0.95,货到付款,圆通快递,5,0.95,29.0,0.11,14890.0,7440.0,1637.9,14174.5
1341,2024-12-11,1,1499.0,0.8,张芳,普通,13804197300,高端显示器,华为,750.0,0,数码电子,北京仓库-1号,北京区域,北京区域,张经理,,,支付宝,顺丰速运,1,0.9,5.0,0.03,1199.2,449.2,35.98,1084.28
1342,2024-12-12,2,1509.0,0.8500000000000001,李芳,银卡,13804209645,精品显示器,苹果,755.0,1,家用电器,深圳仓库-4号,深圳区域,深圳区域,刘经理,618大促,0.55,微信支付,圆通快递,2,1.1,11.0,0.05,2565.3,1055.3,128.27,2832.83
1343,2024-12-13,3,1519.0,0.9,王芳,金卡,13804221990,经典显示器,小米,760.0,2,服装鞋帽,武汉仓库-7号,武汉区域,武汉区域,赵经理,年货节,0.6,银行卡,中通快递,3,1.05,17.0,0.07,4101.3,1821.3,287.09,4323.37
1344,2024-12-14,4,1529.0,0.9500000000000001,刘芳,钻石,13804234335,时尚显示器,三星,765.0,3,食品饮料,重庆仓库-10号,重庆区域,重庆区域,吴经理,开学季,0.65,信用卡,韵达快递,4,1.0,23.0,0.09,5810.2,2750.2,522.92,5833.2
1345,2024-12-15,5,1539.0,1.0,陈芳,普通,13804246680,智能显示器,联想,770.0,4,美妆护肤,郑州仓库-13号,郑州区域,郑州区域,王经理,情人节特惠,0.7,货到付款,申通快递,5,0.95,29.0,0.11,7695.0,3845.0,846.45,7339.25
1346,2024-12-16,6,1549.0,0.8,杨芳,银卡,13804259025,便携显示器,戴尔,775.0,5,家居日用,北京仓库-1号,北京区域,北京区域,张经理,,,支付宝,京东物流,1,0.9,5.0,0.03,7435.2,2785.2,223.06,6696.68
1347,2024-12-17,7,1559.0,0.8500000000000001,赵芳,金卡,13804271370,专业显示器,索尼,780.0,6,运动户外,深圳仓库-4号,深圳区域,深圳区域,刘经理,618大促,0.55,微信支付,菜鸟驿站,2,1.1,11.0,0.05,9276.05,3816.05,463.8,10214.66
1348,2024-12-18,8,1569.0,0.9,黄芳,钻石,13804283715,豪华显示器,佳能,785.0,7,图书音像,武汉仓库-7号,武汉区域,武汉区域,赵经理,年货节,0.6,银行卡,德邦快递,3,1.05,17.0,0.07,11296.8,5016.8,790.78,11878.64
1349,2024-12-19,9,1579.0,0.9500000000000001,周芳,普通,13804296060,简约显示器,飞利浦,790.0,8,母婴用品,重庆仓库-10号,重庆区域,重庆区域,吴经理,开学季,0.65,信用卡,顺丰速运,4,1.0,23.0,0.09,13500.45,6390.45,1215.04,13523.45
1350,2024-12-20,10,1589.0,1.0,吴芳,银卡,13804308405,创新显示器,松下,795.0,9,汽车用品,郑州仓库-13号,郑州区域,郑州区域,王经理,情人节特惠,0.7,货到付款,圆通快递,5,0.95,29.0,0.11,15890.0,7940.0,1747.9,15124.5
1351,2024-12-21,1,1599.0,0.8,张娟,金卡,13804320750,高端平板,华为,800.0,10,办公文具,北京仓库-1号,北京区域,北京区域,张经理,,,支付宝,顺丰速运,1,0.9,5.0,0.03,1279.2,479.2,38.38,1156.28
1352,2024-12-22,2,1609.0,0.8500000000000001,李娟,钻石,13804333095,精品平板,苹果,805.0,11,珠宝饰品,深圳仓库-4号,深圳区域,深圳区域,刘经理,国庆特卖,0.8,微信支付,圆通快递,2,1.1,11.0,0.05,2735.3,1125.3,136.77,3019.83
1353,2024-12-23,3,1619.0,0.9,王娟,普通,13804345440,经典平板,小米,810.0,12,宠物用品,武汉仓库-7号,武汉区域,武汉区域,赵经理,新品首发,0.85,银行卡,中通快递,3,1.05,17.0,0.07,4371.3,1941.3,305.99,4606.87
1354,2024-12-24,4,1629.0,0.9500000000000001,刘娟,银卡,13804357785,时尚平板,三星,815.0,13,医疗保健,重庆仓库-10号,重庆区域,重庆区域,吴经理,会员专享,0.9,信用卡,韵达快递,4,1.0,23.0,0.09,6190.2,2930.2,557.12,6213.2
1355,2024-12-25,5,1639.0,1.0,陈娟,金卡,13804370130,智能平板,联想,820.0,14,玩具乐器,郑州仓库-13号,郑州区域,郑州区域,王经理,限时秒杀,0.95,货到付款,申通快递,5,0.95,29.0,0.11,8195.0,4095.0,901.45,7814.25
1356,2024-12-26,6,1649.0,0.8,杨娟,钻石,13804382475,便携平板,戴尔,825.0,15,生鲜果蔬,北京仓库-1号,北京区域,北京区域,张经理,,,支付宝,京东物流,1,0.9,5.0,0.03,7915.2,2965.2,237.46,7128.68
1357,2024-12-27,7,1659.0,0.8500000000000001,赵娟,普通,13804394820,专业平板,索尼,830.0,16,箱包皮具,深圳仓库-4号,深圳区域,深圳区域,刘经理,618大促,0.55,微信支付,菜鸟驿站,2,1.1,11.0,0.05,9871.05,4061.05,493.55,10869.16
1358,2024-12-28,8,1669.0,0.9,黄娟,银卡,13804407165,豪华平板,佳能,835.0,17,钟表眼镜,武汉仓库-7号,武汉区域,武汉区域,赵经理,年货节,0.6,银行卡,德邦快递,3,1.05,17.0,0.07,12016.8,5336.8,841.18,12634.64
1359,2024-12-28,9,1679.0,0.9500000000000001,周娟,金卡,13804419510,简约平板,飞利浦,840.0,18,厨房用具,重庆仓库-10号,重庆区域,重庆区域,吴经理,开学季,0.65,信用卡,顺丰速运,4,1.0,23.0,0.09,14355.45,6795.45,1291.99,14378.45
1360,2024-12-28,10,1689.0,1.0,吴娟,钻石,13804431855,创新平板,松下,845.0,19,五金工具,郑州仓库-13号,郑州区域,郑州区域,王经理,情人节特惠,0.7,货到付款,圆通快递,5,0.95,29.0,0.11,16890.0,8440.0,1857.9,16074.5
1361,2024-12-01,1,1699.0,0.8,张敏,普通,13804444200,高端音箱,华为,850.0,0,数码电子,北京仓库-1号,北京区域,北京区域,张经理,,,支付宝,顺丰速运,1,0.9,5.0,0.03,1359.2,509.2,40.78,1228.28
1362,2024-12-02,2,1709.0,0.8500000000000001,李敏,银卡,13804456545,精品音箱,苹果,855.0,1,家用电器,深圳仓库-4号,深圳区域,深圳区域,刘经理,618大促,0.55,微信支付,圆通快递,2,1.1,11.0,0.05,2905.3,1195.3,145.27,3206.83
1363,2024-12-03,3,1719.0,0.9,王敏,金卡,13804468890,经典音箱,小米,860.0,2,服装鞋帽,武汉仓库-7号,武汉区域,武汉区域,赵经理,年货节,0.6,银行卡,中通快递,3,1.05,17.0,0.07,4641.3,2061.3,324.89,4890.37
1364,2024-12-04,4,1729.0,0.9500000000000001,刘敏,钻石,13804481235,时尚音箱,三星,865.0,3,食品饮料,重庆仓库-10号,重庆区域,重庆区域,吴经理,开学季,0.65,信用卡,韵达快递,4,1.0,23.0,0.09,6570.2,3110.2,591.32,6593.2
1365,2024-12-05,5,1739.0,1.0,陈敏,普通,13804493580,智能音箱,联想,870.0,4,美妆护肤,郑州仓库-13号,郑州区域,郑州区域,王经理,情人节特惠,0.7,货到付款,申通快递,5,0.95,29.0,0.11,8695.0,4345.0,956.45,8289.25
1366,2024-01-01,6,1749.0,0.8,杨敏,银卡,13804505925,便携音箱,戴尔,875.0,5,家居日用,北京仓库-1号,北京区域,北京区域,张经理,,,支付宝,京东物流,1,0.9,5.0,0.03,8395.2,3145.2,251.86,7560.68
1367,2024-01-02,7,1759.0,0.8500000000000001,赵敏,金卡,13804518270,专业音箱,索尼,880.0,6,运动户外,深圳仓库-4号,深圳区域,深圳区域,刘经理,国庆特卖,0.8,微信支付,菜鸟驿站,2,1.1,11.0,0.05,10466.05,4306.05,523.3,11523.66
1368,2024-01-03,8,1769.0,0.9,黄敏,钻石,13804530615,豪华音箱,佳能,885.0,7,图书音像,武汉仓库-7号,武汉区域,武汉区域,赵经理,新品首发,0.85,银行卡,德邦快递,3,1.05,17.0,0.07,12736.8,5656.8,891.58,13390.64
1369,2024-01-04,9,1779.0,0.9500000000000001,周敏,普通,13804542960,简约音箱,飞利浦,890.0,8,母婴用品,重庆仓库-10号,重庆区域,重庆区域,吴经理,会员专享,0.9,信用卡,顺丰速运,4,1.0,23.0,0.09,15210.45,7200.45,1368.94,15233.45
1370,2024-01-05,10,1789.0,1.0,吴敏,银卡,13804555305,创新音箱,松下,895.0,9,汽车用品,郑州仓库-13号,郑州区域,郑州区域,王经理,限时秒杀,0.95,货到付款,圆通快递,5,0.95,29.0,0.11,17890.0,8940.0,1967.9,17024.5
1371,2024-01-06,1,1799.0,0.8,张静,金卡,13804567650,高端手表,华为,900.0,10,办公文具,北京仓库-1号,北京区域,北京区域,张经理,,,支付宝,顺丰速运,1,0.9,5.0,0.03,1439.2,539.2,43.18,1300.28
1372,2024-01-07,2,1809.0,0.8500000000000001,李静,钻石,13804579995,精品手表,苹果,905.0,11,珠宝饰品,深圳仓库-4号,深圳区域,深圳区域,刘经理,618大促,0.55,微信支付,圆通快递,2,1.1,11.0,0.05,3075.3,1265.3,153.77,3393.83
1373,2024-01-08,3,1819.0,0.9,王静,普通,13804592340,经典手表,小米,910.0,12,宠物用品,武汉仓库-7号,武汉区域,武汉区域,赵经理,年货节,0.6,银行卡,中通快递,3,1.05,17.0,0.07,4911.3,2181.3,343.79,5173.87
1374,2024-01-09,4,1829.0,0.9500000000000001,刘静,银卡,13804604685,时尚手表,三星,915.0,13,医疗保健,重庆仓库-10号,重庆区域,重庆区域,吴经理,开学季,0.65,信用卡,韵达快递,4,1.0,23.0,0.09,6950.2,3290.2,625.52,6973.2
1375,2024-01-10,5,1839.0,1.0,陈静,金卡,13804617030,智能手表,联想,920.0,14,玩具乐器,郑州仓库-13号,郑州区域,郑州区域,王经理,情人节特惠,0.7,货到付款,申通快递,5,0.95,29.0,0.11,9195.0,4595.0,1011.45,8764.25
1376,2024-01-11,6,1849.0,0.8,杨静,钻石,13804629375,便携手表,戴尔,925.0,15,生鲜果蔬,北京仓库-1号,北京区域,北京区域,张经理,,,支付宝,京东物流,1,0.9,5.0,0.03,8875.2,3325.2,266.26,7992.68
1377,2024-01-12,7,1859.0,0.8500000000000001,赵静,普通,13804641720,专业手表,索尼,930.0,16,箱包皮具,深圳仓库-4号,深圳区域,深圳区域,刘经理,618大促,0.55,微信支付,菜鸟驿站,2,1.1,11.0,0.05,11061.05,4551.05,553.05,12178.16
1378,2024-01-13,8,1869.0,0.9,黄静,银卡,13804654065,豪华手表,佳能,935.0,17,钟表眼镜,武汉仓库-7号,武汉区域,武汉区域,赵经理,年货节,0.6,银行卡,德邦快递,3,1.05,17.0,0.07,13456.8,5976.8,941.98,14146.64
1379,2024-01-14,9,1879.0,0.9500000000000001,周静,金卡,13804666410,简约手表,飞利浦,940.0,18,厨房用具,重庆仓库-10号,重庆区域,重庆区域,吴经理,开学季,0.65,信用卡,顺丰速运,4,1.0,23.0,0.09,16065.45,7605.45,1445.89,16088.45
1380,2024-01-15,10,1889.0,1.0,吴静,钻石,13804678755,创新手表,松下,945.0,19,五金工具,郑州仓库-13号,郑州区域,郑州区域,王经理,情人节特惠,0.7,货到付款,圆通快递,5,0.95,29.0,0.11,18890.0,9440.0,2077.9,17974.5
1381,2024-01-16,1,1899.0,0.8,张丽,普通,13804691100,高端相机,华为,950.0,0,数码电子,北京仓库-1号,北京区域,北京区域,张经理,,,支付宝,顺丰速运,1,0.9,5.0,0.03,1519.2,569.2,45.58,1372.28
1382,2024-01-17,2,1909.0,0.8500000000000001,李丽,银卡,13804703445,精品相机,苹果,955.0,1,家用电器,深圳仓库-4号,深圳区域,深圳区域,刘经理,国庆特卖,0.8,微信支付,圆通快递,2,1.1,11.0,0.05,3245.3,1335.3,162.27,3580.83
1383,2024-01-18,3,1919.0,0.9,王丽,金卡,13804715790,经典相机,小米,960.0,2,服装鞋帽,武汉仓库-7号,武汉区域,武汉区域,赵经理,新品首发,0.85,银行卡,中通快递,3,1.05,17.0,0.07,5181.3,2301.3,362.69,5457.37
1384,2024-01-19,4,1929.0,0.9500000000000001,刘丽,钻石,13804728135,时尚相机,三星,965.0,3,食品饮料,重庆仓库-10号,重庆区域,重庆区域,吴经理,会员专享,0.9,信用卡,韵达快递,4,1.0,23.0,0.09,7330.2,3470.2,659.72,7353.2
1385,2024-01-20,5,1939.0,1.0,陈丽,普通,13804740480,智能相机,联想,970.0,4,美妆护肤,郑州仓库-13号,郑州区域,郑州区域,王经理,限时秒杀,0.95,货到付款,申通快递,5,0.95,29.0,0.11,9695.0,4845.0,1066.45,9239.25
1386,2024-01-21,6,1949.0,0.8,杨丽,银卡,13804752825,便携相机,戴尔,975.0,5,家居日用,北京仓库-1号,北京区域,北京区域,张经理,,,支付宝,京东物流,1,0.9,5.0,0.03,9355.2,3505.2,280.66,8424.68
1387,2024-01-22,7,1959.0,0.8500000000000001,赵丽,金卡,13804765170,专业相机,索尼,980.0,6,运动户外,深圳仓库-4号,深圳区域,深圳区域,刘经理,618大促,0.55,微信支付,菜鸟驿站,2,1.1,11.0,0.05,11656.05,4796.05,582.8,12832.66
1388,2024-01-23,8,1969.0,0.9,黄丽,钻石,13804777515,豪华相机,佳能,985.0,7,图书音像,武汉仓库-7号,武汉区域,武汉区域,赵经理,年货节,0.6,银行卡,德邦快递,3,1.05,17.0,0.07,14176.8,6296.8,992.38,14902.64
1389,2024-01-24,9,1979.0,0.9500000000000001,周丽,普通,13804789860,简约相机,飞利浦,990.0,8,母婴用品,重庆仓库-10号,重庆区域,重庆区域,吴经理,开学季,0.65,信用卡,顺丰速运,4,1.0,23.0,0.09,16920.45,8010.45,1522.84,16943.45
1390,2024-01-25,10,1989.0,1.0,吴丽,银卡,13804802205,创新相机,松下,995.0,9,汽车用品,郑州仓库-13号,郑州区域,郑州区域,王经理,情人节特惠,0.7,货到付款,圆通快递,5,0.95,29.0,0.11,19890.0,9940.0,2187.9,18924.5
1391,2024-01-26,1,1999.0,0.8,张勇,金卡,13804814550,高端充电器,华为,1000.0,10,办公文具,北京仓库-1号,北京区域,北京区域,张经理,,,支付宝,顺丰速运,1,0.9,5.0,0.03,1599.2,599.2,47.98,1444.28
1392,2024-01-27,2,2009.0,0.8500000000000001,李勇,钻石,13804826895,精品充电器,苹果,1005.0,11,珠宝饰品,深圳仓库-4号,深圳区域,深圳区域,刘经理,618大促,0.55,微信支付,圆通快递,2,1.1,11.0,0.05,3415.3,1405.3,170.77,3767.83
1393,2024-01-28,3,2019.0,0.9,王勇,普通,13804839240,经典充电器,小米,1010.0,12,宠物用品,武汉仓库-7号,武汉区域,武汉区域,赵经理,年货节,0.6,银行卡,中通快递,3,1.05,17.0,0.07,5451.3,2421.3,381.59,5740.87
1394,2024-01-28,4,2029.0,0.9500000000000001,刘勇,银卡,13804851585,时尚充电器,三星,1015.0,13,医疗保健,重庆仓库-10号,重庆区域,重庆区域,吴经理,开学季,0.65,信用卡,韵达快递,4,1.0,23.0,0.09,7710.2,3650.2,693.92,7733.2
1395,2024-01-28,5,2039.0,1.0,陈勇,金卡,13804863930,智能充电器,联想,1020.0,14,玩具乐器,郑州仓库-13号,郑州区域,郑州区域,王经理,情人节特惠,0.7,货到付款,申通快递,5,0.95,29.0,0.11,10195.0,5095.0,1121.45,9714.25
1396,2024-02-01,6,2049.0,0.8,杨勇,钻石,13804876275,便携充电器,戴尔,1025.0,15,生鲜果蔬,北京仓库-1号,北京区域,北京区域,张经理,,,支付宝,京东物流,1,0.9,5.0,0.03,9835.2,3685.2,295.06,8856.68
1397,2024-02-02,7,2059.0,0.8500000000000001,赵勇,普通,13804888620,专业充电器,索尼,1030.0,16,箱包皮具,深圳仓库-4号,深圳区域,深圳区域,刘经理,国庆特卖,0.8,微信支付,菜鸟驿站,2,1.1,11.0,0.05,12251.05,5041.05,612.55,13487.16
1398,2024-02-03,8,2069.0,0.9,黄勇,银卡,13804900965,豪华充电器,佳能,1035.0,17,钟表眼镜,武汉仓库-7号,武汉区域,武汉区域,赵经理,新品首发,0.85,银行卡,德邦快递,3,1.05,17.0,0.07,14896.8,6616.8,1042.78,15658.64
1399,2024-02-04,9,2079.0,0.9500000000000001,周勇,金卡,13804913310,简约充电器,飞利浦,1040.0,18,厨房用具,重庆仓库-10号,重庆区域,重庆区域,吴经理,会员专享,0.9,信用卡,顺丰速运,4,1.0,23.0,0.09,17775.45,8415.45,1599.79,17798.45
1400,2024-02-05,10,2089.0,1.0,吴勇,钻石,13804925655,创新充电器,松下,1045.0,19,五金工具,郑州仓库-13号,郑州区域,郑州区域,王经理,限时秒杀,0.95,货到付款,圆通快递,5,0.95,29.0,0.11,20890.0,10440.0,2297.9,19874.5
1401,2024-02-06,1,99.0,0.8,张明,普通,13804938000,高端手机,华为,50.0,0,数码电子,北京仓库-1号,北京区域,北京区域,张经理,,,支付宝,顺丰速运,1,0.9,5.0,0.03,79.2,29.2,2.38,76.28
1402,2024-02-07,2,109.0,0.8500000000000001,李明,银卡,13804950345,精品手机,苹果,55.0,1,家用电器,深圳仓库-4号,深圳区域,深圳区域,刘经理,618大促,0.55,微信支付,圆通快递,2,1.1,11.0,0.05,185.3,75.3,9.27,214.83
1403,2024-02-08,3,119.0,0.9,王明,金卡,13804962690,经典手机,小米,60.0,2,服装鞋帽,武汉仓库-7号,武汉区域,武汉区域,赵经理,年货节,0.6,银行卡,中通快递,3,1.05,17.0,0.07,321.3,141.3,22.49,354.37
1404,2024-02-09,4,129.0,0.9500000000000001,刘明,钻石,13804975035,时尚手机,三星,65.0,3,食品饮料,重庆仓库-10号,重庆区域,重庆区域,吴经理,开学季,0.65,信用卡,韵达快递,4,1.0,23.0,0.09,490.2,230.2,44.12,513.2
1405,2024-02-10,5,139.0,1.0,陈明,普通,13804987380,智能手机,联想,70.0,4,美妆护肤,郑州仓库-13号,郑州区域,郑州区域,王经理,情人节特惠,0.7,货到付款,申通快递,5,0.95,29.0,0.11,695.0,345.0,76.45,689.25
1406,2024-02-11,6,149.0,0.8,杨明,银卡,13804999725,便携手机,戴尔,75.0,5,家居日用,北京仓库-1号,北京区域,北京区域,张经理,,,支付宝,京东物流,1,0.9,5.0,0.03,715.2,265.2,21.46,648.68
1407,2024-02-12,7,159.0,0.8500000000000001,赵明,金卡,13805012070,专业手机,索尼,80.0,6,运动户外,深圳仓库-4号,深圳区域,深圳区域,刘经理,618大促,0.55,微信支付,菜鸟驿站,2,1.1,11.0,0.05,946.05,386.05,47.3,1051.65
1408,2024-02-13,8,169.0,0.9,黄明,钻石,13805024415,豪华手机,佳能,85.0,7,图书音像,武汉仓库-7号,武汉区域,武汉区域,赵经理,年货节,0.6,银行卡,德邦快递,3,1.05,17.0,0.07,1216.8,536.8,85.18,1294.64
1409,2024-02-14,9,179.0,0.9500000000000001,周明,普通,13805036760,简约手机,飞利浦,90.0,8,母婴用品,重庆仓库-10号,重庆区域,重庆区域,吴经理,开学季,0.65,信用卡,顺丰速运,4,1.0,23.0,0.09,1530.45,720.45,137.74,1553.45
1410,2024-02-15,10,189.0,1.0,吴明,银卡,13805049105,创新手机,松下,95.0,9,汽车用品,郑州仓库-13号,郑州区域,郑州区域,王经理,情人节特惠,0.7,货到付款,圆通快递,5,0.95,29.0,0.11,1890.0,940.0,207.9,1824.5
1411,2024-02-16,1,199.0,0.8,张华,金卡,13805061450,高端电脑,华为,100.0,10,办公文具,北京仓库-1号,北京区域,北京区域,张经理,,,支付宝,顺丰速运,1,0.9,5.0,0.03,159.2,59.2,4.78,148.28
1412,2024-02-17,2,209.0,0.8500000000000001,李华,钻石,13805073795,精品电脑,苹果,105.0,11,珠宝饰品,深圳仓库-4号,深圳区域,深圳区域,刘经理,国庆特卖,0.8,微信支付,圆通快递,2,1.1,11.0,0.05,355.3,145.3,17.77,401.83
1413,2024-02-18,3,219.0,0.9,王华,普通,13805086140,经典电脑,小米,110.0,12,宠物用品,武汉仓库-7号,武汉区域,武汉区域,赵经理,新品首发,0.85,银行卡,中通快递,3,1.05,17.0,0.07,591.3,261.3,41.39,637.87
1414,2024-02-19,4,229.0,0.9500000000000001,刘华,银卡,13805098485,时尚电脑,三星,115.0,13,医疗保健,重庆仓库-10号,重庆区域,重庆区域,吴经理,会员专享,0.9,信用卡,韵达快递,4,1.0,23.0,0.09,870.2,410.2,78.32,893.2
1415,2024-02-20,5,239.0,1.0,陈华,金卡,13805110830,智能电脑,联想,120.0,14,玩具乐器,郑州仓库-13号,郑州区域,郑州区域,王经理,限时秒杀,0.95,货到付款,申通快递,5,0.95,29.0,0.11,1195.0,595.0,131.45,1164.25
1416,2024-02-21,6,249.0,0.8,杨华,钻石,13805123175,便携电脑,戴尔,125.0,15,生鲜果蔬,北京仓库-1号,北京区域,北京区域,张经理,,,支付宝,京东物流,1,0.9,5.0,0.03,1195.2,445.2,35.86,1080.68
1417,2024-02-22,7,259.0,0.8500000000000001,赵华,普通,13805135520,专业电脑,索尼,130.0,16,箱包皮具,深圳仓库-4号,深圳区域,深圳区域,刘经理,618大促,0.55,微信支付,菜鸟驿站,2,1.1,11.0,0.05,1541.05,631.05,77.05,1706.16
1418,2024-02-23,8,269.0,0.9,黄华,银卡,13805147865,豪华电脑,佳能,135.0,17,钟表眼镜,武汉仓库-7号,武汉区域,武汉区域,赵经理,年货节,0.6,银行卡,德邦快递,3,1.05,17.0,0.07,1936.8,856.8,135.58,2050.64
1419,2024-02-24,9,279.0,0.9500000000000001,周华,金卡,13805160210,简约电脑,飞利浦,140.0,18,厨房用具,重庆仓库-10号,重庆区域,重庆区域,吴经理,开学季,0.65,信用卡,顺丰速运,4,1.0,23.0,0.09,2385.45,1125.45,214.69,2408.45
1420,2024-02-25,10,289.0,1.0,吴华,钻石,13805172555,创新电脑,松下,145.0,19,五金工具,郑州仓库-13号,郑州区域,郑州区域,王经理,情人节特惠,0.7,货到付款,圆通快递,5,0.95,29.0,0.11,2890.0,1440.0,317.9,2774.5
1421,2024-02-26,1,299.0,0.8,张强,普通,13805184900,高端耳机,华为,150.0,0,数码电子,北京仓库-1号,北京区域,北京区域,张经理,,,支付宝,顺丰速运,1,0.9,5.0,0.03,239.2,89.2,7.18,220.28
1422,2024-02-27,2,309.0,0.8500000000000001,李强,银卡,13805197245,精品耳机,苹果,155.0,1,家用电器,深圳仓库-4号,深圳区域,深圳区域,刘经理,618大促,0.55,微信支付,圆通快递,2,1.1,11.0,0.05,525.3,215.3,26.27,588.83
1423,2024-02-28,3,319.0,0.9,王强,金卡,13805209590,经典耳机,小米,160.0,2,服装鞋帽,武汉仓库-7号,武汉区域,武汉区域,赵经理,年货节,0.6,银行卡,中通快递,3,1.05,17.0,0.07,861.3,381.3,60.29,921.37
1424,2024-02-28,4,329.0,0.9500000000000001,刘强,钻石,13805221935,时尚耳机,三星,165.0,3,食品饮料,重庆仓库-10号,重庆区域,重庆区域,吴经理,开学季,0.65,信用卡,韵达快递,4,1.0,23.0,0.09,1250.2,590.2,112.52,1273.2
1425,2024-02-28,5,339.0,1.0,陈强,普通,13805234280,智能耳机,联想,170.0,4,美妆护肤,郑州仓库-13号,郑州区域,郑州区域,王经理,情人节特惠,0.7,货到付款,申通快递,5,0.95,29.0,0.11,1695.0,845.0,186.45,1639.25
1426,2024-03-01,6,349.0,0.8,杨强,银卡,13805246625,便携耳机,戴尔,175.0,5,家居日用,北京仓库-1号,北京区域,北京区域,张经理,,,支付宝,京东物流,1,0.9,5.0,0.03,1675.2,625.2,50.26,1512.68
1427,2024-03-02,7,359.0,0.8500000000000001,赵强,金卡,13805258970,专业耳机,索尼,180.0,6,运动户外,深圳仓库-4号,深圳区域,深圳区域,刘经理,国庆特卖,0.8,微信支付,菜鸟驿站,2,1.1,11.0,0.05,2136.05,876.05,106.8,2360.66
1428,2024-03-03,8,369.0,0.9,黄强,钻石,13805271315,豪华耳机,佳能,185.0,7,图书音像,武汉仓库-7号,武汉区域,武汉区域,赵经理,新品首发,0.85,银行卡,德邦快递,3,1.05,17.0,0.07,2656.8,1176.8,185.98,2806.64
1429,2024-03-04,9,379.0,0.9500000000000001,周强,普通,13805283660,简约耳机,飞利浦,190.0,8,母婴用品,重庆仓库-10号,重庆区域,重庆区域,吴经理,会员专享,0.9,信用卡,顺丰速运,4,1.0,23.0,0.09,3240.45,1530.45,291.64,3263.45
1430,2024-03-05,10,389.0,1.0,吴强,银卡,13805296005,创新耳机,松下,195.0,9,汽车用品,郑州仓库-13号,郑州区域,郑州区域,王经理,限时秒杀,0.95,货到付款,圆通快递,5,0.95,29.0,0.11,3890.0,1940.0,427.9,3724.5
1431,2024-03-06,1,399.0,0.8,张伟,金卡,13805308350,高端键盘,华为,200.0,10,办公文具,北京仓库-1号,北京区域,北京区域,张经理,,,支付宝,顺丰速运,1,0.9,5.0,0.03,319.2,119.2,9.58,292.28
1432,2024-03-07,2,409.0,0.8500000000000001,李伟,钻石,13805320695,精品键盘,苹果,205.0,11,珠宝饰品,深圳仓库-4号,深圳区域,深圳区域,刘经理,618大促,0.55,微信支付,圆通快递,2,1.1,11.0,0.05,695.3,285.3,34.77,775.83
1433,2024-03-08,3,419.0,0.9,王伟,普通,13805333040,经典键盘,小米,210.0,12,宠物用品,武汉仓库-7号,武汉区域,武汉区域,赵经理,年货节,0.6,银行卡,中通快递,3,1.05,17.0,0.07,1131.3,501.3,79.19,1204.87
1434,2024-03-09,4,429.0,0.9500000000000001,刘伟,银卡,13805345385,时尚键盘,三星,215.0,13,医疗保健,重庆仓库-10号,重庆区域,重庆区域,吴经理,开学季,0.65,信用卡,韵达快递,4,1.0,23.0,0.09,1630.2,770.2,146.72,1653.2
1435,2024-03-10,5,439.0,1.0,陈伟,金卡,13805357730,智能键盘,联想,220.0,14,玩具乐器,郑州仓库-13号,郑州区域,郑州区域,王经理,情人节特惠,0.7,货到付款,申通快递,5,0.95,29.0,0.11,2195.0,1095.0,241.45,2114.25
1436,2024-03-11,6,449.0,0.8,杨伟,钻石,13805370075,便携键盘,戴尔,225.0,15,生鲜果蔬,北京仓库-1号,北京区域,北京区域,张经理,,,支付宝,京东物流,1,0.9,5.0,0.03,2155.2,805.2,64.66,1944.68
1437,2024-03-12,7,459.0,0.8500000000000001,赵伟,普通,13805382420,专业键盘,索尼,230.0,16,箱包皮具,深圳仓库-4号,深圳区域,深圳区域,刘经理,618大促,0.55,微信支付,菜鸟驿站,2,1.1,11.0,0.05,2731.05,1121.05,136.55,3015.16
1438,2024-03-13,8,469.0,0.9,黄伟,银卡,13805394765,豪华键盘,佳能,235.0,17,钟表眼镜,武汉仓库-7号,武汉区域,武汉区域,赵经理,年货节,0.6,银行卡,德邦快递,3,1.05,17.0,0.07,3376.8,1496.8,236.38,3562.64
1439,2024-03-14,9,479.0,0.9500000000000001,周伟,金卡,13805407110,简约键盘,飞利浦,240.0,18,厨房用具,重庆仓库-10号,重庆区域,重庆区域,吴经理,开学季,0.65,信用卡,顺丰速运,4,1.0,23.0,0.09,4095.45,1935.45,368.59,4118.45
1440,2024-03-15,10,489.0,1.0,吴伟,钻石,13805419455,创新键盘,松下,245.0,19,五金工具,郑州仓库-13号,郑州区域,郑州区域,王经理,情人节特惠,0.7,货到付款,圆通快递,5,0.95,29.0,0.11,4890.0,2440.0,537.9,4674.5
1441,2024-03-16,1,499.0,0.8,张芳,普通,13805431800,高端显示器,华为,250.0,0,数码电子,北京仓库-1号,北京区域,北京区域,张经理,,,支付宝,顺丰速运,1,0.9,5.0,0.03,399.2,149.2,11.98,364.28
1442,2024-03-17,2,509.0,0.8500000000000001,李芳,银卡,13805444145,精品显示器,苹果,255.0,1,家用电器,深圳仓库-4号,深圳区域,深圳区域,刘经理,国庆特卖,0.8,微信支付,圆通快递,2,1.1,11.0,0.05,865.3,355.3,43.27,962.83
1443,2024-03-18,3,519.0,0.9,王芳,金卡,13805456490,经典显示器,小米,260.0,2,服装鞋帽,武汉仓库-7号,武汉区域,武汉区域,赵经理,新品首发,0.85,银行卡,中通快递,3,1.05,17.0,0.07,1401.3,621.3,98.09,1488.37
1444,2024-03-19,4,529.0,0.9500000000000001,刘芳,钻石,13805468835,时尚显示器,三星,265.0,3,食品饮料,重庆仓库-10号,重庆区域,重庆区域,吴经理,会员专享,0.9,信用卡,韵达快递,4,1.0,23.0,0.09,2010.2,950.2,180.92,2033.2
1445,2024-03-20,5,539.0,1.0,陈芳,普通,13805481180,智能显示器,联想,270.0,4,美妆护肤,郑州仓库-13号,郑州区域,郑州区域,王经理,限时秒杀,0.95,货到付款,申通快递,5,0.95,29.0,0.11,2695.0,1345.0,296.45,2589.25
1446,2024-03-21,6,549.0,0.8,杨芳,银卡,13805493525,便携显示器,戴尔,275.0,5,家居日用,北京仓库-1号,北京区域,北京区域,张经理,,,支付宝,京东物流,1,0.9,5.0,0.03,2635.2,985.2,79.06,2376.68
1447,2024-03-22,7,559.0,0.8500000000000001,赵芳,金卡,13805505870,专业显示器,索尼,280.0,6,运动户外,深圳仓库-4号,深圳区域,深圳区域,刘经理,618大促,0.55,微信支付,菜鸟驿站,2,1.1,11.0,0.05,3326.05,1366.05,166.3,3669.66
1448,2024-03-23,8,569.0,0.9,黄芳,钻石,13805518215,豪华显示器,佳能,285.0,7,图书音像,武汉仓库-7号,武汉区域,武汉区域,赵经理,年货节,0.6,银行卡,德邦快递,3,1.05,17.0,0.07,4096.8,1816.8,286.78,4318.64
1449,2024-03-24,9,579.0,0.9500000000000001,周芳,普通,13805530560,简约显示器,飞利浦,290.0,8,母婴用品,重庆仓库-10号,重庆区域,重庆区域,吴经理,开学季,0.65,信用卡,顺丰速运,4,1.0,23.0,0.09,4950.45,2340.45,445.54,4973.45
1450,2024-03-25,10,589.0,1.0,吴芳,银卡,13805542905,创新显示器,松下,295.0,9,汽车用品,郑州仓库-13号,郑州区域,郑州区域,王经理,情人节特惠,0.7,货到付款,圆通快递,5,0.95,29.0,0.11,5890.0,2940.0,647.9,5624.5
1451,2024-03-26,1,599.0,0.8,张娟,金卡,13805555250,高端平板,华为,300.0,10,办公文具,北京仓库-1号,北京区域,北京区域,张经理,,,支付宝,顺丰速运,1,0.9,5.0,0.03,479.2,179.2,14.38,436.28
1452,2024-03-27,2,609.0,0.8500000000000001,李娟,钻石,13805567595,精品平板,苹果,305.0,11,珠宝饰品,深圳仓库-4号,深圳区域,深圳区域,刘经理,618大促,0.55,微信支付,圆通快递,2,1.1,11.0,0.05,1035.3,425.3,51.77,1149.83
1453,2024-03-28,3,619.0,0.9,王娟,普通,13805579940,经典平板,小米,310.0,12,宠物用品,武汉仓库-7号,武汉区域,武汉区域,赵经理,年货节,0.6,银行卡,中通快递,3,1.05,17.0,0.07,1671.3,741.3,116.99,1771.87
1454,2024-03-28,4,629.0,0.9500000000000001,刘娟,银卡,13805592285,时尚平板,三星,315.0,13,医疗保健,重庆仓库-10号,重庆区域,重庆区域,吴经理,开学季,0.65,信用卡,韵达快递,4,1.0,23.0,0.09,2390.2,1130.2,215.12,2413.2
1455,2024-03-28,5,639.0,1.0,陈娟,金卡,13805604630,智能平板,联想,320.0,14,玩具乐器,郑州仓库-13号,郑州区域,郑州区域,王经理,情人节特惠,0.7,货到付款,申通快递,5,0.95,29.0,0.11,3195.0,1595.0,351.45,3064.25
1456,2024-04-01,6,649.0,0.8,杨娟,钻石,13805616975,便携平板,戴尔,325.0,15,生鲜果蔬,北京仓库-1号,北京区域,北京区域,张经理,,,支付宝,京东物流,1,0.9,5.0,0.03,3115.2,1165.2,93.46,2808.68
1457,2024-04-02,7,659.0,0.8500000000000001,赵娟,普通,13805629320,专业平板,索尼,330.0,16,箱包皮具,深圳仓库-4号,深圳区域,深圳区域,刘经理,国庆特卖,0.8,微信支付,菜鸟驿站,2,1.1,11.0,0.05,3921.05,1611.05,196.05,4324.16
1458,2024-04-03,8,669.0,0.9,黄娟,银卡,13805641665,豪华平板,佳能,335.0,17,钟表眼镜,武汉仓库-7号,武汉区域,武汉区域,赵经理,新品首发,0.85,银行卡,德邦快递,3,1.05,17.0,0.07,4816.8,2136.8,337.18,5074.64
1459,2024-04-04,9,679.0,0.9500000000000001,周娟,金卡,13805654010,简约平板,飞利浦,340.0,18,厨房用具,重庆仓库-10号,重庆区域,重庆区域,吴经理,会员专享,0.9,信用卡,顺丰速运,4,1.0,23.0,0.09,5805.45,2745.45,522.49,5828.45
1460,2024-04-05,10,689.0,1.0,吴娟,钻石,13805666355,创新平板,松下,345.0,19,五金工具,郑州仓库-13号,郑州区域,郑州区域,王经理,限时秒杀,0.95,货到付款,圆通快递,5,0.95,29.0,0.11,6890.0,3440.0,757.9,6574.5
1461,2024-04-06,1,699.0,0.8,张敏,普通,13805678700,高端音箱,华为,350.0,0,数码电子,北京仓库-1号,北京区域,北京区域,张经理,,,支付宝,顺丰速运,1,0.9,5.0,0.03,559.2,209.2,16.78,508.28
1462,2024-04-07,2,709.0,0.8500000000000001,李敏,银卡,13805691045,精品音箱,苹果,355.0,1,家用电器,深圳仓库-4号,深圳区域,深圳区域,刘经理,618大促,0.55,微信支付,圆通快递,2,1.1,11.0,0.05,1205.3,495.3,60.27,1336.83
1463,2024-04-08,3,719.0,0.9,王敏,金卡,13805703390,经典音箱,小米,360.0,2,服装鞋帽,武汉仓库-7号,武汉区域,武汉区域,赵经理,年货节,0.6,银行卡,中通快递,3,1.05,17.0,0.07,1941.3,861.3,135.89,2055.36
1464,2024-04-09,4,729.0,0.9500000000000001,刘敏,钻石,13805715735,时尚音箱,三星,365.0,3,食品饮料,重庆仓库-10号,重庆区域,重庆区域,吴经理,开学季,0.65,信用卡,韵达快递,4,1.0,23.0,0.09,2770.2,1310.2,249.32,2793.2
1465,2024-04-10,5,739.0,1.0,陈敏,普通,13805728080,智能音箱,联想,370.0,4,美妆护肤,郑州仓库-13号,郑州区域,郑州区域,王经理,情人节特惠,0.7,货到付款,申通快递,5,0.95,29.0,0.11,3695.0,1845.0,406.45,3539.25
1466,2024-04-11,6,749.0,0.8,杨敏,银卡,13805740425,便携音箱,戴尔,375.0,5,家居日用,北京仓库-1号,北京区域,北京区域,张经理,,,支付宝,京东物流,1,0.9,5.0,0.03,3595.2,1345.2,107.86,3240.68
1467,2024-04-12,7,759.0,0.8500000000000001,赵敏,金卡,13805752770,专业音箱,索尼,380.0,6,运动户外,深圳仓库-4号,深圳区域,深圳区域,刘经理,618大促,0.55,微信支付,菜鸟驿站,2,1.1,11.0,0.05,4516.05,1856.05,225.8,4978.66
1468,2024-04-13,8,769.0,0.9,黄敏,钻石,13805765115,豪华音箱,佳能,385.0,7,图书音像,武汉仓库-7号,武汉区域,武汉区域,赵经理,年货节,0.6,银行卡,德邦快递,3,1.05,17.0,0.07,5536.8,2456.8,387.58,5830.64
1469,2024-04-14,9,779.0,0.9500000000000001,周敏,普通,13805777460,简约音箱,飞利浦,390.0,8,母婴用品,重庆仓库-10号,重庆区域,重庆区域,吴经理,开学季,0.65,信用卡,顺丰速运,4,1.0,23.0,0.09,6660.45,3150.45,599.44,6683.45
1470,2024-04-15,10,789.0,1.0,吴敏,银卡,13805789805,创新音箱,松下,395.0,9,汽车用品,郑州仓库-13号,郑州区域,郑州区域,王经理,情人节特惠,0.7,货到付款,圆通快递,5,0.95,29.0,0.11,7890.0,3940.0,867.9,7524.5
1471,2024-04-16,1,799.0,0.8,张静,金卡,13805802150,高端手表,华为,400.0,10,办公文具,北京仓库-1号,北京区域,北京区域,张经理,,,支付宝,顺丰速运,1,0.9,5.0,0.03,639.2,239.2,19.18,580.28
1472,2024-04-17,2,809.0,0.8500000000000001,李静,钻石,13805814495,精品手表,苹果,405.0,11,珠宝饰品,深圳仓库-4号,深圳区域,深圳区域,刘经理,国庆特卖,0.8,微信支付,圆通快递,2,1.1,11.0,0.05,1375.3,565.3,68.77,1523.83
1473,2024-04-18,3,819.0,0.9,王静,普通,13805826840,经典手表,小米,410.0,12,宠物用品,武汉仓库-7号,武汉区域,武汉区域,赵经理,新品首发,0.85,银行卡,中通快递,3,1.05,17.0,0.07,2211.3,981.3,154.79,2338.87
1474,2024-04-19,4,829.0,0.9500000000000001,刘静,银卡,13805839185,时尚手表,三星,415.0,13,医疗保健,重庆仓库-10号,重庆区域,重庆区域,吴经理,会员专享,0.9,信用卡,韵达快递,4,1.0,23.0,0.09,3150.2,1490.2,283.52,3173.2
1475,2024-04-20,5,839.0,1.0,陈静,金卡,13805851530,智能手表,联想,420.0,14,玩具乐器,郑州仓库-13号,郑州区域,郑州区域,王经理,限时秒杀,0.95,货到付款,申通快递,5,0.95,29.0,0.11,4195.0,2095.0,461.45,4014.25
1476,2024-04-21,6,849.0,0.8,杨静,钻石,13805863875,便携手表,戴尔,425.0,15,生鲜果蔬,北京仓库-1号,北京区域,北京区域,张经理,,,支付宝,京东物流,1,0.9,5.0,0.03,4075.2,1525.2,122.26,3672.68
1477,2024-04-22,7,859.0,0.8500000000000001,赵静,普通,13805876220,专业手表,索尼,430.0,16,箱包皮具,深圳仓库-4号,深圳区域,深圳区域,刘经理,618大促,0.55,微信支付,菜鸟驿站,2,1.1,11.0,0.05,5111.05,2101.05,255.55,5633.16
1478,2024-04-23,8,869.0,0.9,黄静,银卡,13805888565,豪华手表,佳能,435.0,17,钟表眼镜,武汉仓库-7号,武汉区域,武汉区域,赵经理,年货节,0.6,银行卡,德邦快递,3,1.05,17.0,0.07,6256.8,2776.8,437.98,6586.64
1479,2024-04-24,9,879.0,0.9500000000000001,周静,金卡,13805900910,简约手表,飞利浦,440.0,18,厨房用具,重庆仓库-10号,重庆区域,重庆区域,吴经理,开学季,0.65,信用卡,顺丰速运,4,1.0,23.0,0.09,7515.45,3555.45,676.39,7538.45
1480,2024-04-25,10,889.0,1.0,吴静,钻石,13805913255,创新手表,松下,445.0,19,五金工具,郑州仓库-13号,郑州区域,郑州区域,王经理,情人节特惠,0.7,货到付款,圆通快递,5,0.95,29.0,0.11,8890.0,4440.0,977.9,8474.5
1481,2024-04-26,1,899.0,0.8,张丽,普通,13805925600,高端相机,华为,450.0,0,数码电子,北京仓库-1号,北京区域,北京区域,张经理,,,支付宝,顺丰速运,1,0.9,5.0,0.03,719.2,269.2,21.58,652.28
1482,2024-04-27,2,909.0,0.8500000000000001,李丽,银卡,13805937945,精品相机,苹果,455.0,1,家用电器,深圳仓库-4号,深圳区域,深圳区域,刘经理,618大促,0.55,微信支付,圆通快递,2,1.1,11.0,0.05,1545.3,635.3,77.27,1710.83
1483,2024-04-28,3,919.0,0.9,王丽,金卡,13805950290,经典相机,小米,460.0,2,服装鞋帽,武汉仓库-7号,武汉区域,武汉区域,赵经理,年货节,0.6,银行卡,中通快递,3,1.05,17.0,0.07,2481.3,1101.3,173.69,2622.37
1484,2024-04-28,4,929.0,0.9500000000000001,刘丽,钻石,13805962635,时尚相机,三星,465.0,3,食品饮料,重庆仓库-10号,重庆区域,重庆区域,吴经理,开学季,0.65,信用卡,韵达快递,4,1.0,23.0,0.09,3530.2,1670.2,317.72,3553.2
1485,2024-04-28,5,939.0,1.0,陈丽,普通,13805974980,智能相机,联想,470.0,4,美妆护肤,郑州仓库-13号,郑州区域,郑州区域,王经理,情人节特惠,0.7,货到付款,申通快递,5,0.95,29.0,0.11,4695.0,2345.0,516.45,4489.25
1486,2024-05-01,6,949.0,0.8,杨丽,银卡,13805987325,便携相机,戴尔,475.0,5,家居日用,北京仓库-1号,北京区域,北京区域,张经理,,,支付宝,京东物流,1,0.9,5.0,0.03,4555.2,1705.2,136.66,4104.68
1487,2024-05-02,7,959.0,0.8500000000000001,赵丽,金卡,13805999670,专业相机,索尼,480.0,6,运动户外,深圳仓库-4号,深圳区域,深圳区域,刘经理,国庆特卖,0.8,微信支付,菜鸟驿站,2,1.1,11.0,0.05,5706.05,2346.05,285.3,6287.66
1488,2024-05-03,8,969.0,0.9,黄丽,钻石,13806012015,豪华相机,佳能,485.0,7,图书音像,武汉仓库-7号,武汉区域,武汉区域,赵经理,新品首发,0.85,银行卡,德邦快递,3,1.05,17.0,0.07,6976.8,3096.8,488.38,7342.64
1489,2024-05-04,9,979.0,0.9500000000000001,周丽,普通,13806024360,简约相机,飞利浦,490.0,8,母婴用品,重庆仓库-10号,重庆区域,重庆区域,吴经理,会员专享,0.9,信用卡,顺丰速运,4,1.0,23.0,0.09,8370.45,3960.45,753.34,8393.45
1490,2024-05-05,10,989.0,1.0,吴丽,银卡,13806036705,创新相机,松下,495.0,9,汽车用品,郑州仓库-13号,郑州区域,郑州区域,王经理,限时秒杀,0.95,货到付款,圆通快递,5,0.95,29.0,0.11,9890.0,4940.0,1087.9,9424.5
1491,2024-05-06,1,999.0,0.8,张勇,金卡,13806049050,高端充电器,华为,500.0,10,办公文具,北京仓库-1号,北京区域,北京区域,张经理,,,支付宝,顺丰速运,1,0.9,5.0,0.03,799.2,299.2,23.98,724.28
1492,2024-05-07,2,1009.0,0.8500000000000001,李勇,钻石,13806061395,精品充电器,苹果,505.0,11,珠宝饰品,深圳仓库-4号,深圳区域,深圳区域,刘经理,618大促,0.55,微信支付,圆通快递,2,1.1,11.0,0.05,1715.3,705.3,85.77,1897.83
1493,2024-05-08,3,1019.0,0.9,王勇,普通,13806073740,经典充电器,小米,510.0,12,宠物用品,武汉仓库-7号,武汉区域,武汉区域,赵经理,年货节,0.6,银行卡,中通快递,3,1.05,17.0,0.07,2751.3,1221.3,192.59,2905.87
1494,2024-05-09,4,1029.0,0.9500000000000001,刘勇,银卡,13806086085,时尚充电器,三星,515.0,13,医疗保健,重庆仓库-10号,重庆区域,重庆区域,吴经理,开学季,0.65,信用卡,韵达快递,4,1.0,23.0,0.09,3910.2,1850.2,351.92,3933.2
1495,2024-05-10,5,1039.0,1.0,陈勇,金卡,13806098430,智能充电器,联想,520.0,14,玩具乐器,郑州仓库-13号,郑州区域,郑州区域,王经理,情人节特惠,0.7,货到付款,申通快递,5,0.95,29.0,0.11,5195.0,2595.0,571.45,4964.25
1496,2024-05-11,6,1049.0,0.8,杨勇,钻石,13806110775,便携充电器,戴尔,525.0,15,生鲜果蔬,北京仓库-1号,北京区域,北京区域,张经理,,,支付宝,京东物流,1,0.9,5.0,0.03,5035.2,1885.2,151.06,4536.68
1497,2024-05-12,7,1059.0,0.8500000000000001,赵勇,普通,13806123120,专业充电器,索尼,530.0,16,箱包皮具,深圳仓库-4号,深圳区域,深圳区域,刘经理,618大促,0.55,微信支付,菜鸟驿站,2,1.1,11.0,0.05,6301.05,2591.05,315.05,6942.16
1498,2024-05-13,8,1069.0,0.9,黄勇,银卡,13806135465,豪华充电器,佳能,535.0,17,钟表眼镜,武汉仓库-7号,武汉区域,武汉区域,赵经理,年货节,0.6,银行卡,德邦快递,3,1.05,17.0,0.07,7696.8,3416.8,538.78,8098.64
1499,2024-05-14,9,1079.0,0.9500000000000001,周勇,金卡,13806147810,简约充电器,飞利浦,540.0,18,厨房用具,重庆仓库-10号,重庆区域,重庆区域,吴经理,开学季,0.65,信用卡,顺丰速运,4,1.0,23.0,0.09,9225.45,4365.45,830.29,9248.45
1500,2024-05-15,10,1089.0,1.0,吴勇,钻石,13806160155,创新充电器,松下,545.0,19,五金工具,郑州仓库-13号,郑州区域,郑州区域,王经理,情人节特惠,0.7,货到付款,圆通快递,5,0.95,29.0,0.11,10890.0,5440.0,1197.9,10374.5
1501,2024-05-16,1,1099.0,0.8,张明,普通,13800000000,高端手机,华为,550.0,0,数码电子,北京仓库-1号,北京区域,北京区域,张经理,,,支付宝,顺丰速运,1,0.9,5.0,0.03,879.2,329.2,26.38,796.28
1502,2024-05-17,2,1109.0,0.8500000000000001,李明,银卡,13800012345,精品手机,苹果,555.0,1,家用电器,深圳仓库-4号,深圳区域,深圳区域,刘经理,国庆特卖,0.8,微信支付,圆通快递,2,1.1,11.0,0.05,1885.3,775.3,94.27,2084.83
1503,2024-05-18,3,1119.0,0.9,王明,金卡,13800024690,经典手机,小米,560.0,2,服装鞋帽,武汉仓库-7号,武汉区域,武汉区域,赵经理,新品首发,0.85,银行卡,中通快递,3,1.05,17.0,0.07,3021.3,1341.3,211.49,3189.37
1504,2024-05-19,4,1129.0,0.9500000000000001,刘明,钻石,13800037035,时尚手机,三星,565.0,3,食品饮料,重庆仓库-10号,重庆区域,重庆区域,吴经理,会员专享,0.9,信用卡,韵达快递,4,1.0,23.0,0.09,4290.2,2030.2,386.12,4313.2
1505,2024-05-20,5,1139.0,1.0,陈明,普通,13800049380,智能手机,联想,570.0,4,美妆护肤,郑州仓库-13号,郑州区域,郑州区域,王经理,限时秒杀,0.95,货到付款,申通快递,5,0.95,29.0,0.11,5695.0,2845.0,626.45,5439.25
1506,2024-05-21,6,1149.0,0.8,杨明,银卡,13800061725,便携手机,戴尔,575.0,5,家居日用,北京仓库-1号,北京区域,北京区域,张经理,,,支付宝,京东物流,1,0.9,5.0,0.03,5515.2,2065.2,165.46,4968.68
1507,2024-05-22,7,1159.0,0.8500000000000001,赵明,金卡,13800074070,专业手机,索尼,580.0,6,运动户外,深圳仓库-4号,深圳区域,深圳区域,刘经理,618大促,0.55,微信支付,菜鸟驿站,2,1.1,11.0,0.05,6896.05,2836.05,344.8,7596.66
1508,2024-05-23,8,1169.0,0.9,黄明,钻石,13800086415,豪华手机,佳能,585.0,7,图书音像,武汉仓库-7号,武汉区域,武汉区域,赵经理,年货节,0.6,银行卡,德邦快递,3,1.05,17.0,0.07,8416.8,3736.8,589.18,8854.64
1509,2024-05-24,9,1179.0,0.9500000000000001,周明,普通,13800098760,简约手机,飞利浦,590.0,8,母婴用品,重庆仓库-10号,重庆区域,重庆区域,吴经理,开学季,0.65,信用卡,顺丰速运,4,1.0,23.0,0.09,10080.45,4770.45,907.24,10103.45
1510,2024-05-25,10,1189.0,1.0,吴明,银卡,13800111105,创新手机,松下,595.0,9,汽车用品,郑州仓库-13号,郑州区域,郑州区域,王经理,情人节特惠,0.7,货到付款,圆通快递,5,0.95,29.0,0.11,11890.0,5940.0,1307.9,11324.5
1511,2024-05-26,1,1199.0,0.8,张华,金卡,13800123450,高端电脑,华为,600.0,10,办公文具,北京仓库-1号,北京区域,北京区域,张经理,,,支付宝,顺丰速运,1,0.9,5.0,0.03,959.2,359.2,28.78,868.28
1512,2024-05-27,2,1209.0,0.8500000000000001,李华,钻石,13800135795,精品电脑,苹果,605.0,11,珠宝饰品,深圳仓库-4号,深圳区域,深圳区域,刘经理,618大促,0.55,微信支付,圆通快递,2,1.1,11.0,0.05,2055.3,845.3,102.77,2271.83
1513,2024-05-28,3,1219.0,0.9,王华,普通,13800148140,经典电脑,小米,610.0,12,宠物用品,武汉仓库-7号,武汉区域,武汉区域,赵经理,年货节,0.6,银行卡,中通快递,3,1.05,17.0,0.07,3291.3,1461.3,230.39,3472.87
1514,2024-05-28,4,1229.0,0.9500000000000001,刘华,银卡,13800160485,时尚电脑,三星,615.0,13,医疗保健,重庆仓库-10号,重庆区域,重庆区域,吴经理,开学季,0.65,信用卡,韵达快递,4,1.0,23.0,0.09,4670.2,2210.2,420.32,4693.2
1515,2024-05-28,5,1239.0,1.0,陈华,金卡,13800172830,智能电脑,联想,620.0,14,玩具乐器,郑州仓库-13号,郑州区域,郑州区域,王经理,情人节特惠,0.7,货到付款,申通快递,5,0.95,29.0,0.11,6195.0,3095.0,681.45,5914.25
1516,2024-06-01,6,1249.0,0.8,杨华,钻石,13800185175,便携电脑,戴尔,625.0,15,生鲜果蔬,北京仓库-1号,北京区域,北京区域,张经理,,,支付宝,京东物流,1,0.9,5.0,0.03,5995.2,2245.2,179.86,5400.68
1517,2024-06-02,7,1259.0,0.8500000000000001,赵华,普通,13800197520,专业电脑,索尼,630.0,16,箱包皮具,深圳仓库-4号,深圳区域,深圳区域,刘经理,国庆特卖,0.8,微信支付,菜鸟驿站,2,1.1,11.0,0.05,7491.05,3081.05,374.55,8251.16
1518,2024-06-03,8,1269.0,0.9,黄华,银卡,13800209865,豪华电脑,佳能,635.0,17,钟表眼镜,武汉仓库-7号,武汉区域,武汉区域,赵经理,新品首发,0.85,银行卡,德邦快递,3,1.05,17.0,0.07,9136.8,4056.8,639.58,9610.64
1519,2024-06-04,9,1279.0,0.9500000000000001,周华,金卡,13800222210,简约电脑,飞利浦,640.0,18,厨房用具,重庆仓库-10号,重庆区域,重庆区域,吴经理,会员专享,0.9,信用卡,顺丰速运,4,1.0,23.0,0.09,10935.45,5175.45,984.19,10958.45
1520,2024-06-05,10,1289.0,1.0,吴华,钻石,13800234555,创新电脑,松下,645.0,19,五金工具,郑州仓库-13号,郑州区域,郑州区域,王经理,限时秒杀,0.95,货到付款,圆通快递,5,0.95,29.0,0.11,12890.0,6440.0,1417.9,12274.5
1521,2024-06-06,1,1299.0,0.8,张强,普通,13800246900,高端耳机,华为,650.0,0,数码电子,北京仓库-1号,北京区域,北京区域,张经理,,,支付宝,顺丰速运,1,0.9,5.0,0.03,1039.2,389.2,31.18,940.28
1522,2024-06-07,2,1309.0,0.8500000000000001,李强,银卡,13800259245,精品耳机,苹果,655.0,1,家用电器,深圳仓库-4号,深圳区域,深圳区域,刘经理,618大促,0.55,微信支付,圆通快递,2,1.1,11.0,0.05,2225.3,915.3,111.27,2458.83
1523,2024-06-08,3,1319.0,0.9,王强,金卡,13800271590,经典耳机,小米,660.0,2,服装鞋帽,武汉仓库-7号,武汉区域,武汉区域,赵经理,年货节,0.6,银行卡,中通快递,3,1.05,17.0,0.07,3561.3,1581.3,249.29,3756.37
1524,2024-06-09,4,1329.0,0.9500000000000001,刘强,钻石,13800283935,时尚耳机,三星,665.0,3,食品饮料,重庆仓库-10号,重庆区域,重庆区域,吴经理,开学季,0.65,信用卡,韵达快递,4,1.0,23.0,0.09,5050.2,2390.2,454.52,5073.2
1525,2024-06-10,5,1339.0,1.0,陈强,普通,13800296280,智能耳机,联想,670.0,4,美妆护肤,郑州仓库-13号,郑州区域,郑州区域,王经理,情人节特惠,0.7,货到付款,申通快递,5,0.95,29.0,0.11,6695.0,3345.0,736.45,6389.25
1526,2024-06-11,6,1349.0,0.8,杨强,银卡,13800308625,便携耳机,戴尔,675.0,5,家居日用,北京仓库-1号,北京区域,北京区域,张经理,,,支付宝,京东物流,1,0.9,5.0,0.03,6475.2,2425.2,194.26,5832.68
1527,2024-06-12,7,1359.0,0.8500000000000001,赵强,金卡,13800320970,专业耳机,索尼,680.0,6,运动户外,深圳仓库-4号,深圳区域,深圳区域,刘经理,618大促,0.55,微信支付,菜鸟驿站,2,1.1,11.0,0.05,8086.05,3326.05,404.3,8905.66
1528,2024-06-13,8,1369.0,0.9,黄强,钻石,13800333315,豪华耳机,佳能,685.0,7,图书音像,武汉仓库-7号,武汉区域,武汉区域,赵经理,年货节,0.6,银行卡,德邦快递,3,1.05,17.0,0.07,9856.8,4376.8,689.98,10366.64
1529,2024-06-14,9,1379.0,0.9500000000000001,周强,普通,13800345660,简约耳机,飞利浦,690.0,8,母婴用品,重庆仓库-10号,重庆区域,重庆区域,吴经理,开学季,0.65,信用卡,顺丰速运,4,1.0,23.0,0.09,11790.45,5580.45,1061.14,11813.45
1530,2024-06-15,10,1389.0,1.0,吴强,银卡,13800358005,创新耳机,松下,695.0,9,汽车用品,郑州仓库-13号,郑州区域,郑州区域,王经理,情人节特惠,0.7,货到付款,圆通快递,5,0.95,29.0,0.11,13890.0,6940.0,1527.9,13224.5
1531,2024-06-16,1,1399.0,0.8,张伟,金卡,13800370350,高端键盘,华为,700.0,10,办公文具,北京仓库-1号,北京区域,北京区域,张经理,,,支付宝,顺丰速运,1,0.9,5.0,0.03,1119.2,419.2,33.58,1012.28
1532,2024-06-17,2,1409.0,0.8500000000000001,李伟,钻石,13800382695,精品键盘,苹果,705.0,11,珠宝饰品,深圳仓库-4号,深圳区域,深圳区域,刘经理,国庆特卖,0.8,微信支付,圆通快递,2,1.1,11.0,0.05,2395.3,985.3,119.77,2645.83
1533,2024-06-18,3,1419.0,0.9,王伟,普通,13800395040,经典键盘,小米,710.0,12,宠物用品,武汉仓库-7号,武汉区域,武汉区域,赵经理,新品首发,0.85,银行卡,中通快递,3,1.05,17.0,0.07,3831.3,1701.3,268.19,4039.87
1534,2024-06-19,4,1429.0,0.9500000000000001,刘伟,银卡,13800407385,时尚键盘,三星,715.0,13,医疗保健,重庆仓库-10号,重庆区域,重庆区域,吴经理,会员专享,0.9,信用卡,韵达快递,4,1.0,23.0,0.09,5430.2,2570.2,488.72,5453.2
1535,2024-06-20,5,1439.0,1.0,陈伟,金卡,13800419730,智能键盘,联想,720.0,14,玩具乐器,郑州仓库-13号,郑州区域,郑州区域,王经理,限时秒杀,0.95,货到付款,申通快递,5,0.95,29.0,0.11,7195.0,3595.0,791.45,6864.25
1536,2024-06-21,6,1449.0,0.8,杨伟,钻石,13800432075,便携键盘,戴尔,725.0,15,生鲜果蔬,北京仓库-1号,北京区域,北京区域,张经理,,,支付宝,京东物流,1,0.9,5.0,0.03,6955.2,2605.2,208.66,6264.68
1537,2024-06-22,7,1459.0,0.8500000000000001,赵伟,普通,13800444420,专业键盘,索尼,730.0,16,箱包皮具,深圳仓库-4号,深圳区域,深圳区域,刘经理,618大促,0.55,微信支付,菜鸟驿站,2,1.1,11.0,0.05,8681.05,3571.05,434.05,9560.16
1538,2024-06-23,8,1469.0,0.9,黄伟,银卡,13800456765,豪华键盘,佳能,735.0,17,钟表眼镜,武汉仓库-7号,武汉区域,武汉区域,赵经理,年货节,0.6,银行卡,德邦快递,3,1.05,17.0,0.07,10576.8,4696.8,740.38,11122.64
1539,2024-06-24,9,1479.0,0.9500000000000001,周伟,金卡,13800469110,简约键盘,飞利浦,740.0,18,厨房用具,重庆仓库-10号,重庆区域,重庆区域,吴经理,开学季,0.65,信用卡,顺丰速运,4,1.0,23.0,0.09,12645.45,5985.45,1138.09,12668.45
1540,2024-06-25,10,1489.0,1.0,吴伟,钻石,13800481455,创新键盘,松下,745.0,19,五金工具,郑州仓库-13号,郑州区域,郑州区域,王经理,情人节特惠,0.7,货到付款,圆通快递,5,0.95,29.0,0.11,14890.0,7440.0,1637.9,14174.5
1541,2024-06-26,1,1499.0,0.8,张芳,普通,13800493800,高端显示器,华为,750.0,0,数码电子,北京仓库-1号,北京区域,北京区域,张经理,,,支付宝,顺丰速运,1,0.9,5.0,0.03,1199.2,449.2,35.98,1084.28
1542,2024-06-27,2,1509.0,0.8500000000000001,李芳,银卡,13800506145,精品显示器,苹果,755.0,1,家用电器,深圳仓库-4号,深圳区域,深圳区域,刘经理,618大促,0.55,微信支付,圆通快递,2,1.1,11.0,0.05,2565.3,1055.3,128.27,2832.83
1543,2024-06-28,3,1519.0,0.9,王芳,金卡,13800518490,经典显示器,小米,760.0,2,服装鞋帽,武汉仓库-7号,武汉区域,武汉区域,赵经理,年货节,0.6,银行卡,中通快递,3,1.05,17.0,0.07,4101.3,1821.3,287.09,4323.37
1544,2024-06-28,4,1529.0,0.9500000000000001,刘芳,钻石,13800530835,时尚显示器,三星,765.0,3,食品饮料,重庆仓库-10号,重庆区域,重庆区域,吴经理,开学季,0.65,信用卡,韵达快递,4,1.0,23.0,0.09,5810.2,2750.2,522.92,5833.2
1545,2024-06-28,5,1539.0,1.0,陈芳,普通,13800543180,智能显示器,联想,770.0,4,美妆护肤,郑州仓库-13号,郑州区域,郑州区域,王经理,情人节特惠,0.7,货到付款,申通快递,5,0.95,29.0,0.11,7695.0,3845.0,846.45,7339.25
1546,2024-07-01,6,1549.0,0.8,杨芳,银卡,13800555525,便携显示器,戴尔,775.0,5,家居日用,北京仓库-1号,北京区域,北京区域,张经理,,,支付宝,京东物流,1,0.9,5.0,0.03,7435.2,2785.2,223.06,6696.68
1547,2024-07-02,7,1559.0,0.8500000000000001,赵芳,金卡,13800567870,专业显示器,索尼,780.0,6,运动户外,深圳仓库-4号,深圳区域,深圳区域,刘经理,国庆特卖,0.8,微信支付,菜鸟驿站,2,1.1,11.0,0.05,9276.05,3816.05,463.8,10214.66
1548,2024-07-03,8,1569.0,0.9,黄芳,钻石,13800580215,豪华显示器,佳能,785.0,7,图书音像,武汉仓库-7号,武汉区域,武汉区域,赵经理,新品首发,0.85,银行卡,德邦快递,3,1.05,17.0,0.07,11296.8,5016.8,790.78,11878.64
1549,2024-07-04,9,1579.0,0.9500000000000001,周芳,普通,13800592560,简约显示器,飞利浦,790.0,8,母婴用品,重庆仓库-10号,重庆区域,重庆区域,吴经理,会员专享,0.9,信用卡,顺丰速运,4,1.0,23.0,0.09,13500.45,6390.45,1215.04,13523.45
1550,2024-07-05,10,1589.0,1.0,吴芳,银卡,13800604905,创新显示器,松下,795.0,9,汽车用品,郑州仓库-13号,郑州区域,郑州区域,王经理,限时秒杀,0.95,货到付款,圆通快递,5,0.95,29.0,0.11,15890.0,7940.0,1747.9,15124.5
1551,2024-07-06,1,1599.0,0.8,张娟,金卡,13800617250,高端平板,华为,800.0,10,办公文具,北京仓库-1号,北京区域,北京区域,张经理,,,支付宝,顺丰速运,1,0.9,5.0,0.03,1279.2,479.2,38.38,1156.28
1552,2024-07-07,2,1609.0,0.8500000000000001,李娟,钻石,13800629595,精品平板,苹果,805.0,11,珠宝饰品,深圳仓库-4号,深圳区域,深圳区域,刘经理,618大促,0.55,微信支付,圆通快递,2,1.1,11.0,0.05,2735.3,1125.3,136.77,3019.83
1553,2024-07-08,3,1619.0,0.9,王娟,普通,13800641940,经典平板,小米,810.0,12,宠物用品,武汉仓库-7号,武汉区域,武汉区域,赵经理,年货节,0.6,银行卡,中通快递,3,1.05,17.0,0.07,4371.3,1941.3,305.99,4606.87
1554,2024-07-09,4,1629.0,0.9500000000000001,刘娟,银卡,13800654285,时尚平板,三星,815.0,13,医疗保健,重庆仓库-10号,重庆区域,重庆区域,吴经理,开学季,0.65,信用卡,韵达快递,4,1.0,23.0,0.09,6190.2,2930.2,557.12,6213.2
1555,2024-07-10,5,1639.0,1.0,陈娟,金卡,13800666630,智能平板,联想,820.0,14,玩具乐器,郑州仓库-13号,郑州区域,郑州区域,王经理,情人节特惠,0.7,货到付款,申通快递,5,0.95,29.0,0.11,8195.0,4095.0,901.45,7814.25
1556,2024-07-11,6,1649.0,0.8,杨娟,钻石,13800678975,便携平板,戴尔,825.0,15,生鲜果蔬,北京仓库-1号,北京区域,北京区域,张经理,,,支付宝,京东物流,1,0.9,5.0,0.03,7915.2,2965.2,237.46,7128.68
1557,2024-07-12,7,1659.0,0.8500000000000001,赵娟,普通,13800691320,专业平板,索尼,830.0,16,箱包皮具,深圳仓库-4号,深圳区域,深圳区域,刘经理,618大促,0.55,微信支付,菜鸟驿站,2,1.1,11.0,0.05,9871.05,4061.05,493.55,10869.16
1558,2024-07-13,8,1669.0,0.9,黄娟,银卡,13800703665,豪华平板,佳能,835.0,17,钟表眼镜,武汉仓库-7号,武汉区域,武汉区域,赵经理,年货节,0.6,银行卡,德邦快递,3,1.05,17.0,0.07,12016.8,5336.8,841.18,12634.64
1559,2024-07-14,9,1679.0,0.9500000000000001,周娟,金卡,13800716010,简约平板,飞利浦,840.0,18,厨房用具,重庆仓库-10号,重庆区域,重庆区域,吴经理,开学季,0.65,信用卡,顺丰速运,4,1.0,23.0,0.09,14355.45,6795.45,1291.99,14378.45
1560,2024-07-15,10,1689.0,1.0,吴娟,钻石,13800728355,创新平板,松下,845.0,19,五金工具,郑州仓库-13号,郑州区域,郑州区域,王经理,情人节特惠,0.7,货到付款,圆通快递,5,0.95,29.0,0.11,16890.0,8440.0,1857.9,16074.5
1561,2024-07-16,1,1699.0,0.8,张敏,普通,13800740700,高端音箱,华为,850.0,0,数码电子,北京仓库-1号,北京区域,北京区域,张经理,,,支付宝,顺丰速运,1,0.9,5.0,0.03,1359.2,509.2,40.78,1228.28
1562,2024-07-17,2,1709.0,0.8500000000000001,李敏,银卡,13800753045,精品音箱,苹果,855.0,1,家用电器,深圳仓库-4号,深圳区域,深圳区域,刘经理,国庆特卖,0.8,微信支付,圆通快递,2,1.1,11.0,0.05,2905.3,1195.3,145.27,3206.83
1563,2024-07-18,3,1719.0,0.9,王敏,金卡,13800765390,经典音箱,小米,860.0,2,服装鞋帽,武汉仓库-7号,武汉区域,武汉区域,赵经理,新品首发,0.85,银行卡,中通快递,3,1.05,17.0,0.07,4641.3,2061.3,324.89,4890.37
1564,2024-07-19,4,1729.0,0.9500000000000001,刘敏,钻石,13800777735,时尚音箱,三星,865.0,3,食品饮料,重庆仓库-10号,重庆区域,重庆区域,吴经理,会员专享,0.9,信用卡,韵达快递,4,1.0,23.0,0.09,6570.2,3110.2,591.32,6593.2
1565,2024-07-20,5,1739.0,1.0,陈敏,普通,13800790080,智能音箱,联想,870.0,4,美妆护肤,郑州仓库-13号,郑州区域,郑州区域,王经理,限时秒杀,0.95,货到付款,申通快递,5,0.95,29.0,0.11,8695.0,4345.0,956.45,8289.25
1566,2024-07-21,6,1749.0,0.8,杨敏,银卡,13800802425,便携音箱,戴尔,875.0,5,家居日用,北京仓库-1号,北京区域,北京区域,张经理,,,支付宝,京东物流,1,0.9,5.0,0.03,8395.2,3145.2,251.86,7560.68
1567,2024-07-22,7,1759.0,0.8500000000000001,赵敏,金卡,13800814770,专业音箱,索尼,880.0,6,运动户外,深圳仓库-4号,深圳区域,深圳区域,刘经理,618大促,0.55,微信支付,菜鸟驿站,2,1.1,11.0,0.05,10466.05,4306.05,523.3,11523.66
1568,2024-07-23,8,1769.0,0.9,黄敏,钻石,13800827115,豪华音箱,佳能,885.0,7,图书音像,武汉仓库-7号,武汉区域,武汉区域,赵经理,年货节,0.6,银行卡,德邦快递,3,1.05,17.0,0.07,12736.8,5656.8,891.58,13390.64
1569,2024-07-24,9,1779.0,0.9500000000000001,周敏,普通,13800839460,简约音箱,飞利浦,890.0,8,母婴用品,重庆仓库-10号,重庆区域,重庆区域,吴经理,开学季,0.65,信用卡,顺丰速运,4,1.0,23.0,0.09,15210.45,7200.45,1368.94,15233.45
1570,2024-07-25,10,1789.0,1.0,吴敏,银卡,13800851805,创新音箱,松下,895.0,9,汽车用品,郑州仓库-13号,郑州区域,郑州区域,王经理,情人节特惠,0.7,货到付款,圆通快递,5,0.95,29.0,0.11,17890.0,8940.0,1967.9,17024.5
1571,2024-07-26,1,1799.0,0.8,张静,金卡,13800864150,高端手表,华为,900.0,10,办公文具,北京仓库-1号,北京区域,北京区域,张经理,,,支付宝,顺丰速运,1,0.9,5.0,0.03,1439.2,539.2,43.18,1300.28
1572,2024-07-27,2,1809.0,0.8500000000000001,李静,钻石,13800876495,精品手表,苹果,905.0,11,珠宝饰品,深圳仓库-4号,深圳区域,深圳区域,刘经理,618大促,0.55,微信支付,圆通快递,2,1.1,11.0,0.05,3075.3,1265.3,153.77,3393.83
1573,2024-07-28,3,1819.0,0.9,王静,普通,13800888840,经典手表,小米,910.0,12,宠物用品,武汉仓库-7号,武汉区域,武汉区域,赵经理,年货节,0.6,银行卡,中通快递,3,1.05,17.0,0.07,4911.3,2181.3,343.79,5173.87
1574,2024-07-28,4,1829.0,0.9500000000000001,刘静,银卡,13800901185,时尚手表,三星,915.0,13,医疗保健,重庆仓库-10号,重庆区域,重庆区域,吴经理,开学季,0.65,信用卡,韵达快递,4,1.0,23.0,0.09,6950.2,3290.2,625.52,6973.2
1575,2024-07-28,5,1839.0,1.0,陈静,金卡,13800913530,智能手表,联想,920.0,14,玩具乐器,郑州仓库-13号,郑州区域,郑州区域,王经理,情人节特惠,0.7,货到付款,申通快递,5,0.95,29.0,0.11,9195.0,4595.0,1011.45,8764.25
1576,2024-08-01,6,1849.0,0.8,杨静,钻石,13800925875,便携手表,戴尔,925.0,15,生鲜果蔬,北京仓库-1号,北京区域,北京区域,张经理,,,支付宝,京东物流,1,0.9,5.0,0.03,8875.2,3325.2,266.26,7992.68
1577,2024-08-02,7,1859.0,0.8500000000000001,赵静,普通,13800938220,专业手表,索尼,930.0,16,箱包皮具,深圳仓库-4号,深圳区域,深圳区域,刘经理,国庆特卖,0.8,微信支付,菜鸟驿站,2,1.1,11.0,0.05,11061.05,4551.05,553.05,12178.16
1578,2024-08-03,8,1869.0,0.9,黄静,银卡,13800950565,豪华手表,佳能,935.0,17,钟表眼镜,武汉仓库-7号,武汉区域,武汉区域,赵经理,新品首发,0.85,银行卡,德邦快递,3,1.05,17.0,0.07,13456.8,5976.8,941.98,14146.64
1579,2024-08-04,9,1879.0,0.9500000000000001,周静,金卡,13800962910,简约手表,飞利浦,940.0,18,厨房用具,重庆仓库-10号,重庆区域,重庆区域,吴经理,会员专享,0.9,信用卡,顺丰速运,4,1.0,23.0,0.09,16065.45,7605.45,1445.89,16088.45
1580,2024-08-05,10,1889.0,1.0,吴静,钻石,13800975255,创新手表,松下,945.0,19,五金工具,郑州仓库-13号,郑州区域,郑州区域,王经理,限时秒杀,0.95,货到付款,圆通快递,5,0.95,29.0,0.11,18890.0,9440.0,2077.9,17974.5
1581,2024-08-06,1,1899.0,0.8,张丽,普通,13800987600,高端相机,华为,950.0,0,数码电子,北京仓库-1号,北京区域,北京区域,张经理,,,支付宝,顺丰速运,1,0.9,5.0,0.03,1519.2,569.2,45.58,1372.28
1582,2024-08-07,2,1909.0,0.8500000000000001,李丽,银卡,13800999945,精品相机,苹果,955.0,1,家用电器,深圳仓库-4号,深圳区域,深圳区域,刘经理,618大促,0.55,微信支付,圆通快递,2,1.1,11.0,0.05,3245.3,1335.3,162.27,3580.83
1583,2024-08-08,3,1919.0,0.9,王丽,金卡,13801012290,经典相机,小米,960.0,2,服装鞋帽,武汉仓库-7号,武汉区域,武汉区域,赵经理,年货节,0.6,银行卡,中通快递,3,1.05,17.0,0.07,5181.3,2301.3,362.69,5457.37
1584,2024-08-09,4,1929.0,0.9500000000000001,刘丽,钻石,13801024635,时尚相机,三星,965.0,3,食品饮料,重庆仓库-10号,重庆区域,重庆区域,吴经理,开学季,0.65,信用卡,韵达快递,4,1.0,23.0,0.09,7330.2,3470.2,659.72,7353.2
1585,2024-08-10,5,1939.0,1.0,陈丽,普通,13801036980,智能相机,联想,970.0,4,美妆护肤,郑州仓库-13号,郑州区域,郑州区域,王经理,情人节特惠,0.7,货到付款,申通快递,5,0.95,29.0,0.11,9695.0,4845.0,1066.45,9239.25
1586,2024-08-11,6,1949.0,0.8,杨丽,银卡,13801049325,便携相机,戴尔,975.0,5,家居日用,北京仓库-1号,北京区域,北京区域,张经理,,,支付宝,京东物流,1,0.9,5.0,0.03,9355.2,3505.2,280.66,8424.68
1587,2024-08-12,7,1959.0,0.8500000000000001,赵丽,金卡,13801061670,专业相机,索尼,980.0,6,运动户外,深圳仓库-4号,深圳区域,深圳区域,刘经理,618大促,0.55,微信支付,菜鸟驿站,2,1.1,11.0,0.05,11656.05,4796.05,582.8,12832.66
1588,2024-08-13,8,1969.0,0.9,黄丽,钻石,13801074015,豪华相机,佳能,985.0,7,图书音像,武汉仓库-7号,武汉区域,武汉区域,赵经理,年货节,0.6,银行卡,德邦快递,3,1.05,17.0,0.07,14176.8,6296.8,992.38,14902.64
1589,2024-08-14,9,1979.0,0.9500000000000001,周丽,普通,13801086360,简约相机,飞利浦,990.0,8,母婴用品,重庆仓库-10号,重庆区域,重庆区域,吴经理,开学季,0.65,信用卡,顺丰速运,4,1.0,23.0,0.09,16920.45,8010.45,1522.84,16943.45
1590,2024-08-15,10,1989.0,1.0,吴丽,银卡,13801098705,创新相机,松下,995.0,9,汽车用品,郑州仓库-13号,郑州区域,郑州区域,王经理,情人节特惠,0.7,货到付款,圆通快递,5,0.95,29.0,0.11,19890.0,9940.0,2187.9,18924.5
1591,2024-08-16,1,1999.0,0.8,张勇,金卡,13801111050,高端充电器,华为,1000.0,10,办公文具,北京仓库-1号,北京区域,北京区域,张经理,,,支付宝,顺丰速运,1,0.9,5.0,0.03,1599.2,599.2,47.98,1444.28
1592,2024-08-17,2,2009.0,0.8500000000000001,李勇,钻石,13801123395,精品充电器,苹果,1005.0,11,珠宝饰品,深圳仓库-4号,深圳区域,深圳区域,刘经理,国庆特卖,0.8,微信支付,圆通快递,2,1.1,11.0,0.05,3415.3,1405.3,170.77,3767.83
1593,2024-08-18,3,2019.0,0.9,王勇,普通,13801135740,经典充电器,小米,1010.0,12,宠物用品,武汉仓库-7号,武汉区域,武汉区域,赵经理,新品首发,0.85,银行卡,中通快递,3,1.05,17.0,0.07,5451.3,2421.3,381.59,5740.87
1594,2024-08-19,4,2029.0,0.9500000000000001,刘勇,银卡,13801148085,时尚充电器,三星,1015.0,13,医疗保健,重庆仓库-10号,重庆区域,重庆区域,吴经理,会员专享,0.9,信用卡,韵达快递,4,1.0,23.0,0.09,7710.2,3650.2,693.92,7733.2
1595,2024-08-20,5,2039.0,1.0,陈勇,金卡,13801160430,智能充电器,联想,1020.0,14,玩具乐器,郑州仓库-13号,郑州区域,郑州区域,王经理,限时秒杀,0.95,货到付款,申通快递,5,0.95,29.0,0.11,10195.0,5095.0,1121.45,9714.25
1596,2024-08-21,6,2049.0,0.8,杨勇,钻石,13801172775,便携充电器,戴尔,1025.0,15,生鲜果蔬,北京仓库-1号,北京区域,北京区域,张经理,,,支付宝,京东物流,1,0.9,5.0,0.03,9835.2,3685.2,295.06,8856.68
1597,2024-08-22,7,2059.0,0.8500000000000001,赵勇,普通,13801185120,专业充电器,索尼,1030.0,16,箱包皮具,深圳仓库-4号,深圳区域,深圳区域,刘经理,618大促,0.55,微信支付,菜鸟驿站,2,1.1,11.0,0.05,12251.05,5041.05,612.55,13487.16
1598,2024-08-23,8,2069.0,0.9,黄勇,银卡,13801197465,豪华充电器,佳能,1035.0,17,钟表眼镜,武汉仓库-7号,武汉区域,武汉区域,赵经理,年货节,0.6,银行卡,德邦快递,3,1.05,17.0,0.07,14896.8,6616.8,1042.78,15658.64
1599,2024-08-24,9,2079.0,0.9500000000000001,周勇,金卡,13801209810,简约充电器,飞利浦,1040.0,18,厨房用具,重庆仓库-10号,重庆区域,重庆区域,吴经理,开学季,0.65,信用卡,顺丰速运,4,1.0,23.0,0.09,17775.45,8415.45,1599.79,17798.45
1600,2024-08-25,10,2089.0,1.0,吴勇,钻石,13801222155,创新充电器,松下,1045.0,19,五金工具,郑州仓库-13号,郑州区域,郑州区域,王经理,情人节特惠,0.7,货到付款,圆通快递,5,0.95,29.0,0.11,20890.0,10440.0,2297.9,19874.5
1601,2024-08-26,1,99.0,0.8,张明,普通,13801234500,高端手机,华为,50.0,0,数码电子,北京仓库-1号,北京区域,北京区域,张经理,,,支付宝,顺丰速运,1,0.9,5.0,0.03,79.2,29.2,2.38,76.28
1602,2024-08-27,2,109.0,0.8500000000000001,李明,银卡,13801246845,精品手机,苹果,55.0,1,家用电器,深圳仓库-4号,深圳区域,深圳区域,刘经理,618大促,0.55,微信支付,圆通快递,2,1.1,11.0,0.05,185.3,75.3,9.27,214.83
1603,2024-08-28,3,119.0,0.9,王明,金卡,13801259190,经典手机,小米,60.0,2,服装鞋帽,武汉仓库-7号,武汉区域,武汉区域,赵经理,年货节,0.6,银行卡,中通快递,3,1.05,17.0,0.07,321.3,141.3,22.49,354.37
1604,2024-08-28,4,129.0,0.9500000000000001,刘明,钻石,13801271535,时尚手机,三星,65.0,3,食品饮料,重庆仓库-10号,重庆区域,重庆区域,吴经理,开学季,0.65,信用卡,韵达快递,4,1.0,23.0,0.09,490.2,230.2,44.12,513.2
1605,2024-08-28,5,139.0,1.0,陈明,普通,13801283880,智能手机,联想,70.0,4,美妆护肤,郑州仓库-13号,郑州区域,郑州区域,王经理,情人节特惠,0.7,货到付款,申通快递,5,0.95,29.0,0.11,695.0,345.0,76.45,689.25
1606,2024-09-01,6,149.0,0.8,杨明,银卡,13801296225,便携手机,戴尔,75.0,5,家居日用,北京仓库-1号,北京区域,北京区域,张经理,,,支付宝,京东物流,1,0.9,5.0,0.03,715.2,265.2,21.46,648.68
1607,2024-09-02,7,159.0,0.8500000000000001,赵明,金卡,13801308570,专业手机,索尼,80.0,6,运动户外,深圳仓库-4号,深圳区域,深圳区域,刘经理,国庆特卖,0.8,微信支付,菜鸟驿站,2,1.1,11.0,0.05,946.05,386.05,47.3,1051.65
1608,2024-09-03,8,169.0,0.9,黄明,钻石,13801320915,豪华手机,佳能,85.0,7,图书音像,武汉仓库-7号,武汉区域,武汉区域,赵经理,新品首发,0.85,银行卡,德邦快递,3,1.05,17.0,0.07,1216.8,536.8,85.18,1294.64
1609,2024-09-04,9,179.0,0.9500000000000001,周明,普通,13801333260,简约手机,飞利浦,90.0,8,母婴用品,重庆仓库-10号,重庆区域,重庆区域,吴经理,会员专享,0.9,信用卡,顺丰速运,4,1.0,23.0,0.09,1530.45,720.45,137.74,1553.45
1610,2024-09-05,10,189.0,1.0,吴明,银卡,13801345605,创新手机,松下,95.0,9,汽车用品,郑州仓库-13号,郑州区域,郑州区域,王经理,限时秒杀,0.95,货到付款,圆通快递,5,0.95,29.0,0.11,1890.0,940.0,207.9,1824.5
1611,2024-09-06,1,199.0,0.8,张华,金卡,13801357950,高端电脑,华为,100.0,10,办公文具,北京仓库-1号,北京区域,北京区域,张经理,,,支付宝,顺丰速运,1,0.9,5.0,0.03,159.2,59.2,4.78,148.28
1612,2024-09-07,2,209.0,0.8500000000000001,李华,钻石,13801370295,精品电脑,苹果,105.0,11,珠宝饰品,深圳仓库-4号,深圳区域,深圳区域,刘经理,618大促,0.55,微信支付,圆通快递,2,1.1,11.0,0.05,355.3,145.3,17.77,401.83
1613,2024-09-08,3,219.0,0.9,王华,普通,13801382640,经典电脑,小米,110.0,12,宠物用品,武汉仓库-7号,武汉区域,武汉区域,赵经理,年货节,0.6,银行卡,中通快递,3,1.05,17.0,0.07,591.3,261.3,41.39,637.87
1614,2024-09-09,4,229.0,0.9500000000000001,刘华,银卡,13801394985,时尚电脑,三星,115.0,13,医疗保健,重庆仓库-10号,重庆区域,重庆区域,吴经理,开学季,0.65,信用卡,韵达快递,4,1.0,23.0,0.09,870.2,410.2,78.32,893.2
1615,2024-09-10,5,239.0,1.0,陈华,金卡,13801407330,智能电脑,联想,120.0,14,玩具乐器,郑州仓库-13号,郑州区域,郑州区域,王经理,情人节特惠,0.7,货到付款,申通快递,5,0.95,29.0,0.11,1195.0,595.0,131.45,1164.25
1616,2024-09-11,6,249.0,0.8,杨华,钻石,13801419675,便携电脑,戴尔,125.0,15,生鲜果蔬,北京仓库-1号,北京区域,北京区域,张经理,,,支付宝,京东物流,1,0.9,5.0,0.03,1195.2,445.2,35.86,1080.68
1617,2024-09-12,7,259.0,0.8500000000000001,赵华,普通,13801432020,专业电脑,索尼,130.0,16,箱包皮具,深圳仓库-4号,深圳区域,深圳区域,刘经理,618大促,0.55,微信支付,菜鸟驿站,2,1.1,11.0,0.05,1541.05,631.05,77.05,1706.16
1618,2024-09-13,8,269.0,0.9,黄华,银卡,13801444365,豪华电脑,佳能,135.0,17,钟表眼镜,武汉仓库-7号,武汉区域,武汉区域,赵经理,年货节,0.6,银行卡,德邦快递,3,1.05,17.0,0.07,1936.8,856.8,135.58,2050.64
1619,2024-09-14,9,279.0,0.9500000000000001,周华,金卡,13801456710,简约电脑,飞利浦,140.0,18,厨房用具,重庆仓库-10号,重庆区域,重庆区域,吴经理,开学季,0.65,信用卡,顺丰速运,4,1.0,23.0,0.09,2385.45,1125.45,214.69,2408.45
1620,2024-09-15,10,289.0,1.0,吴华,钻石,13801469055,创新电脑,松下,145.0,19,五金工具,郑州仓库-13号,郑州区域,郑州区域,王经理,情人节特惠,0.7,货到付款,圆通快递,5,0.95,29.0,0.11,2890.0,1440.0,317.9,2774.5
1621,2024-09-16,1,299.0,0.8,张强,普通,13801481400,高端耳机,华为,150.0,0,数码电子,北京仓库-1号,北京区域,北京区域,张经理,,,支付宝,顺丰速运,1,0.9,5.0,0.03,239.2,89.2,7.18,220.28
1622,2024-09-17,2,309.0,0.8500000000000001,李强,银卡,13801493745,精品耳机,苹果,155.0,1,家用电器,深圳仓库-4号,深圳区域,深圳区域,刘经理,国庆特卖,0.8,微信支付,圆通快递,2,1.1,11.0,0.05,525.3,215.3,26.27,588.83
1623,2024-09-18,3,319.0,0.9,王强,金卡,13801506090,经典耳机,小米,160.0,2,服装鞋帽,武汉仓库-7号,武汉区域,武汉区域,赵经理,新品首发,0.85,银行卡,中通快递,3,1.05,17.0,0.07,861.3,381.3,60.29,921.37
1624,2024-09-19,4,329.0,0.9500000000000001,刘强,钻石,13801518435,时尚耳机,三星,165.0,3,食品饮料,重庆仓库-10号,重庆区域,重庆区域,吴经理,会员专享,0.9,信用卡,韵达快递,4,1.0,23.0,0.09,1250.2,590.2,112.52,1273.2
1625,2024-09-20,5,339.0,1.0,陈强,普通,13801530780,智能耳机,联想,170.0,4,美妆护肤,郑州仓库-13号,郑州区域,郑州区域,王经理,限时秒杀,0.95,货到付款,申通快递,5,0.95,29.0,0.11,1695.0,845.0,186.45,1639.25
1626,2024-09-21,6,349.0,0.8,杨强,银卡,13801543125,便携耳机,戴尔,175.0,5,家居日用,北京仓库-1号,北京区域,北京区域,张经理,,,支付宝,京东物流,1,0.9,5.0,0.03,1675.2,625.2,50.26,1512.68
1627,2024-09-22,7,359.0,0.8500000000000001,赵强,金卡,13801555470,专业耳机,索尼,180.0,6,运动户外,深圳仓库-4号,深圳区域,深圳区域,刘经理,618大促,0.55,微信支付,菜鸟驿站,2,1.1,11.0,0.05,2136.05,876.05,106.8,2360.66
1628,2024-09-23,8,369.0,0.9,黄强,钻石,13801567815,豪华耳机,佳能,185.0,7,图书音像,武汉仓库-7号,武汉区域,武汉区域,赵经理,年货节,0.6,银行卡,德邦快递,3,1.05,17.0,0.07,2656.8,1176.8,185.98,2806.64
1629,2024-09-24,9,379.0,0.9500000000000001,周强,普通,13801580160,简约耳机,飞利浦,190.0,8,母婴用品,重庆仓库-10号,重庆区域,重庆区域,吴经理,开学季,0.65,信用卡,顺丰速运,4,1.0,23.0,0.09,3240.45,1530.45,291.64,3263.45
1630,2024-09-25,10,389.0,1.0,吴强,银卡,13801592505,创新耳机,松下,195.0,9,汽车用品,郑州仓库-13号,郑州区域,郑州区域,王经理,情人节特惠,0.7,货到付款,圆通快递,5,0.95,29.0,0.11,3890.0,1940.0,427.9,3724.5
1631,2024-09-26,1,399.0,0.8,张伟,金卡,13801604850,高端键盘,华为,200.0,10,办公文具,北京仓库-1号,北京区域,北京区域,张经理,,,支付宝,顺丰速运,1,0.9,5.0,0.03,319.2,119.2,9.58,292.28
1632,2024-09-27,2,409.0,0.8500000000000001,李伟,钻石,13801617195,精品键盘,苹果,205.0,11,珠宝饰品,深圳仓库-4号,深圳区域,深圳区域,刘经理,618大促,0.55,微信支付,圆通快递,2,1.1,11.0,0.05,695.3,285.3,34.77,775.83
1633,2024-09-28,3,419.0,0.9,王伟,普通,13801629540,经典键盘,小米,210.0,12,宠物用品,武汉仓库-7号,武汉区域,武汉区域,赵经理,年货节,0.6,银行卡,中通快递,3,1.05,17.0,0.07,1131.3,501.3,79.19,1204.87
1634,2024-09-28,4,429.0,0.9500000000000001,刘伟,银卡,13801641885,时尚键盘,三星,215.0,13,医疗保健,重庆仓库-10号,重庆区域,重庆区域,吴经理,开学季,0.65,信用卡,韵达快递,4,1.0,23.0,0.09,1630.2,770.2,146.72,1653.2
1635,2024-09-28,5,439.0,1.0,陈伟,金卡,13801654230,智能键盘,联想,220.0,14,玩具乐器,郑州仓库-13号,郑州区域,郑州区域,王经理,情人节特惠,0.7,货到付款,申通快递,5,0.95,29.0,0.11,2195.0,1095.0,241.45,2114.25
1636,2024-10-01,6,449.0,0.8,杨伟,钻石,13801666575,便携键盘,戴尔,225.0,15,生鲜果蔬,北京仓库-1号,北京区域,北京区域,张经理,,,支付宝,京东物流,1,0.9,5.0,0.03,2155.2,805.2,64.66,1944.68
1637,2024-10-02,7,459.0,0.8500000000000001,赵伟,普通,13801678920,专业键盘,索尼,230.0,16,箱包皮具,深圳仓库-4号,深圳区域,深圳区域,刘经理,国庆特卖,0.8,微信支付,菜鸟驿站,2,1.1,11.0,0.05,2731.05,1121.05,136.55,3015.16
1638,2024-10-03,8,469.0,0.9,黄伟,银卡,13801691265,豪华键盘,佳能,235.0,17,钟表眼镜,武汉仓库-7号,武汉区域,武汉区域,赵经理,新品首发,0.85,银行卡,德邦快递,3,1.05,17.0,0.07,3376.8,1496.8,236.38,3562.64
1639,2024-10-04,9,479.0,0.9500000000000001,周伟,金卡,13801703610,简约键盘,飞利浦,240.0,18,厨房用具,重庆仓库-10号,重庆区域,重庆区域,吴经理,会员专享,0.9,信用卡,顺丰速运,4,1.0,23.0,0.09,4095.45,1935.45,368.59,4118.45
1640,2024-10-05,10,489.0,1.0,吴伟,钻石,13801715955,创新键盘,松下,245.0,19,五金工具,郑州仓库-13号,郑州区域,郑州区域,王经理,限时秒杀,0.95,货到付款,圆通快递,5,0.95,29.0,0.11,4890.0,2440.0,537.9,4674.5
1641,2024-10-06,1,499.0,0.8,张芳,普通,13801728300,高端显示器,华为,250.0,0,数码电子,北京仓库-1号,北京区域,北京区域,张经理,,,支付宝,顺丰速运,1,0.9,5.0,0.03,399.2,149.2,11.98,364.28
1642,2024-10-07,2,509.0,0.8500000000000001,李芳,银卡,13801740645,精品显示器,苹果,255.0,1,家用电器,深圳仓库-4号,深圳区域,深圳区域,刘经理,618大促,0.55,微信支付,圆通快递,2,1.1,11.0,0.05,865.3,355.3,43.27,962.83
1643,2024-10-08,3,519.0,0.9,王芳,金卡,13801752990,经典显示器,小米,260.0,2,服装鞋帽,武汉仓库-7号,武汉区域,武汉区域,赵经理,年货节,0.6,银行卡,中通快递,3,1.05,17.0,0.07,1401.3,621.3,98.09,1488.37
1644,2024-10-09,4,529.0,0.9500000000000001,刘芳,钻石,13801765335,时尚显示器,三星,265.0,3,食品饮料,重庆仓库-10号,重庆区域,重庆区域,吴经理,开学季,0.65,信用卡,韵达快递,4,1.0,23.0,0.09,2010.2,950.2,180.92,2033.2
1645,2024-10-10,5,539.0,1.0,陈芳,普通,13801777680,智能显示器,联想,270.0,4,美妆护肤,郑州仓库-13号,郑州区域,郑州区域,王经理,情人节特惠,0.7,货到付款,申通快递,5,0.95,29.0,0.11,2695.0,1345.0,296.45,2589.25
1646,2024-10-11,6,549.0,0.8,杨芳,银卡,13801790025,便携显示器,戴尔,275.0,5,家居日用,北京仓库-1号,北京区域,北京区域,张经理,,,支付宝,京东物流,1,0.9,5.0,0.03,2635.2,985.2,79.06,2376.68
1647,2024-10-12,7,559.0,0.8500000000000001,赵芳,金卡,13801802370,专业显示器,索尼,280.0,6,运动户外,深圳仓库-4号,深圳区域,深圳区域,刘经理,618大促,0.55,微信支付,菜鸟驿站,2,1.1,11.0,0.05,3326.05,1366.05,166.3,3669.66
1648,2024-10-13,8,569.0,0.9,黄芳,钻石,13801814715,豪华显示器,佳能,285.0,7,图书音像,武汉仓库-7号,武汉区域,武汉区域,赵经理,年货节,0.6,银行卡,德邦快递,3,1.05,17.0,0.07,4096.8,1816.8,286.78,4318.64
1649,2024-10-14,9,579.0,0.9500000000000001,周芳,普通,13801827060,简约显示器,飞利浦,290.0,8,母婴用品,重庆仓库-10号,重庆区域,重庆区域,吴经理,开学季,0.65,信用卡,顺丰速运,4,1.0,23.0,0.09,4950.45,2340.45,445.54,4973.45
1650,2024-10-15,10,589.0,1.0,吴芳,银卡,13801839405,创新显示器,松下,295.0,9,汽车用品,郑州仓库-13号,郑州区域,郑州区域,王经理,情人节特惠,0.7,货到付款,圆通快递,5,0.95,29.0,0.11,5890.0,2940.0,647.9,5624.5
1651,2024-10-16,1,599.0,0.8,张娟,金卡,13801851750,高端平板,华为,300.0,10,办公文具,北京仓库-1号,北京区域,北京区域,张经理,,,支付宝,顺丰速运,1,0.9,5.0,0.03,479.2,179.2,14.38,436.28
1652,2024-10-17,2,609.0,0.8500000000000001,李娟,钻石,13801864095,精品平板,苹果,305.0,11,珠宝饰品,深圳仓库-4号,深圳区域,深圳区域,刘经理,国庆特卖,0.8,微信支付,圆通快递,2,1.1,11.0,0.05,1035.3,425.3,51.77,1149.83
1653,2024-10-18,3,619.0,0.9,王娟,普通,13801876440,经典平板,小米,310.0,12,宠物用品,武汉仓库-7号,武汉区域,武汉区域,赵经理,新品首发,0.85,银行卡,中通快递,3,1.05,17.0,0.07,1671.3,741.3,116.99,1771.87
1654,2024-10-19,4,629.0,0.9500000000000001,刘娟,银卡,13801888785,时尚平板,三星,315.0,13,医疗保健,重庆仓库-10号,重庆区域,重庆区域,吴经理,会员专享,0.9,信用卡,韵达快递,4,1.0,23.0,0.09,2390.2,1130.2,215.12,2413.2
1655,2024-10-20,5,639.0,1.0,陈娟,金卡,13801901130,智能平板,联想,320.0,14,玩具乐器,郑州仓库-13号,郑州区域,郑州区域,王经理,限时秒杀,0.95,货到付款,申通快递,5,0.95,29.0,0.11,3195.0,1595.0,351.45,3064.25
1656,2024-10-21,6,649.0,0.8,杨娟,钻石,13801913475,便携平板,戴尔,325.0,15,生鲜果蔬,北京仓库-1号,北京区域,北京区域,张经理,,,支付宝,京东物流,1,0.9,5.0,0.03,3115.2,1165.2,93.46,2808.68
1657,2024-10-22,7,659.0,0.8500000000000001,赵娟,普通,13801925820,专业平板,索尼,330.0,16,箱包皮具,深圳仓库-4号,深圳区域,深圳区域,刘经理,618大促,0.55,微信支付,菜鸟驿站,2,1.1,11.0,0.05,3921.05,1611.05,196.05,4324.16
1658,2024-10-23,8,669.0,0.9,黄娟,银卡,13801938165,豪华平板,佳能,335.0,17,钟表眼镜,武汉仓库-7号,武汉区域,武汉区域,赵经理,年货节,0.6,银行卡,德邦快递,3,1.05,17.0,0.07,4816.8,2136.8,337.18,5074.64
1659,2024-10-24,9,679.0,0.9500000000000001,周娟,金卡,13801950510,简约平板,飞利浦,340.0,18,厨房用具,重庆仓库-10号,重庆区域,重庆区域,吴经理,开学季,0.65,信用卡,顺丰速运,4,1.0,23.0,0.09,5805.45,2745.45,522.49,5828.45
1660,2024-10-25,10,689.0,1.0,吴娟,钻石,13801962855,创新平板,松下,345.0,19,五金工具,郑州仓库-13号,郑州区域,郑州区域,王经理,情人节特惠,0.7,货到付款,圆通快递,5,0.95,29.0,0.11,6890.0,3440.0,757.9,6574.5
1661,2024-10-26,1,699.0,0.8,张敏,普通,13801975200,高端音箱,华为,350.0,0,数码电子,北京仓库-1号,北京区域,北京区域,张经理,,,支付宝,顺丰速运,1,0.9,5.0,0.03,559.2,209.2,16.78,508.28
1662,2024-10-27,2,709.0,0.8500000000000001,李敏,银卡,13801987545,精品音箱,苹果,355.0,1,家用电器,深圳仓库-4号,深圳区域,深圳区域,刘经理,618大促,0.55,微信支付,圆通快递,2,1.1,11.0,0.05,1205.3,495.3,60.27,1336.83
1663,2024-10-28,3,719.0,0.9,王敏,金卡,13801999890,经典音箱,小米,360.0,2,服装鞋帽,武汉仓库-7号,武汉区域,武汉区域,赵经理,年货节,0.6,银行卡,中通快递,3,1.05,17.0,0.07,1941.3,861.3,135.89,2055.36
1664,2024-10-28,4,729.0,0.9500000000000001,刘敏,钻石,13802012235,时尚音箱,三星,365.0,3,食品饮料,重庆仓库-10号,重庆区域,重庆区域,吴经理,开学季,0.65,信用卡,韵达快递,4,1.0,23.0,0.09,2770.2,1310.2,249.32,2793.2
1665,2024-10-28,5,739.0,1.0,陈敏,普通,13802024580,智能音箱,联想,370.0,4,美妆护肤,郑州仓库-13号,郑州区域,郑州区域,王经理,情人节特惠,0.7,货到付款,申通快递,5,0.95,29.0,0.11,3695.0,1845.0,406.45,3539.25
1666,2024-11-01,6,749.0,0.8,杨敏,银卡,13802036925,便携音箱,戴尔,375.0,5,家居日用,北京仓库-1号,北京区域,北京区域,张经理,,,支付宝,京东物流,1,0.9,5.0,0.03,3595.2,1345.2,107.86,3240.68
1667,2024-11-02,7,759.0,0.8500000000000001,赵敏,金卡,13802049270,专业音箱,索尼,380.0,6,运动户外,深圳仓库-4号,深圳区域,深圳区域,刘经理,国庆特卖,0.8,微信支付,菜鸟驿站,2,1.1,11.0,0.05,4516.05,1856.05,225.8,4978.66
1668,2024-11-03,8,769.0,0.9,黄敏,钻石,13802061615,豪华音箱,佳能,385.0,7,图书音像,武汉仓库-7号,武汉区域,武汉区域,赵经理,新品首发,0.85,银行卡,德邦快递,3,1.05,17.0,0.07,5536.8,2456.8,387.58,5830.64
1669,2024-11-04,9,779.0,0.9500000000000001,周敏,普通,13802073960,简约音箱,飞利浦,390.0,8,母婴用品,重庆仓库-10号,重庆区域,重庆区域,吴经理,会员专享,0.9,信用卡,顺丰速运,4,1.0,23.0,0.09,6660.45,3150.45,599.44,6683.45
1670,2024-11-05,10,789.0,1.0,吴敏,银卡,13802086305,创新音箱,松下,395.0,9,汽车用品,郑州仓库-13号,郑州区域,郑州区域,王经理,限时秒杀,0.95,货到付款,圆通快递,5,0.95,29.0,0.11,7890.0,3940.0,867.9,7524.5
1671,2024-11-06,1,799.0,0.8,张静,金卡,13802098650,高端手表,华为,400.0,10,办公文具,北京仓库-1号,北京区域,北京区域,张经理,,,支付宝,顺丰速运,1,0.9,5.0,0.03,639.2,239.2,19.18,580.28
1672,2024-11-07,2,809.0,0.8500000000000001,李静,钻石,13802110995,精品手表,苹果,405.0,11,珠宝饰品,深圳仓库-4号,深圳区域,深圳区域,刘经理,618大促,0.55,微信支付,圆通快递,2,1.1,11.0,0.05,1375.3,565.3,68.77,1523.83
1673,2024-11-08,3,819.0,0.9,王静,普通,13802123340,经典手表,小米,410.0,12,宠物用品,武汉仓库-7号,武汉区域,武汉区域,赵经理,年货节,0.6,银行卡,中通快递,3,1.05,17.0,0.07,2211.3,981.3,154.79,2338.87
1674,2024-11-09,4,829.0,0.9500000000000001,刘静,银卡,13802135685,时尚手表,三星,415.0,13,医疗保健,重庆仓库-10号,重庆区域,重庆区域,吴经理,开学季,0.65,信用卡,韵达快递,4,1.0,23.0,0.09,3150.2,1490.2,283.52,3173.2
1675,2024-11-10,5,839.0,1.0,陈静,金卡,13802148030,智能手表,联想,420.0,14,玩具乐器,郑州仓库-13号,郑州区域,郑州区域,王经理,情人节特惠,0.7,货到付款,申通快递,5,0.95,29.0,0.11,4195.0,2095.0,461.45,4014.25
1676,2024-11-11,6,849.0,0.8,杨静,钻石,13802160375,便携手表,戴尔,425.0,15,生鲜果蔬,北京仓库-1号,北京区域,北京区域,张经理,,,支付宝,京东物流,1,0.9,5.0,0.03,4075.2,1525.2,122.26,3672.68
1677,2024-11-12,7,859.0,0.8500000000000001,赵静,普通,13802172720,专业手表,索尼,430.0,16,箱包皮具,深圳仓库-4号,深圳区域,深圳区域,刘经理,618大促,0.55,微信支付,菜鸟驿站,2,1.1,11.0,0.05,5111.05,2101.05,255.55,5633.16
1678,2024-11-13,8,869.0,0.9,黄静,银卡,13802185065,豪华手表,佳能,435.0,17,钟表眼镜,武汉仓库-7号,武汉区域,武汉区域,赵经理,年货节,0.6,银行卡,德邦快递,3,1.05,17.0,0.07,6256.8,2776.8,437.98,6586.64
1679,2024-11-14,9,879.0,0.9500000000000001,周静,金卡,13802197410,简约手表,飞利浦,440.0,18,厨房用具,重庆仓库-10号,重庆区域,重庆区域,吴经理,开学季,0.65,信用卡,顺丰速运,4,1.0,23.0,0.09,7515.45,3555.45,676.39,7538.45
1680,2024-11-15,10,889.0,1.0,吴静,钻石,13802209755,创新手表,松下,445.0,19,五金工具,郑州仓库-13号,郑州区域,郑州区域,王经理,情人节特惠,0.7,货到付款,圆通快递,5,0.95,29.0,0.11,8890.0,4440.0,977.9,8474.5
1681,2024-11-16,1,899.0,0.8,张丽,普通,13802222100,高端相机,华为,450.0,0,数码电子,北京仓库-1号,北京区域,北京区域,张经理,,,支付宝,顺丰速运,1,0.9,5.0,0.03,719.2,269.2,21.58,652.28
1682,2024-11-17,2,909.0,0.8500000000000001,李丽,银卡,13802234445,精品相机,苹果,455.0,1,家用电器,深圳仓库-4号,深圳区域,深圳区域,刘经理,国庆特卖,0.8,微信支付,圆通快递,2,1.1,11.0,0.05,1545.3,635.3,77.27,1710.83
1683,2024-11-18,3,919.0,0.9,王丽,金卡,13802246790,经典相机,小米,460.0,2,服装鞋帽,武汉仓库-7号,武汉区域,武汉区域,赵经理,新品首发,0.85,银行卡,中通快递,3,1.05,17.0,0.07,2481.3,1101.3,173.69,2622.37
1684,2024-11-19,4,929.0,0.9500000000000001,刘丽,钻石,13802259135,时尚相机,三星,465.0,3,食品饮料,重庆仓库-10号,重庆区域,重庆区域,吴经理,会员专享,0.9,信用卡,韵达快递,4,1.0,23.0,0.09,3530.2,1670.2,317.72,3553.2
1685,2024-11-20,5,939.0,1.0,陈丽,普通,13802271480,智能相机,联想,470.0,4,美妆护肤,郑州仓库-13号,郑州区域,郑州区域,王经理,限时秒杀,0.95,货到付款,申通快递,5,0.95,29.0,0.11,4695.0,2345.0,516.45,4489.25
1686,2024-11-21,6,949.0,0.8,杨丽,银卡,13802283825,便携相机,戴尔,475.0,5,家居日用,北京仓库-1号,北京区域,北京区域,张经理,,,支付宝,京东物流,1,0.9,5.0,0.03,4555.2,1705.2,136.66,4104.68
1687,2024-11-22,7,959.0,0.8500000000000001,赵丽,金卡,13802296170,专业相机,索尼,480.0,6,运动户外,深圳仓库-4号,深圳区域,深圳区域,刘经理,618大促,0.55,微信支付,菜鸟驿站,2,1.1,11.0,0.05,5706.05,2346.05,285.3,6287.66
1688,2024-11-23,8,969.0,0.9,黄丽,钻石,13802308515,豪华相机,佳能,485.0,7,图书音像,武汉仓库-7号,武汉区域,武汉区域,赵经理,年货节,0.6,银行卡,德邦快递,3,1.05,17.0,0.07,6976.8,3096.8,488.38,7342.64
1689,2024-11-24,9,979.0,0.9500000000000001,周丽,普通,13802320860,简约相机,飞利浦,490.0,8,母婴用品,重庆仓库-10号,重庆区域,重庆区域,吴经理,开学季,0.65,信用卡,顺丰速运,4,1.0,23.0,0.09,8370.45,3960.45,753.34,8393.45
1690,2024-11-25,10,989.0,1.0,吴丽,银卡,13802333205,创新相机,松下,495.0,9,汽车用品,郑州仓库-13号,郑州区域,郑州区域,王经理,情人节特惠,0.7,货到付款,圆通快递,5,0.95,29.0,0.11,9890.0,4940.0,1087.9,9424.5
1691,2024-11-26,1,999.0,0.8,张勇,金卡,13802345550,高端充电器,华为,500.0,10,办公文具,北京仓库-1号,北京区域,北京区域,张经理,,,支付宝,顺丰速运,1,0.9,5.0,0.03,799.2,299.2,23.98,724.28
1692,2024-11-27,2,1009.0,0.8500000000000001,李勇,钻石,13802357895,精品充电器,苹果,505.0,11,珠宝饰品,深圳仓库-4号,深圳区域,深圳区域,刘经理,618大促,0.55,微信支付,圆通快递,2,1.1,11.0,0.05,1715.3,705.3,85.77,1897.83
1693,2024-11-28,3,1019.0,0.9,王勇,普通,13802370240,经典充电器,小米,510.0,12,宠物用品,武汉仓库-7号,武汉区域,武汉区域,赵经理,年货节,0.6,银行卡,中通快递,3,1.05,17.0,0.07,2751.3,1221.3,192.59,2905.87
1694,2024-11-28,4,1029.0,0.9500000000000001,刘勇,银卡,13802382585,时尚充电器,三星,515.0,13,医疗保健,重庆仓库-10号,重庆区域,重庆区域,吴经理,开学季,0.65,信用卡,韵达快递,4,1.0,23.0,0.09,3910.2,1850.2,351.92,3933.2
1695,2024-11-28,5,1039.0,1.0,陈勇,金卡,13802394930,智能充电器,联想,520.0,14,玩具乐器,郑州仓库-13号,郑州区域,郑州区域,王经理,情人节特惠,0.7,货到付款,申通快递,5,0.95,29.0,0.11,5195.0,2595.0,571.45,4964.25
1696,2024-12-01,6,1049.0,0.8,杨勇,钻石,13802407275,便携充电器,戴尔,525.0,15,生鲜果蔬,北京仓库-1号,北京区域,北京区域,张经理,,,支付宝,京东物流,1,0.9,5.0,0.03,5035.2,1885.2,151.06,4536.68
1697,2024-12-02,7,1059.0,0.8500000000000001,赵勇,普通,13802419620,专业充电器,索尼,530.0,16,箱包皮具,深圳仓库-4号,深圳区域,深圳区域,刘经理,国庆特卖,0.8,微信支付,菜鸟驿站,2,1.1,11.0,0.05,6301.05,2591.05,315.05,6942.16
1698,2024-12-03,8,1069.0,0.9,黄勇,银卡,13802431965,豪华充电器,佳能,535.0,17,钟表眼镜,武汉仓库-7号,武汉区域,武汉区域,赵经理,新品首发,0.85,银行卡,德邦快递,3,1.05,17.0,0.07,7696.8,3416.8,538.78,8098.64
1699,2024-12-04,9,1079.0,0.9500000000000001,周勇,金卡,13802444310,简约充电器,飞利浦,540.0,18,厨房用具,重庆仓库-10号,重庆区域,重庆区域,吴经理,会员专享,0.9,信用卡,顺丰速运,4,1.0,23.0,0.09,9225.45,4365.45,830.29,9248.45
1700,2024-12-05,10,1089.0,1.0,吴勇,钻石,13802456655,创新充电器,松下,545.0,19,五金工具,郑州仓库-13号,郑州区域,郑州区域,王经理,限时秒杀,0.95,货到付款,圆通快递,5,0.95,29.0,0.11,10890.0,5440.0,1197.9,10374.5
1701,2024-12-06,1,1099.0,0.8,张明,普通,13802469000,高端手机,华为,550.0,0,数码电子,北京仓库-1号,北京区域,北京区域,张经理,,,支付宝,顺丰速运,1,0.9,5.0,0.03,879.2,329.2,26.38,796.28
1702,2024-12-07,2,1109.0,0.8500000000000001,李明,银卡,13802481345,精品手机,苹果,555.0,1,家用电器,深圳仓库-4号,深圳区域,深圳区域,刘经理,618大促,0.55,微信支付,圆通快递,2,1.1,11.0,0.05,1885.3,775.3,94.27,2084.83
1703,2024-12-08,3,1119.0,0.9,王明,金卡,13802493690,经典手机,小米,560.0,2,服装鞋帽,武汉仓库-7号,武汉区域,武汉区域,赵经理,年货节,0.6,银行卡,中通快递,3,1.05,17.0,0.07,3021.3,1341.3,211.49,3189.37
1704,2024-12-09,4,1129.0,0.9500000000000001,刘明,钻石,13802506035,时尚手机,三星,565.0,3,食品饮料,重庆仓库-10号,重庆区域,重庆区域,吴经理,开学季,0.65,信用卡,韵达快递,4,1.0,23.0,0.09,4290.2,2030.2,386.12,4313.2
1705,2024-12-10,5,1139.0,1.0,陈明,普通,13802518380,智能手机,联想,570.0,4,美妆护肤,郑州仓库-13号,郑州区域,郑州区域,王经理,情人节特惠,0.7,货到付款,申通快递,5,0.95,29.0,0.11,5695.0,2845.0,626.45,5439.25
1706,2024-12-11,6,1149.0,0.8,杨明,银卡,13802530725,便携手机,戴尔,575.0,5,家居日用,北京仓库-1号,北京区域,北京区域,张经理,,,支付宝,京东物流,1,0.9,5.0,0.03,5515.2,2065.2,165.46,4968.68
1707,2024-12-12,7,1159.0,0.8500000000000001,赵明,金卡,13802543070,专业手机,索尼,580.0,6,运动户外,深圳仓库-4号,深圳区域,深圳区域,刘经理,618大促,0.55,微信支付,菜鸟驿站,2,1.1,11.0,0.05,6896.05,2836.05,344.8,7596.66
1708,2024-12-13,8,1169.0,0.9,黄明,钻石,13802555415,豪华手机,佳能,585.0,7,图书音像,武汉仓库-7号,武汉区域,武汉区域,赵经理,年货节,0.6,银行卡,德邦快递,3,1.05,17.0,0.07,8416.8,3736.8,589.18,8854.64
1709,2024-12-14,9,1179.0,0.9500000000000001,周明,普通,13802567760,简约手机,飞利浦,590.0,8,母婴用品,重庆仓库-10号,重庆区域,重庆区域,吴经理,开学季,0.65,信用卡,顺丰速运,4,1.0,23.0,0.09,10080.45,4770.45,907.24,10103.45
1710,2024-12-15,10,1189.0,1.0,吴明,银卡,13802580105,创新手机,松下,595.0,9,汽车用品,郑州仓库-13号,郑州区域,郑州区域,王经理,情人节特惠,0.7,货到付款,圆通快递,5,0.95,29.0,0.11,11890.0,5940.0,1307.9,11324.5
1711,2024-12-16,1,1199.0,0.8,张华,金卡,13802592450,高端电脑,华为,600.0,10,办公文具,北京仓库-1号,北京区域,北京区域,张经理,,,支付宝,顺丰速运,1,0.9,5.0,0.03,959.2,359.2,28.78,868.28
1712,2024-12-17,2,1209.0,0.8500000000000001,李华,钻石,13802604795,精品电脑,苹果,605.0,11,珠宝饰品,深圳仓库-4号,深圳区域,深圳区域,刘经理,国庆特卖,0.8,微信支付,圆通快递,2,1.1,11.0,0.05,2055.3,845.3,102.77,2271.83
1713,2024-12-18,3,1219.0,0.9,王华,普通,13802617140,经典电脑,小米,610.0,12,宠物用品,武汉仓库-7号,武汉区域,武汉区域,赵经理,新品首发,0.85,银行卡,中通快递,3,1.05,17.0,0.07,3291.3,1461.3,230.39,3472.87
1714,2024-12-19,4,1229.0,0.9500000000000001,刘华,银卡,13802629485,时尚电脑,三星,615.0,13,医疗保健,重庆仓库-10号,重庆区域,重庆区域,吴经理,会员专享,0.9,信用卡,韵达快递,4,1.0,23.0,0.09,4670.2,2210.2,420.32,4693.2
1715,2024-12-20,5,1239.0,1.0,陈华,金卡,13802641830,智能电脑,联想,620.0,14,玩具乐器,郑州仓库-13号,郑州区域,郑州区域,王经理,限时秒杀,0.95,货到付款,申通快递,5,0.95,29.0,0.11,6195.0,3095.0,681.45,5914.25
1716,2024-12-21,6,1249.0,0.8,杨华,钻石,13802654175,便携电脑,戴尔,625.0,15,生鲜果蔬,北京仓库-1号,北京区域,北京区域,张经理,,,支付宝,京东物流,1,0.9,5.0,0.03,5995.2,2245.2,179.86,5400.68
1717,2024-12-22,7,1259.0,0.8500000000000001,赵华,普通,13802666520,专业电脑,索尼,630.0,16,箱包皮具,深圳仓库-4号,深圳区域,深圳区域,刘经理,618大促,0.55,微信支付,菜鸟驿站,2,1.1,11.0,0.05,7491.05,3081.05,374.55,8251.16
1718,2024-12-23,8,1269.0,0.9,黄华,银卡,13802678865,豪华电脑,佳能,635.0,17,钟表眼镜,武汉仓库-7号,武汉区域,武汉区域,赵经理,年货节,0.6,银行卡,德邦快递,3,1.05,17.0,0.07,9136.8,4056.8,639.58,9610.64
1719,2024-12-24,9,1279.0,0.9500000000000001,周华,金卡,13802691210,简约电脑,飞利浦,640.0,18,厨房用具,重庆仓库-10号,重庆区域,重庆区域,吴经理,开学季,0.65,信用卡,顺丰速运,4,1.0,23.0,0.09,10935.45,5175.45,984.19,10958.45
1720,2024-12-25,10,1289.0,1.0,吴华,钻石,13802703555,创新电脑,松下,645.0,19,五金工具,郑州仓库-13号,郑州区域,郑州区域,王经理,情人节特惠,0.7,货到付款,圆通快递,5,0.95,29.0,0.11,12890.0,6440.0,1417.9,12274.5
1721,2024-12-26,1,1299.0,0.8,张强,普通,13802715900,高端耳机,华为,650.0,0,数码电子,北京仓库-1号,北京区域,北京区域,张经理,,,支付宝,顺丰速运,1,0.9,5.0,0.03,1039.2,389.2,31.18,940.28
1722,2024-12-27,2,1309.0,0.8500000000000001,李强,银卡,13802728245,精品耳机,苹果,655.0,1,家用电器,深圳仓库-4号,深圳区域,深圳区域,刘经理,618大促,0.55,微信支付,圆通快递,2,1.1,11.0,0.05,2225.3,915.3,111.27,2458.83
1723,2024-12-28,3,1319.0,0.9,王强,金卡,13802740590,经典耳机,小米,660.0,2,服装鞋帽,武汉仓库-7号,武汉区域,武汉区域,赵经理,年货节,0.6,银行卡,中通快递,3,1.05,17.0,0.07,3561.3,1581.3,249.29,3756.37
1724,2024-12-28,4,1329.0,0.9500000000000001,刘强,钻石,13802752935,时尚耳机,三星,665.0,3,食品饮料,重庆仓库-10号,重庆区域,重庆区域,吴经理,开学季,0.65,信用卡,韵达快递,4,1.0,23.0,0.09,5050.2,2390.2,454.52,5073.2
1725,2024-12-28,5,1339.0,1.0,陈强,普通,13802765280,智能耳机,联想,670.0,4,美妆护肤,郑州仓库-13号,郑州区域,郑州区域,王经理,情人节特惠,0.7,货到付款,申通快递,5,0.95,29.0,0.11,6695.0,3345.0,736.45,6389.25
1726,2024-12-01,6,1349.0,0.8,杨强,银卡,13802777625,便携耳机,戴尔,675.0,5,家居日用,北京仓库-1号,北京区域,北京区域,张经理,,,支付宝,京东物流,1,0.9,5.0,0.03,6475.2,2425.2,194.26,5832.68
1727,2024-12-02,7,1359.0,0.8500000000000001,赵强,金卡,13802789970,专业耳机,索尼,680.0,6,运动户外,深圳仓库-4号,深圳区域,深圳区域,刘经理,国庆特卖,0.8,微信支付,菜鸟驿站,2,1.1,11.0,0.05,8086.05,3326.05,404.3,8905.66
1728,2024-12-03,8,1369.0,0.9,黄强,钻石,13802802315,豪华耳机,佳能,685.0,7,图书音像,武汉仓库-7号,武汉区域,武汉区域,赵经理,新品首发,0.85,银行卡,德邦快递,3,1.05,17.0,0.07,9856.8,4376.8,689.98,10366.64
1729,2024-12-04,9,1379.0,0.9500000000000001,周强,普通,13802814660,简约耳机,飞利浦,690.0,8,母婴用品,重庆仓库-10号,重庆区域,重庆区域,吴经理,会员专享,0.9,信用卡,顺丰速运,4,1.0,23.0,0.09,11790.45,5580.45,1061.14,11813.45
1730,2024-12-05,10,1389.0,1.0,吴强,银卡,13802827005,创新耳机,松下,695.0,9,汽车用品,郑州仓库-13号,郑州区域,郑州区域,王经理,限时秒杀,0.95,货到付款,圆通快递,5,0.95,29.0,0.11,13890.0,6940.0,1527.9,13224.5
1731,2024-01-01,1,1399.0,0.8,张伟,金卡,13802839350,高端键盘,华为,700.0,10,办公文具,北京仓库-1号,北京区域,北京区域,张经理,,,支付宝,顺丰速运,1,0.9,5.0,0.03,1119.2,419.2,33.58,1012.28
1732,2024-01-02,2,1409.0,0.8500000000000001,李伟,钻石,13802851695,精品键盘,苹果,705.0,11,珠宝饰品,深圳仓库-4号,深圳区域,深圳区域,刘经理,618大促,0.55,微信支付,圆通快递,2,1.1,11.0,0.05,2395.3,985.3,119.77,2645.83
1733,2024-01-03,3,1419.0,0.9,王伟,普通,13802864040,经典键盘,小米,710.0,12,宠物用品,武汉仓库-7号,武汉区域,武汉区域,赵经理,年货节,0.6,银行卡,中通快递,3,1.05,17.0,0.07,3831.3,1701.3,268.19,4039.87
1734,2024-01-04,4,1429.0,0.9500000000000001,刘伟,银卡,13802876385,时尚键盘,三星,715.0,13,医疗保健,重庆仓库-10号,重庆区域,重庆区域,吴经理,开学季,0.65,信用卡,韵达快递,4,1.0,23.0,0.09,5430.2,2570.2,488.72,5453.2
1735,2024-01-05,5,1439.0,1.0,陈伟,金卡,13802888730,智能键盘,联想,720.0,14,玩具乐器,郑州仓库-13号,郑州区域,郑州区域,王经理,情人节特惠,0.7,货到付款,申通快递,5,0.95,29.0,0.11,7195.0,3595.0,791.45,6864.25
1736,2024-01-06,6,1449.0,0.8,杨伟,钻石,13802901075,便携键盘,戴尔,725.0,15,生鲜果蔬,北京仓库-1号,北京区域,北京区域,张经理,,,支付宝,京东物流,1,0.9,5.0,0.03,6955.2,2605.2,208.66,6264.68
1737,2024-01-07,7,1459.0,0.8500000000000001,赵伟,普通,13802913420,专业键盘,索尼,730.0,16,箱包皮具,深圳仓库-4号,深圳区域,深圳区域,刘经理,618大促,0.55,微信支付,菜鸟驿站,2,1.1,11.0,0.05,8681.05,3571.05,434.05,9560.16
1738,2024-01-08,8,1469.0,0.9,黄伟,银卡,13802925765,豪华键盘,佳能,735.0,17,钟表眼镜,武汉仓库-7号,武汉区域,武汉区域,赵经理,年货节,0.6,银行卡,德邦快递,3,1.05,17.0,0.07,10576.8,4696.8,740.38,11122.64
1739,2024-01-09,9,1479.0,0.9500000000000001,周伟,金卡,13802938110,简约键盘,飞利浦,740.0,18,厨房用具,重庆仓库-10号,重庆区域,重庆区域,吴经理,开学季,0.65,信用卡,顺丰速运,4,1.0,23.0,0.09,12645.45,5985.45,1138.09,12668.45
1740,2024-01-10,10,1489.0,1.0,吴伟,钻石,13802950455,创新键盘,松下,745.0,19,五金工具,郑州仓库-13号,郑州区域,郑州区域,王经理,情人节特惠,0.7,货到付款,圆通快递,5,0.95,29.0,0.11,14890.0,7440.0,1637.9,14174.5
1741,2024-01-11,1,1499.0,0.8,张芳,普通,13802962800,高端显示器,华为,750.0,0,数码电子,北京仓库-1号,北京区域,北京区域,张经理,,,支付宝,顺丰速运,1,0.9,5.0,0.03,1199.2,449.2,35.98,1084.28
1742,2024-01-12,2,1509.0,0.8500000000000001,李芳,银卡,13802975145,精品显示器,苹果,755.0,1,家用电器,深圳仓库-4号,深圳区域,深圳区域,刘经理,国庆特卖,0.8,微信支付,圆通快递,2,1.1,11.0,0.05,2565.3,1055.3,128.27,2832.83
1743,2024-01-13,3,1519.0,0.9,王芳,金卡,13802987490,经典显示器,小米,760.0,2,服装鞋帽,武汉仓库-7号,武汉区域,武汉区域,赵经理,新品首发,0.85,银行卡,中通快递,3,1.05,17.0,0.07,4101.3,1821.3,287.09,4323.37
1744,2024-01-14,4,1529.0,0.9500000000000001,刘芳,钻石,13802999835,时尚显示器,三星,765.0,3,食品饮料,重庆仓库-10号,重庆区域,重庆区域,吴经理,会员专享,0.9,信用卡,韵达快递,4,1.0,23.0,0.09,5810.2,2750.2,522.92,5833.2
1745,2024-01-15,5,1539.0,1.0,陈芳,普通,13803012180,智能显示器,联想,770.0,4,美妆护肤,郑州仓库-13号,郑州区域,郑州区域,王经理,限时秒杀,0.95,货到付款,申通快递,5,0.95,29.0,0.11,7695.0,3845.0,846.45,7339.25
1746,2024-01-16,6,1549.0,0.8,杨芳,银卡,13803024525,便携显示器,戴尔,775.0,5,家居日用,北京仓库-1号,北京区域,北京区域,张经理,,,支付宝,京东物流,1,0.9,5.0,0.03,7435.2,2785.2,223.06,6696.68
1747,2024-01-17,7,1559.0,0.8500000000000001,赵芳,金卡,13803036870,专业显示器,索尼,780.0,6,运动户外,深圳仓库-4号,深圳区域,深圳区域,刘经理,618大促,0.55,微信支付,菜鸟驿站,2,1.1,11.0,0.05,9276.05,3816.05,463.8,10214.66
1748,2024-01-18,8,1569.0,0.9,黄芳,钻石,13803049215,豪华显示器,佳能,785.0,7,图书音像,武汉仓库-7号,武汉区域,武汉区域,赵经理,年货节,0.6,银行卡,德邦快递,3,1.05,17.0,0.07,11296.8,5016.8,790.78,11878.64
1749,2024-01-19,9,1579.0,0.9500000000000001,周芳,普通,13803061560,简约显示器,飞利浦,790.0,8,母婴用品,重庆仓库-10号,重庆区域,重庆区域,吴经理,开学季,0.65,信用卡,顺丰速运,4,1.0,23.0,0.09,13500.45,6390.45,1215.04,13523.45
1750,2024-01-20,10,1589.0,1.0,吴芳,银卡,13803073905,创新显示器,松下,795.0,9,汽车用品,郑州仓库-13号,郑州区域,郑州区域,王经理,情人节特惠,0.7,货到付款,圆通快递,5,0.95,29.0,0.11,15890.0,7940.0,1747.9,15124.5
1751,2024-01-21,1,1599.0,0.8,张娟,金卡,13803086250,高端平板,华为,800.0,10,办公文具,北京仓库-1号,北京区域,北京区域,张经理,,,支付宝,顺丰速运,1,0.9,5.0,0.03,1279.2,479.2,38.38,1156.28
1752,2024-01-22,2,1609.0,0.8500000000000001,李娟,钻石,13803098595,精品平板,苹果,805.0,11,珠宝饰品,深圳仓库-4号,深圳区域,深圳区域,刘经理,618大促,0.55,微信支付,圆通快递,2,1.1,11.0,0.05,2735.3,1125.3,136.77,3019.83
1753,2024-01-23,3,1619.0,0.9,王娟,普通,13803110940,经典平板,小米,810.0,12,宠物用品,武汉仓库-7号,武汉区域,武汉区域,赵经理,年货节,0.6,银行卡,中通快递,3,1.05,17.0,0.07,4371.3,1941.3,305.99,4606.87
1754,2024-01-24,4,1629.0,0.9500000000000001,刘娟,银卡,13803123285,时尚平板,三星,815.0,13,医疗保健,重庆仓库-10号,重庆区域,重庆区域,吴经理,开学季,0.65,信用卡,韵达快递,4,1.0,23.0,0.09,6190.2,2930.2,557.12,6213.2
1755,2024-01-25,5,1639.0,1.0,陈娟,金卡,13803135630,智能平板,联想,820.0,14,玩具乐器,郑州仓库-13号,郑州区域,郑州区域,王经理,情人节特惠,0.7,货到付款,申通快递,5,0.95,29.0,0.11,8195.0,4095.0,901.45,7814.25
1756,2024-01-26,6,1649.0,0.8,杨娟,钻石,13803147975,便携平板,戴尔,825.0,15,生鲜果蔬,北京仓库-1号,北京区域,北京区域,张经理,,,支付宝,京东物流,1,0.9,5.0,0.03,7915.2,2965.2,237.46,7128.68
1757,2024-01-27,7,1659.0,0.8500000000000001,赵娟,普通,13803160320,专业平板,索尼,830.0,16,箱包皮具,深圳仓库-4号,深圳区域,深圳区域,刘经理,国庆特卖,0.8,微信支付,菜鸟驿站,2,1.1,11.0,0.05,9871.05,4061.05,493.55,10869.16
1758,2024-01-28,8,1669.0,0.9,黄娟,银卡,13803172665,豪华平板,佳能,835.0,17,钟表眼镜,武汉仓库-7号,武汉区域,武汉区域,赵经理,新品首发,0.85,银行卡,德邦快递,3,1.05,17.0,0.07,12016.8,5336.8,841.18,12634.64
1759,2024-01-28,9,1679.0,0.9500000000000001,周娟,金卡,13803185010,简约平板,飞利浦,840.0,18,厨房用具,重庆仓库-10号,重庆区域,重庆区域,吴经理,会员专享,0.9,信用卡,顺丰速运,4,1.0,23.0,0.09,14355.45,6795.45,1291.99,14378.45
1760,2024-01-28,10,1689.0,1.0,吴娟,钻石,13803197355,创新平板,松下,845.0,19,五金工具,郑州仓库-13号,郑州区域,郑州区域,王经理,限时秒杀,0.95,货到付款,圆通快递,5,0.95,29.0,0.11,16890.0,8440.0,1857.9,16074.5
1761,2024-02-01,1,1699.0,0.8,张敏,普通,13803209700,高端音箱,华为,850.0,0,数码电子,北京仓库-1号,北京区域,北京区域,张经理,,,支付宝,顺丰速运,1,0.9,5.0,0.03,1359.2,509.2,40.78,1228.28
1762,2024-02-02,2,1709.0,0.8500000000000001,李敏,银卡,13803222045,精品音箱,苹果,855.0,1,家用电器,深圳仓库-4号,深圳区域,深圳区域,刘经理,618大促,0.55,微信支付,圆通快递,2,1.1,11.0,0.05,2905.3,1195.3,145.27,3206.83
1763,2024-02-03,3,1719.0,0.9,王敏,金卡,13803234390,经典音箱,小米,860.0,2,服装鞋帽,武汉仓库-7号,武汉区域,武汉区域,赵经理,年货节,0.6,银行卡,中通快递,3,1.05,17.0,0.07,4641.3,2061.3,324.89,4890.37
1764,2024-02-04,4,1729.0,0.9500000000000001,刘敏,钻石,13803246735,时尚音箱,三星,865.0,3,食品饮料,重庆仓库-10号,重庆区域,重庆区域,吴经理,开学季,0.65,信用卡,韵达快递,4,1.0,23.0,0.09,6570.2,3110.2,591.32,6593.2
1765,2024-02-05,5,1739.0,1.0,陈敏,普通,13803259080,智能音箱,联想,870.0,4,美妆护肤,郑州仓库-13号,郑州区域,郑州区域,王经理,情人节特惠,0.7,货到付款,申通快递,5,0.95,29.0,0.11,8695.0,4345.0,956.45,8289.25
1766,2024-02-06,6,1749.0,0.8,杨敏,银卡,13803271425,便携音箱,戴尔,875.0,5,家居日用,北京仓库-1号,北京区域,北京区域,张经理,,,支付宝,京东物流,1,0.9,5.0,0.03,8395.2,3145.2,251.86,7560.68
1767,2024-02-07,7,1759.0,0.8500000000000001,赵敏,金卡,13803283770,专业音箱,索尼,880.0,6,运动户外,深圳仓库-4号,深圳区域,深圳区域,刘经理,618大促,0.55,微信支付,菜鸟驿站,2,1.1,11.0,0.05,10466.05,4306.05,523.3,11523.66
1768,2024-02-08,8,1769.0,0.9,黄敏,钻石,13803296115,豪华音箱,佳能,885.0,7,图书音像,武汉仓库-7号,武汉区域,武汉区域,赵经理,年货节,0.6,银行卡,德邦快递,3,1.05,17.0,0.07,12736.8,5656.8,891.58,13390.64
1769,2024-02-09,9,1779.0,0.9500000000000001,周敏,普通,13803308460,简约音箱,飞利浦,890.0,8,母婴用品,重庆仓库-10号,重庆区域,重庆区域,吴经理,开学季,0.65,信用卡,顺丰速运,4,1.0,23.0,0.09,15210.45,7200.45,1368.94,15233.45
1770,2024-02-10,10,1789.0,1.0,吴敏,银卡,13803320805,创新音箱,松下,895.0,9,汽车用品,郑州仓库-13号,郑州区域,郑州区域,王经理,情人节特惠,0.7,货到付款,圆通快递,5,0.95,29.0,0.11,17890.0,8940.0,1967.9,17024.5
1771,2024-02-11,1,1799.0,0.8,张静,金卡,13803333150,高端手表,华为,900.0,10,办公文具,北京仓库-1号,北京区域,北京区域,张经理,,,支付宝,顺丰速运,1,0.9,5.0,0.03,1439.2,539.2,43.18,1300.28
1772,2024-02-12,2,1809.0,0.8500000000000001,李静,钻石,13803345495,精品手表,苹果,905.0,11,珠宝饰品,深圳仓库-4号,深圳区域,深圳区域,刘经理,国庆特卖,0.8,微信支付,圆通快递,2,1.1,11.0,0.05,3075.3,1265.3,153.77,3393.83
1773,2024-02-13,3,1819.0,0.9,王静,普通,13803357840,经典手表,小米,910.0,12,宠物用品,武汉仓库-7号,武汉区域,武汉区域,赵经理,新品首发,0.85,银行卡,中通快递,3,1.05,17.0,0.07,4911.3,2181.3,343.79,5173.87
1774,2024-02-14,4,1829.0,0.9500000000000001,刘静,银卡,13803370185,时尚手表,三星,915.0,13,医疗保健,重庆仓库-10号,重庆区域,重庆区域,吴经理,会员专享,0.9,信用卡,韵达快递,4,1.0,23.0,0.09,6950.2,3290.2,625.52,6973.2
1775,2024-02-15,5,1839.0,1.0,陈静,金卡,13803382530,智能手表,联想,920.0,14,玩具乐器,郑州仓库-13号,郑州区域,郑州区域,王经理,限时秒杀,0.95,货到付款,申通快递,5,0.95,29.0,0.11,9195.0,4595.0,1011.45,8764.25
1776,2024-02-16,6,1849.0,0.8,杨静,钻石,13803394875,便携手表,戴尔,925.0,15,生鲜果蔬,北京仓库-1号,北京区域,北京区域,张经理,,,支付宝,京东物流,1,0.9,5.0,0.03,8875.2,3325.2,266.26,7992.68
1777,2024-02-17,7,1859.0,0.8500000000000001,赵静,普通,13803407220,专业手表,索尼,930.0,16,箱包皮具,深圳仓库-4号,深圳区域,深圳区域,刘经理,618大促,0.55,微信支付,菜鸟驿站,2,1.1,11.0,0.05,11061.05,4551.05,553.05,12178.16
1778,2024-02-18,8,1869.0,0.9,黄静,银卡,13803419565,豪华手表,佳能,935.0,17,钟表眼镜,武汉仓库-7号,武汉区域,武汉区域,赵经理,年货节,0.6,银行卡,德邦快递,3,1.05,17.0,0.07,13456.8,5976.8,941.98,14146.64
1779,2024-02-19,9,1879.0,0.9500000000000001,周静,金卡,13803431910,简约手表,飞利浦,940.0,18,厨房用具,重庆仓库-10号,重庆区域,重庆区域,吴经理,开学季,0.65,信用卡,顺丰速运,4,1.0,23.0,0.09,16065.45,7605.45,1445.89,16088.45
1780,2024-02-20,10,1889.0,1.0,吴静,钻石,13803444255,创新手表,松下,945.0,19,五金工具,郑州仓库-13号,郑州区域,郑州区域,王经理,情人节特惠,0.7,货到付款,圆通快递,5,0.95,29.0,0.11,18890.0,9440.0,2077.9,17974.5
1781,2024-02-21,1,1899.0,0.8,张丽,普通,13803456600,高端相机,华为,950.0,0,数码电子,北京仓库-1号,北京区域,北京区域,张经理,,,支付宝,顺丰速运,1,0.9,5.0,0.03,1519.2,569.2,45.58,1372.28
1782,2024-02-22,2,1909.0,0.8500000000000001,李丽,银卡,13803468945,精品相机,苹果,955.0,1,家用电器,深圳仓库-4号,深圳区域,深圳区域,刘经理,618大促,0.55,微信支付,圆通快递,2,1.1,11.0,0.05,3245.3,1335.3,162.27,3580.83
1783,2024-02-23,3,1919.0,0.9,王丽,金卡,13803481290,经典相机,小米,960.0,2,服装鞋帽,武汉仓库-7号,武汉区域,武汉区域,赵经理,年货节,0.6,银行卡,中通快递,3,1.05,17.0,0.07,5181.3,2301.3,362.69,5457.37
1784,2024-02-24,4,1929.0,0.9500000000000001,刘丽,钻石,13803493635,时尚相机,三星,965.0,3,食品饮料,重庆仓库-10号,重庆区域,重庆区域,吴经理,开学季,0.65,信用卡,韵达快递,4,1.0,23.0,0.09,7330.2,3470.2,659.72,7353.2
1785,2024-02-25,5,1939.0,1.0,陈丽,普通,13803505980,智能相机,联想,970.0,4,美妆护肤,郑州仓库-13号,郑州区域,郑州区域,王经理,情人节特惠,0.7,货到付款,申通快递,5,0.95,29.0,0.11,9695.0,4845.0,1066.45,9239.25
1786,2024-02-26,6,1949.0,0.8,杨丽,银卡,13803518325,便携相机,戴尔,975.0,5,家居日用,北京仓库-1号,北京区域,北京区域,张经理,,,支付宝,京东物流,1,0.9,5.0,0.03,9355.2,3505.2,280.66,8424.68
1787,2024-02-27,7,1959.0,0.8500000000000001,赵丽,金卡,13803530670,专业相机,索尼,980.0,6,运动户外,深圳仓库-4号,深圳区域,深圳区域,刘经理,国庆特卖,0.8,微信支付,菜鸟驿站,2,1.1,11.0,0.05,11656.05,4796.05,582.8,12832.66
1788,2024-02-28,8,1969.0,0.9,黄丽,钻石,13803543015,豪华相机,佳能,985.0,7,图书音像,武汉仓库-7号,武汉区域,武汉区域,赵经理,新品首发,0.85,银行卡,德邦快递,3,1.05,17.0,0.07,14176.8,6296.8,992.38,14902.64
1789,2024-02-28,9,1979.0,0.9500000000000001,周丽,普通,13803555360,简约相机,飞利浦,990.0,8,母婴用品,重庆仓库-10号,重庆区域,重庆区域,吴经理,会员专享,0.9,信用卡,顺丰速运,4,1.0,23.0,0.09,16920.45,8010.45,1522.84,16943.45
1790,2024-02-28,10,1989.0,1.0,吴丽,银卡,13803567705,创新相机,松下,995.0,9,汽车用品,郑州仓库-13号,郑州区域,郑州区域,王经理,限时秒杀,0.95,货到付款,圆通快递,5,0.95,29.0,0.11,19890.0,9940.0,2187.9,18924.5
1791,2024-03-01,1,1999.0,0.8,张勇,金卡,13803580050,高端充电器,华为,1000.0,10,办公文具,北京仓库-1号,北京区域,北京区域,张经理,,,支付宝,顺丰速运,1,0.9,5.0,0.03,1599.2,599.2,47.98,1444.28
1792,2024-03-02,2,2009.0,0.8500000000000001,李勇,钻石,13803592395,精品充电器,苹果,1005.0,11,珠宝饰品,深圳仓库-4号,深圳区域,深圳区域,刘经理,618大促,0.55,微信支付,圆通快递,2,1.1,11.0,0.05,3415.3,1405.3,170.77,3767.83
1793,2024-03-03,3,2019.0,0.9,王勇,普通,13803604740,经典充电器,小米,1010.0,12,宠物用品,武汉仓库-7号,武汉区域,武汉区域,赵经理,年货节,0.6,银行卡,中通快递,3,1.05,17.0,0.07,5451.3,2421.3,381.59,5740.87
1794,2024-03-04,4,2029.0,0.9500000000000001,刘勇,银卡,13803617085,时尚充电器,三星,1015.0,13,医疗保健,重庆仓库-10号,重庆区域,重庆区域,吴经理,开学季,0.65,信用卡,韵达快递,4,1.0,23.0,0.09,7710.2,3650.2,693.92,7733.2
1795,2024-03-05,5,2039.0,1.0,陈勇,金卡,13803629430,智能充电器,联想,1020.0,14,玩具乐器,郑州仓库-13号,郑州区域,郑州区域,王经理,情人节特惠,0.7,货到付款,申通快递,5,0.95,29.0,0.11,10195.0,5095.0,1121.45,9714.25
1796,2024-03-06,6,2049.0,0.8,杨勇,钻石,13803641775,便携充电器,戴尔,1025.0,15,生鲜果蔬,北京仓库-1号,北京区域,北京区域,张经理,,,支付宝,京东物流,1,0.9,5.0,0.03,9835.2,3685.2,295.06,8856.68
1797,2024-03-07,7,2059.0,0.8500000000000001,赵勇,普通,13803654120,专业充电器,索尼,1030.0,16,箱包皮具,深圳仓库-4号,深圳区域,深圳区域,刘经理,618大促,0.55,微信支付,菜鸟驿站,2,1.1,11.0,0.05,12251.05,5041.05,612.55,13487.16
1798,2024-03-08,8,2069.0,0.9,黄勇,银卡,13803666465,豪华充电器,佳能,1035.0,17,钟表眼镜,武汉仓库-7号,武汉区域,武汉区域,赵经理,年货节,0.6,银行卡,德邦快递,3,1.05,17.0,0.07,14896.8,6616.8,1042.78,15658.64
1799,2024-03-09,9,2079.0,0.9500000000000001,周勇,金卡,13803678810,简约充电器,飞利浦,1040.0,18,厨房用具,重庆仓库-10号,重庆区域,重庆区域,吴经理,开学季,0.65,信用卡,顺丰速运,4,1.0,23.0,0.09,17775.45,8415.45,1599.79,17798.45
1800,2024-03-10,10,2089.0,1.0,吴勇,钻石,13803691155,创新充电器,松下,1045.0,19,五金工具,郑州仓库-13号,郑州区域,郑州区域,王经理,情人节特惠,0.7,货到付款,圆通快递,5,0.95,29.0,0.11,20890.0,10440.0,2297.9,19874.5
1801,2024-03-11,1,99.0,0.8,张明,普通,13803703500,高端手机,华为,50.0,0,数码电子,北京仓库-1号,北京区域,北京区域,张经理,,,支付宝,顺丰速运,1,0.9,5.0,0.03,79.2,29.2,2.38,76.28
1802,2024-03-12,2,109.0,0.8500000000000001,李明,银卡,13803715845,精品手机,苹果,55.0,1,家用电器,深圳仓库-4号,深圳区域,深圳区域,刘经理,国庆特卖,0.8,微信支付,圆通快递,2,1.1,11.0,0.05,185.3,75.3,9.27,214.83
1803,2024-03-13,3,119.0,0.9,王明,金卡,13803728190,经典手机,小米,60.0,2,服装鞋帽,武汉仓库-7号,武汉区域,武汉区域,赵经理,新品首发,0.85,银行卡,中通快递,3,1.05,17.0,0.07,321.3,141.3,22.49,354.37
1804,2024-03-14,4,129.0,0.9500000000000001,刘明,钻石,13803740535,时尚手机,三星,65.0,3,食品饮料,重庆仓库-10号,重庆区域,重庆区域,吴经理,会员专享,0.9,信用卡,韵达快递,4,1.0,23.0,0.09,490.2,230.2,44.12,513.2
1805,2024-03-15,5,139.0,1.0,陈明,普通,13803752880,智能手机,联想,70.0,4,美妆护肤,郑州仓库-13号,郑州区域,郑州区域,王经理,限时秒杀,0.95,货到付款,申通快递,5,0.95,29.0,0.11,695.0,345.0,76.45,689.25
1806,2024-03-16,6,149.0,0.8,杨明,银卡,13803765225,便携手机,戴尔,75.0,5,家居日用,北京仓库-1号,北京区域,北京区域,张经理,,,支付宝,京东物流,1,0.9,5.0,0.03,715.2,265.2,21.46,648.68
1807,2024-03-17,7,159.0,0.8500000000000001,赵明,金卡,13803777570,专业手机,索尼,80.0,6,运动户外,深圳仓库-4号,深圳区域,深圳区域,刘经理,618大促,0.55,微信支付,菜鸟驿站,2,1.1,11.0,0.05,946.05,386.05,47.3,1051.65
1808,2024-03-18,8,169.0,0.9,黄明,钻石,13803789915,豪华手机,佳能,85.0,7,图书音像,武汉仓库-7号,武汉区域,武汉区域,赵经理,年货节,0.6,银行卡,德邦快递,3,1.05,17.0,0.07,1216.8,536.8,85.18,1294.64
1809,2024-03-19,9,179.0,0.9500000000000001,周明,普通,13803802260,简约手机,飞利浦,90.0,8,母婴用品,重庆仓库-10号,重庆区域,重庆区域,吴经理,开学季,0.65,信用卡,顺丰速运,4,1.0,23.0,0.09,1530.45,720.45,137.74,1553.45
1810,2024-03-20,10,189.0,1.0,吴明,银卡,13803814605,创新手机,松下,95.0,9,汽车用品,郑州仓库-13号,郑州区域,郑州区域,王经理,情人节特惠,0.7,货到付款,圆通快递,5,0.95,29.0,0.11,1890.0,940.0,207.9,1824.5
1811,2024-03-21,1,199.0,0.8,张华,金卡,13803826950,高端电脑,华为,100.0,10,办公文具,北京仓库-1号,北京区域,北京区域,张经理,,,支付宝,顺丰速运,1,0.9,5.0,0.03,159.2,59.2,4.78,148.28
1812,2024-03-22,2,209.0,0.8500000000000001,李华,钻石,13803839295,精品电脑,苹果,105.0,11,珠宝饰品,深圳仓库-4号,深圳区域,深圳区域,刘经理,618大促,0.55,微信支付,圆通快递,2,1.1,11.0,0.05,355.3,145.3,17.77,401.83
1813,2024-03-23,3,219.0,0.9,王华,普通,13803851640,经典电脑,小米,110.0,12,宠物用品,武汉仓库-7号,武汉区域,武汉区域,赵经理,年货节,0.6,银行卡,中通快递,3,1.05,17.0,0.07,591.3,261.3,41.39,637.87
1814,2024-03-24,4,229.0,0.9500000000000001,刘华,银卡,13803863985,时尚电脑,三星,115.0,13,医疗保健,重庆仓库-10号,重庆区域,重庆区域,吴经理,开学季,0.65,信用卡,韵达快递,4,1.0,23.0,0.09,870.2,410.2,78.32,893.2
1815,2024-03-25,5,239.0,1.0,陈华,金卡,13803876330,智能电脑,联想,120.0,14,玩具乐器,郑州仓库-13号,郑州区域,郑州区域,王经理,情人节特惠,0.7,货到付款,申通快递,5,0.95,29.0,0.11,1195.0,595.0,131.45,1164.25
1816,2024-03-26,6,249.0,0.8,杨华,钻石,13803888675,便携电脑,戴尔,125.0,15,生鲜果蔬,北京仓库-1号,北京区域,北京区域,张经理,,,支付宝,京东物流,1,0.9,5.0,0.03,1195.2,445.2,35.86,1080.68
1817,2024-03-27,7,259.0,0.8500000000000001,赵华,普通,13803901020,专业电脑,索尼,130.0,16,箱包皮具,深圳仓库-4号,深圳区域,深圳区域,刘经理,国庆特卖,0.8,微信支付,菜鸟驿站,2,1.1,11.0,0.05,1541.05,631.05,77.05,1706.16
1818,2024-03-28,8,269.0,0.9,黄华,银卡,13803913365,豪华电脑,佳能,135.0,17,钟表眼镜,武汉仓库-7号,武汉区域,武汉区域,赵经理,新品首发,0.85,银行卡,德邦快递,3,1.05,17.0,0.07,1936.8,856.8,135.58,2050.64
1819,2024-03-28,9,279.0,0.9500000000000001,周华,金卡,13803925710,简约电脑,飞利浦,140.0,18,厨房用具,重庆仓库-10号,重庆区域,重庆区域,吴经理,会员专享,0.9,信用卡,顺丰速运,4,1.0,23.0,0.09,2385.45,1125.45,214.69,2408.45
1820,2024-03-28,10,289.0,1.0,吴华,钻石,13803938055,创新电脑,松下,145.0,19,五金工具,郑州仓库-13号,郑州区域,郑州区域,王经理,限时秒杀,0.95,货到付款,圆通快递,5,0.95,29.0,0.11,2890.0,1440.0,317.9,2774.5
1821,2024-04-01,1,299.0,0.8,张强,普通,13803950400,高端耳机,华为,150.0,0,数码电子,北京仓库-1号,北京区域,北京区域,张经理,,,支付宝,顺丰速运,1,0.9,5.0,0.03,239.2,89.2,7.18,220.28
1822,2024-04-02,2,309.0,0.8500000000000001,李强,银卡,13803962745,精品耳机,苹果,155.0,1,家用电器,深圳仓库-4号,深圳区域,深圳区域,刘经理,618大促,0.55,微信支付,圆通快递,2,1.1,11.0,0.05,525.3,215.3,26.27,588.83
1823,2024-04-03,3,319.0,0.9,王强,金卡,13803975090,经典耳机,小米,160.0,2,服装鞋帽,武汉仓库-7号,武汉区域,武汉区域,赵经理,年货节,0.6,银行卡,中通快递,3,1.05,17.0,0.07,861.3,381.3,60.29,921.37
1824,2024-04-04,4,329.0,0.9500000000000001,刘强,钻石,13803987435,时尚耳机,三星,165.0,3,食品饮料,重庆仓库-10号,重庆区域,重庆区域,吴经理,开学季,0.65,信用卡,韵达快递,4,1.0,23.0,0.09,1250.2,590.2,112.52,1273.2
1825,2024-04-05,5,339.0,1.0,陈强,普通,13803999780,智能耳机,联想,170.0,4,美妆护肤,郑州仓库-13号,郑州区域,郑州区域,王经理,情人节特惠,0.7,货到付款,申通快递,5,0.95,29.0,0.11,1695.0,845.0,186.45,1639.25
1826,2024-04-06,6,349.0,0.8,杨强,银卡,13804012125,便携耳机,戴尔,175.0,5,家居日用,北京仓库-1号,北京区域,北京区域,张经理,,,支付宝,京东物流,1,0.9,5.0,0.03,1675.2,625.2,50.26,1512.68
1827,2024-04-07,7,359.0,0.8500000000000001,赵强,金卡,13804024470,专业耳机,索尼,180.0,6,运动户外,深圳仓库-4号,深圳区域,深圳区域,刘经理,618大促,0.55,微信支付,菜鸟驿站,2,1.1,11.0,0.05,2136.05,876.05,106.8,2360.66
1828,2024-04-08,8,369.0,0.9,黄强,钻石,13804036815,豪华耳机,佳能,185.0,7,图书音像,武汉仓库-7号,武汉区域,武汉区域,赵经理,年货节,0.6,银行卡,德邦快递,3,1.05,17.0,0.07,2656.8,1176.8,185.98,2806.64
1829,2024-04-09,9,379.0,0.9500000000000001,周强,普通,13804049160,简约耳机,飞利浦,190.0,8,母婴用品,重庆仓库-10号,重庆区域,重庆区域,吴经理,开学季,0.65,信用卡,顺丰速运,4,1.0,23.0,0.09,3240.45,1530.45,291.64,3263.45
1830,2024-04-10,10,389.0,1.0,吴强,银卡,13804061505,创新耳机,松下,195.0,9,汽车用品,郑州仓库-13号,郑州区域,郑州区域,王经理,情人节特惠,0.7,货到付款,圆通快递,5,0.95,29.0,0.11,3890.0,1940.0,427.9,3724.5
1831,2024-04-11,1,399.0,0.8,张伟,金卡,13804073850,高端键盘,华为,200.0,10,办公文具,北京仓库-1号,北京区域,北京区域,张经理,,,支付宝,顺丰速运,1,0.9,5.0,0.03,319.2,119.2,9.58,292.28
1832,2024-04-12,2,409.0,0.8500000000000001,李伟,钻石,13804086195,精品键盘,苹果,205.0,11,珠宝饰品,深圳仓库-4号,深圳区域,深圳区域,刘经理,国庆特卖,0.8,微信支付,圆通快递,2,1.1,11.0,0.05,695.3,285.3,34.77,775.83
1833,2024-04-13,3,419.0,0.9,王伟,普通,13804098540,经典键盘,小米,210.0,12,宠物用品,武汉仓库-7号,武汉区域,武汉区域,赵经理,新品首发,0.85,银行卡,中通快递,3,1.05,17.0,0.07,1131.3,501.3,79.19,1204.87
1834,2024-04-14,4,429.0,0.9500000000000001,刘伟,银卡,13804110885,时尚键盘,三星,215.0,13,医疗保健,重庆仓库-10号,重庆区域,重庆区域,吴经理,会员专享,0.9,信用卡,韵达快递,4,1.0,23.0,0.09,1630.2,770.2,146.72,1653.2
1835,2024-04-15,5,439.0,1.0,陈伟,金卡,13804123230,智能键盘,联想,220.0,14,玩具乐器,郑州仓库-13号,郑州区域,郑州区域,王经理,限时秒杀,0.95,货到付款,申通快递,5,0.95,29.0,0.11,2195.0,1095.0,241.45,2114.25
1836,2024-04-16,6,449.0,0.8,杨伟,钻石,13804135575,便携键盘,戴尔,225.0,15,生鲜果蔬,北京仓库-1号,北京区域,北京区域,张经理,,,支付宝,京东物流,1,0.9,5.0,0.03,2155.2,805.2,64.66,1944.68
1837,2024-04-17,7,459.0,0.8500000000000001,赵伟,普通,13804147920,专业键盘,索尼,230.0,16,箱包皮具,深圳仓库-4号,深圳区域,深圳区域,刘经理,618大促,0.55,微信支付,菜鸟驿站,2,1.1,11.0,0.05,2731.05,1121.05,136.55,3015.16
1838,2024-04-18,8,469.0,0.9,黄伟,银卡,13804160265,豪华键盘,佳能,235.0,17,钟表眼镜,武汉仓库-7号,武汉区域,武汉区域,赵经理,年货节,0.6,银行卡,德邦快递,3,1.05,17.0,0.07,3376.8,1496.8,236.38,3562.64
1839,2024-04-19,9,479.0,0.9500000000000001,周伟,金卡,13804172610,简约键盘,飞利浦,240.0,18,厨房用具,重庆仓库-10号,重庆区域,重庆区域,吴经理,开学季,0.65,信用卡,顺丰速运,4,1.0,23.0,0.09,4095.45,1935.45,368.59,4118.45
1840,2024-04-20,10,489.0,1.0,吴伟,钻石,13804184955,创新键盘,松下,245.0,19,五金工具,郑州仓库-13号,郑州区域,郑州区域,王经理,情人节特惠,0.7,货到付款,圆通快递,5,0.95,29.0,0.11,4890.0,2440.0,537.9,4674.5
1841,2024-04-21,1,499.0,0.8,张芳,普通,13804197300,高端显示器,华为,250.0,0,数码电子,北京仓库-1号,北京区域,北京区域,张经理,,,支付宝,顺丰速运,1,0.9,5.0,0.03,399.2,149.2,11.98,364.28
1842,2024-04-22,2,509.0,0.8500000000000001,李芳,银卡,13804209645,精品显示器,苹果,255.0,1,家用电器,深圳仓库-4号,深圳区域,深圳区域,刘经理,618大促,0.55,微信支付,圆通快递,2,1.1,11.0,0.05,865.3,355.3,43.27,962.83
1843,2024-04-23,3,519.0,0.9,王芳,金卡,13804221990,经典显示器,小米,260.0,2,服装鞋帽,武汉仓库-7号,武汉区域,武汉区域,赵经理,年货节,0.6,银行卡,中通快递,3,1.05,17.0,0.07,1401.3,621.3,98.09,1488.37
1844,2024-04-24,4,529.0,0.9500000000000001,刘芳,钻石,13804234335,时尚显示器,三星,265.0,3,食品饮料,重庆仓库-10号,重庆区域,重庆区域,吴经理,开学季,0.65,信用卡,韵达快递,4,1.0,23.0,0.09,2010.2,950.2,180.92,2033.2
1845,2024-04-25,5,539.0,1.0,陈芳,普通,13804246680,智能显示器,联想,270.0,4,美妆护肤,郑州仓库-13号,郑州区域,郑州区域,王经理,情人节特惠,0.7,货到付款,申通快递,5,0.95,29.0,0.11,2695.0,1345.0,296.45,2589.25
1846,2024-04-26,6,549.0,0.8,杨芳,银卡,13804259025,便携显示器,戴尔,275.0,5,家居日用,北京仓库-1号,北京区域,北京区域,张经理,,,支付宝,京东物流,1,0.9,5.0,0.03,2635.2,985.2,79.06,2376.68
1847,2024-04-27,7,559.0,0.8500000000000001,赵芳,金卡,13804271370,专业显示器,索尼,280.0,6,运动户外,深圳仓库-4号,深圳区域,深圳区域,刘经理,国庆特卖,0.8,微信支付,菜鸟驿站,2,1.1,11.0,0.05,3326.05,1366.05,166.3,3669.66
1848,2024-04-28,8,569.0,0.9,黄芳,钻石,13804283715,豪华显示器,佳能,285.0,7,图书音像,武汉仓库-7号,武汉区域,武汉区域,赵经理,新品首发,0.85,银行卡,德邦快递,3,1.05,17.0,0.07,4096.8,1816.8,286.78,4318.64
1849,2024-04-28,9,579.0,0.9500000000000001,周芳,普通,13804296060,简约显示器,飞利浦,290.0,8,母婴用品,重庆仓库-10号,重庆区域,重庆区域,吴经理,会员专享,0.9,信用卡,顺丰速运,4,1.0,23.0,0.09,4950.45,2340.45,445.54,4973.45
1850,2024-04-28,10,589.0,1.0,吴芳,银卡,13804308405,创新显示器,松下,295.0,9,汽车用品,郑州仓库-13号,郑州区域,郑州区域,王经理,限时秒杀,0.95,货到付款,圆通快递,5,0.95,29.0,0.11,5890.0,2940.0,647.9,5624.5
1851,2024-05-01,1,599.0,0.8,张娟,金卡,13804320750,高端平板,华为,300.0,10,办公文具,北京仓库-1号,北京区域,北京区域,张经理,,,支付宝,顺丰速运,1,0.9,5.0,0.03,479.2,179.2,14.38,436.28
1852,2024-05-02,2,609.0,0.8500000000000001,李娟,钻石,13804333095,精品平板,苹果,305.0,11,珠宝饰品,深圳仓库-4号,深圳区域,深圳区域,刘经理,618大促,0.55,微信支付,圆通快递,2,1.1,11.0,0.05,1035.3,425.3,51.77,1149.83
1853,2024-05-03,3,619.0,0.9,王娟,普通,13804345440,经典平板,小米,310.0,12,宠物用品,武汉仓库-7号,武汉区域,武汉区域,赵经理,年货节,0.6,银行卡,中通快递,3,1.05,17.0,0.07,1671.3,741.3,116.99,1771.87
1854,2024-05-04,4,629.0,0.9500000000000001,刘娟,银卡,13804357785,时尚平板,三星,315.0,13,医疗保健,重庆仓库-10号,重庆区域,重庆区域,吴经理,开学季,0.65,信用卡,韵达快递,4,1.0,23.0,0.09,2390.2,1130.2,215.12,2413.2
1855,2024-05-05,5,639.0,1.0,陈娟,金卡,13804370130,智能平板,联想,320.0,14,玩具乐器,郑州仓库-13号,郑州区域,郑州区域,王经理,情人节特惠,0.7,货到付款,申通快递,5,0.95,29.0,0.11,3195.0,1595.0,351.45,3064.25
1856,2024-05-06,6,649.0,0.8,杨娟,钻石,13804382475,便携平板,戴尔,325.0,15,生鲜果蔬,北京仓库-1号,北京区域,北京区域,张经理,,,支付宝,京东物流,1,0.9,5.0,0.03,3115.2,1165.2,93.46,2808.68
1857,2024-05-07,7,659.0,0.8500000000000001,赵娟,普通,13804394820,专业平板,索尼,330.0,16,箱包皮具,深圳仓库-4号,深圳区域,深圳区域,刘经理,618大促,0.55,微信支付,菜鸟驿站,2,1.1,11.0,0.05,3921.05,1611.05,196.05,4324.16
1858,2024-05-08,8,669.0,0.9,黄娟,银卡,13804407165,豪华平板,佳能,335.0,17,钟表眼镜,武汉仓库-7号,武汉区域,武汉区域,赵经理,年货节,0.6,银行卡,德邦快递,3,1.05,17.0,0.07,4816.8,2136.8,337.18,5074.64
1859,2024-05-09,9,679.0,0.9500000000000001,周娟,金卡,13804419510,简约平板,飞利浦,340.0,18,厨房用具,重庆仓库-10号,重庆区域,重庆区域,吴经理,开学季,0.65,信用卡,顺丰速运,4,1.0,23.0,0.09,5805.45,2745.45,522.49,5828.45
1860,2024-05-10,10,689.0,1.0,吴娟,钻石,13804431855,创新平板,松下,345.0,19,五金工具,郑州仓库-13号,郑州区域,郑州区域,王经理,情人节特惠,0.7,货到付款,圆通快递,5,0.95,29.0,0.11,6890.0,3440.0,757.9,6574.5
1861,2024-05-11,1,699.0,0.8,张敏,普通,13804444200,高端音箱,华为,350.0,0,数码电子,北京仓库-1号,北京区域,北京区域,张经理,,,支付宝,顺丰速运,1,0.9,5.0,0.03,559.2,209.2,16.78,508.28
1862,2024-05-12,2,709.0,0.8500000000000001,李敏,银卡,13804456545,精品音箱,苹果,355.0,1,家用电器,深圳仓库-4号,深圳区域,深圳区域,刘经理,国庆特卖,0.8,微信支付,圆通快递,2,1.1,11.0,0.05,1205.3,495.3,60.27,1336.83
1863,2024-05-13,3,719.0,0.9,王敏,金卡,13804468890,经典音箱,小米,360.0,2,服装鞋帽,武汉仓库-7号,武汉区域,武汉区域,赵经理,新品首发,0.85,银行卡,中通快递,3,1.05,17.0,0.07,1941.3,861.3,135.89,2055.36
1864,2024-05-14,4,729.0,0.9500000000000001,刘敏,钻石,13804481235,时尚音箱,三星,365.0,3,食品饮料,重庆仓库-10号,重庆区域,重庆区域,吴经理,会员专享,0.9,信用卡,韵达快递,4,1.0,23.0,0.09,2770.2,1310.2,249.32,2793.2
1865,2024-05-15,5,739.0,1.0,陈敏,普通,13804493580,智能音箱,联想,370.0,4,美妆护肤,郑州仓库-13号,郑州区域,郑州区域,王经理,限时秒杀,0.95,货到付款,申通快递,5,0.95,29.0,0.11,3695.0,1845.0,406.45,3539.25
1866,2024-05-16,6,749.0,0.8,杨敏,银卡,13804505925,便携音箱,戴尔,375.0,5,家居日用,北京仓库-1号,北京区域,北京区域,张经理,,,支付宝,京东物流,1,0.9,5.0,0.03,3595.2,1345.2,107.86,3240.68
1867,2024-05-17,7,759.0,0.8500000000000001,赵敏,金卡,13804518270,专业音箱,索尼,380.0,6,运动户外,深圳仓库-4号,深圳区域,深圳区域,刘经理,618大促,0.55,微信支付,菜鸟驿站,2,1.1,11.0,0.05,4516.05,1856.05,225.8,4978.66
1868,2024-05-18,8,769.0,0.9,黄敏,钻石,13804530615,豪华音箱,佳能,385.0,7,图书音像,武汉仓库-7号,武汉区域,武汉区域,赵经理,年货节,0.6,银行卡,德邦快递,3,1.05,17.0,0.07,5536.8,2456.8,387.58,5830.64
1869,2024-05-19,9,779.0,0.9500000000000001,周敏,普通,13804542960,简约音箱,飞利浦,390.0,8,母婴用品,重庆仓库-10号,重庆区域,重庆区域,吴经理,开学季,0.65,信用卡,顺丰速运,4,1.0,23.0,0.09,6660.45,3150.45,599.44,6683.45
1870,2024-05-20,10,789.0,1.0,吴敏,银卡,13804555305,创新音箱,松下,395.0,9,汽车用品,郑州仓库-13号,郑州区域,郑州区域,王经理,情人节特惠,0.7,货到付款,圆通快递,5,0.95,29.0,0.11,7890.0,3940.0,867.9,7524.5
1871,2024-05-21,1,799.0,0.8,张静,金卡,13804567650,高端手表,华为,400.0,10,办公文具,北京仓库-1号,北京区域,北京区域,张经理,,,支付宝,顺丰速运,1,0.9,5.0,0.03,639.2,239.2,19.18,580.28
1872,2024-05-22,2,809.0,0.8500000000000001,李静,钻石,13804579995,精品手表,苹果,405.0,11,珠宝饰品,深圳仓库-4号,深圳区域,深圳区域,刘经理,618大促,0.55,微信支付,圆通快递,2,1.1,11.0,0.05,1375.3,565.3,68.77,1523.83
1873,2024-05-23,3,819.0,0.9,王静,普通,13804592340,经典手表,小米,410.0,12,宠物用品,武汉仓库-7号,武汉区域,武汉区域,赵经理,年货节,0.6,银行卡,中通快递,3,1.05,17.0,0.07,2211.3,981.3,154.79,2338.87
1874,2024-05-24,4,829.0,0.9500000000000001,刘静,银卡,13804604685,时尚手表,三星,415.0,13,医疗保健,重庆仓库-10号,重庆区域,重庆区域,吴经理,开学季,0.65,信用卡,韵达快递,4,1.0,23.0,0.09,3150.2,1490.2,283.52,3173.2
1875,2024-05-25,5,839.0,1.0,陈静,金卡,13804617030,智能手表,联想,420.0,14,玩具乐器,郑州仓库-13号,郑州区域,郑州区域,王经理,情人节特惠,0.7,货到付款,申通快递,5,0.95,29.0,0.11,4195.0,2095.0,461.45,4014.25
1876,2024-05-26,6,849.0,0.8,杨静,钻石,13804629375,便携手表,戴尔,425.0,15,生鲜果蔬,北京仓库-1号,北京区域,北京区域,张经理,,,支付宝,京东物流,1,0.9,5.0,0.03,4075.2,1525.2,122.26,3672.68
1877,2024-05-27,7,859.0,0.8500000000000001,赵静,普通,13804641720,专业手表,索尼,430.0,16,箱包皮具,深圳仓库-4号,深圳区域,深圳区域,刘经理,国庆特卖,0.8,微信支付,菜鸟驿站,2,1.1,11.0,0.05,5111.05,2101.05,255.55,5633.16
1878,2024-05-28,8,869.0,0.9,黄静,银卡,13804654065,豪华手表,佳能,435.0,17,钟表眼镜,武汉仓库-7号,武汉区域,武汉区域,赵经理,新品首发,0.85,银行卡,德邦快递,3,1.05,17.0,0.07,6256.8,2776.8,437.98,6586.64
1879,2024-05-28,9,879.0,0.9500000000000001,周静,金卡,13804666410,简约手表,飞利浦,440.0,18,厨房用具,重庆仓库-10号,重庆区域,重庆区域,吴经理,会员专享,0.9,信用卡,顺丰速运,4,1.0,23.0,0.09,7515.45,3555.45,676.39,7538.45
1880,2024-05-28,10,889.0,1.0,吴静,钻石,13804678755,创新手表,松下,445.0,19,五金工具,郑州仓库-13号,郑州区域,郑州区域,王经理,限时秒杀,0.95,货到付款,圆通快递,5,0.95,29.0,0.11,8890.0,4440.0,977.9,8474.5
1881,2024-06-01,1,899.0,0.8,张丽,普通,13804691100,高端相机,华为,450.0,0,数码电子,北京仓库-1号,北京区域,北京区域,张经理,,,支付宝,顺丰速运,1,0.9,5.0,0.03,719.2,269.2,21.58,652.28
1882,2024-06-02,2,909.0,0.8500000000000001,李丽,银卡,13804703445,精品相机,苹果,455.0,1,家用电器,深圳仓库-4号,深圳区域,深圳区域,刘经理,618大促,0.55,微信支付,圆通快递,2,1.1,11.0,0.05,1545.3,635.3,77.27,1710.83
1883,2024-06-03,3,919.0,0.9,王丽,金卡,13804715790,经典相机,小米,460.0,2,服装鞋帽,武汉仓库-7号,武汉区域,武汉区域,赵经理,年货节,0.6,银行卡,中通快递,3,1.05,17.0,0.07,2481.3,1101.3,173.69,2622.37
1884,2024-06-04,4,929.0,0.9500000000000001,刘丽,钻石,13804728135,时尚相机,三星,465.0,3,食品饮料,重庆仓库-10号,重庆区域,重庆区域,吴经理,开学季,0.65,信用卡,韵达快递,4,1.0,23.0,0.09,3530.2,1670.2,317.72,3553.2
1885,2024-06-05,5,939.0,1.0,陈丽,普通,13804740480,智能相机,联想,470.0,4,美妆护肤,郑州仓库-13号,郑州区域,郑州区域,王经理,情人节特惠,0.7,货到付款,申通快递,5,0.95,29.0,0.11,4695.0,2345.0,516.45,4489.25
1886,2024-06-06,6,949.0,0.8,杨丽,银卡,13804752825,便携相机,戴尔,475.0,5,家居日用,北京仓库-1号,北京区域,北京区域,张经理,,,支付宝,京东物流,1,0.9,5.0,0.03,4555.2,1705.2,136.66,4104.68
1887,2024-06-07,7,959.0,0.8500000000000001,赵丽,金卡,13804765170,专业相机,索尼,480.0,6,运动户外,深圳仓库-4号,深圳区域,深圳区域,刘经理,618大促,0.55,微信支付,菜鸟驿站,2,1.1,11.0,0.05,5706.05,2346.05,285.3,6287.66
1888,2024-06-08,8,969.0,0.9,黄丽,钻石,13804777515,豪华相机,佳能,485.0,7,图书音像,武汉仓库-7号,武汉区域,武汉区域,赵经理,年货节,0.6,银行卡,德邦快递,3,1.05,17.0,0.07,6976.8,3096.8,488.38,7342.64
1889,2024-06-09,9,979.0,0.9500000000000001,周丽,普通,13804789860,简约相机,飞利浦,490.0,8,母婴用品,重庆仓库-10号,重庆区域,重庆区域,吴经理,开学季,0.65,信用卡,顺丰速运,4,1.0,23.0,0.09,8370.45,3960.45,753.34,8393.45
1890,2024-06-10,10,989.0,1.0,吴丽,银卡,13804802205,创新相机,松下,495.0,9,汽车用品,郑州仓库-13号,郑州区域,郑州区域,王经理,情人节特惠,0.7,货到付款,圆通快递,5,0.95,29.0,0.11,9890.0,4940.0,1087.9,9424.5
1891,2024-06-11,1,999.0,0.8,张勇,金卡,13804814550,高端充电器,华为,500.0,10,办公文具,北京仓库-1号,北京区域,北京区域,张经理,,,支付宝,顺丰速运,1,0.9,5.0,0.03,799.2,299.2,23.98,724.28
1892,2024-06-12,2,1009.0,0.8500000000000001,李勇,钻石,13804826895,精品充电器,苹果,505.0,11,珠宝饰品,深圳仓库-4号,深圳区域,深圳区域,刘经理,国庆特卖,0.8,微信支付,圆通快递,2,1.1,11.0,0.05,1715.3,705.3,85.77,1897.83
1893,2024-06-13,3,1019.0,0.9,王勇,普通,13804839240,经典充电器,小米,510.0,12,宠物用品,武汉仓库-7号,武汉区域,武汉区域,赵经理,新品首发,0.85,银行卡,中通快递,3,1.05,17.0,0.07,2751.3,1221.3,192.59,2905.87
1894,2024-06-14,4,1029.0,0.9500000000000001,刘勇,银卡,13804851585,时尚充电器,三星,515.0,13,医疗保健,重庆仓库-10号,重庆区域,重庆区域,吴经理,会员专享,0.9,信用卡,韵达快递,4,1.0,23.0,0.09,3910.2,1850.2,351.92,3933.2
1895,2024-06-15,5,1039.0,1.0,陈勇,金卡,13804863930,智能充电器,联想,520.0,14,玩具乐器,郑州仓库-13号,郑州区域,郑州区域,王经理,限时秒杀,0.95,货到付款,申通快递,5,0.95,29.0,0.11,5195.0,2595.0,571.45,4964.25
1896,2024-06-16,6,1049.0,0.8,杨勇,钻石,13804876275,便携充电器,戴尔,525.0,15,生鲜果蔬,北京仓库-1号,北京区域,北京区域,张经理,,,支付宝,京东物流,1,0.9,5.0,0.03,5035.2,1885.2,151.06,4536.68
1897,2024-06-17,7,1059.0,0.8500000000000001,赵勇,普通,13804888620,专业充电器,索尼,530.0,16,箱包皮具,深圳仓库-4号,深圳区域,深圳区域,刘经理,618大促,0.55,微信支付,菜鸟驿站,2,1.1,11.0,0.05,6301.05,2591.05,315.05,6942.16
1898,2024-06-18,8,1069.0,0.9,黄勇,银卡,13804900965,豪华充电器,佳能,535.0,17,钟表眼镜,武汉仓库-7号,武汉区域,武汉区域,赵经理,年货节,0.6,银行卡,德邦快递,3,1.05,17.0,0.07,7696.8,3416.8,538.78,8098.64
1899,2024-06-19,9,1079.0,0.9500000000000001,周勇,金卡,13804913310,简约充电器,飞利浦,540.0,18,厨房用具,重庆仓库-10号,重庆区域,重庆区域,吴经理,开学季,0.65,信用卡,顺丰速运,4,1.0,23.0,0.09,9225.45,4365.45,830.29,9248.45
1900,2024-06-20,10,1089.0,1.0,吴勇,钻石,13804925655,创新充电器,松下,545.0,19,五金工具,郑州仓库-13号,郑州区域,郑州区域,王经理,情人节特惠,0.7,货到付款,圆通快递,5,0.95,29.0,0.11,10890.0,5440.0,1197.9,10374.5
1901,2024-06-21,1,1099.0,0.8,张明,普通,13804938000,高端手机,华为,550.0,0,数码电子,北京仓库-1号,北京区域,北京区域,张经理,,,支付宝,顺丰速运,1,0.9,5.0,0.03,879.2,329.2,26.38,796.28
1902,2024-06-22,2,1109.0,0.8500000000000001,李明,银卡,13804950345,精品手机,苹果,555.0,1,家用电器,深圳仓库-4号,深圳区域,深圳区域,刘经理,618大促,0.55,微信支付,圆通快递,2,1.1,11.0,0.05,1885.3,775.3,94.27,2084.83
1903,2024-06-23,3,1119.0,0.9,王明,金卡,13804962690,经典手机,小米,560.0,2,服装鞋帽,武汉仓库-7号,武汉区域,武汉区域,赵经理,年货节,0.6,银行卡,中通快递,3,1.05,17.0,0.07,3021.3,1341.3,211.49,3189.37
1904,2024-06-24,4,1129.0,0.9500000000000001,刘明,钻石,13804975035,时尚手机,三星,565.0,3,食品饮料,重庆仓库-10号,重庆区域,重庆区域,吴经理,开学季,0.65,信用卡,韵达快递,4,1.0,23.0,0.09,4290.2,2030.2,386.12,4313.2
1905,2024-06-25,5,1139.0,1.0,陈明,普通,13804987380,智能手机,联想,570.0,4,美妆护肤,郑州仓库-13号,郑州区域,郑州区域,王经理,情人节特惠,0.7,货到付款,申通快递,5,0.95,29.0,0.11,5695.0,2845.0,626.45,5439.25
1906,2024-06-26,6,1149.0,0.8,杨明,银卡,13804999725,便携手机,戴尔,575.0,5,家居日用,北京仓库-1号,北京区域,北京区域,张经理,,,支付宝,京东物流,1,0.9,5.0,0.03,5515.2,2065.2,165.46,4968.68
1907,2024-06-27,7,1159.0,0.8500000000000001,赵明,金卡,13805012070,专业手机,索尼,580.0,6,运动户外,深圳仓库-4号,深圳区域,深圳区域,刘经理,国庆特卖,0.8,微信支付,菜鸟驿站,2,1.1,11.0,0.05,6896.05,2836.05,344.8,7596.66
1908,2024-06-28,8,1169.0,0.9,黄明,钻石,13805024415,豪华手机,佳能,585.0,7,图书音像,武汉仓库-7号,武汉区域,武汉区域,赵经理,新品首发,0.85,银行卡,德邦快递,3,1.05,17.0,0.07,8416.8,3736.8,589.18,8854.64
1909,2024-06-28,9,1179.0,0.9500000000000001,周明,普通,13805036760,简约手机,飞利浦,590.0,8,母婴用品,重庆仓库-10号,重庆区域,重庆区域,吴经理,会员专享,0.9,信用卡,顺丰速运,4,1.0,23.0,0.09,10080.45,4770.45,907.24,10103.45
1910,2024-06-28,10,1189.0,1.0,吴明,银卡,13805049105,创新手机,松下,595.0,9,汽车用品,郑州仓库-13号,郑州区域,郑州区域,王经理,限时秒杀,0.95,货到付款,圆通快递,5,0.95,29.0,0.11,11890.0,5940.0,1307.9,11324.5
1911,2024-07-01,1,1199.0,0.8,张华,金卡,13805061450,高端电脑,华为,600.0,10,办公文具,北京仓库-1号,北京区域,北京区域,张经理,,,支付宝,顺丰速运,1,0.9,5.0,0.03,959.2,359.2,28.78,868.28
1912,2024-07-02,2,1209.0,0.8500000000000001,李华,钻石,13805073795,精品电脑,苹果,605.0,11,珠宝饰品,深圳仓库-4号,深圳区域,深圳区域,刘经理,618大促,0.55,微信支付,圆通快递,2,1.1,11.0,0.05,2055.3,845.3,102.77,2271.83
1913,2024-07-03,3,1219.0,0.9,王华,普通,13805086140,经典电脑,小米,610.0,12,宠物用品,武汉仓库-7号,武汉区域,武汉区域,赵经理,年货节,0.6,银行卡,中通快递,3,1.05,17.0,0.07,3291.3,1461.3,230.39,3472.87
1914,2024-07-04,4,1229.0,0.9500000000000001,刘华,银卡,13805098485,时尚电脑,三星,615.0,13,医疗保健,重庆仓库-10号,重庆区域,重庆区域,吴经理,开学季,0.65,信用卡,韵达快递,4,1.0,23.0,0.09,4670.2,2210.2,420.32,4693.2
1915,2024-07-05,5,1239.0,1.0,陈华,金卡,13805110830,智能电脑,联想,620.0,14,玩具乐器,郑州仓库-13号,郑州区域,郑州区域,王经理,情人节特惠,0.7,货到付款,申通快递,5,0.95,29.0,0.11,6195.0,3095.0,681.45,5914.25
1916,2024-07-06,6,1249.0,0.8,杨华,钻石,13805123175,便携电脑,戴尔,625.0,15,生鲜果蔬,北京仓库-1号,北京区域,北京区域,张经理,,,支付宝,京东物流,1,0.9,5.0,0.03,5995.2,2245.2,179.86,5400.68
1917,2024-07-07,7,1259.0,0.8500000000000001,赵华,普通,13805135520,专业电脑,索尼,630.0,16,箱包皮具,深圳仓库-4号,深圳区域,深圳区域,刘经理,618大促,0.55,微信支付,菜鸟驿站,2,1.1,11.0,0.05,7491.05,3081.05,374.55,8251.16
1918,2024-07-08,8,1269.0,0.9,黄华,银卡,13805147865,豪华电脑,佳能,635.0,17,钟表眼镜,武汉仓库-7号,武汉区域,武汉区域,赵经理,年货节,0.6,银行卡,德邦快递,3,1.05,17.0,0.07,9136.8,4056.8,639.58,9610.64
1919,2024-07-09,9,1279.0,0.9500000000000001,周华,金卡,13805160210,简约电脑,飞利浦,640.0,18,厨房用具,重庆仓库-10号,重庆区域,重庆区域,吴经理,开学季,0.65,信用卡,顺丰速运,4,1.0,23.0,0.09,10935.45,5175.45,984.19,10958.45
1920,2024-07-10,10,1289.0,1.0,吴华,钻石,13805172555,创新电脑,松下,645.0,19,五金工具,郑州仓库-13号,郑州区域,郑州区域,王经理,情人节特惠,0.7,货到付款,圆通快递,5,0.95,29.0,0.11,12890.0,6440.0,1417.9,12274.5
1921,2024-07-11,1,1299.0,0.8,张强,普通,13805184900,高端耳机,华为,650.0,0,数码电子,北京仓库-1号,北京区域,北京区域,张经理,,,支付宝,顺丰速运,1,0.9,5.0,0.03,1039.2,389.2,31.18,940.28
1922,2024-07-12,2,1309.0,0.8500000000000001,李强,银卡,13805197245,精品耳机,苹果,655.0,1,家用电器,深圳仓库-4号,深圳区域,深圳区域,刘经理,国庆特卖,0.8,微信支付,圆通快递,2,1.1,11.0,0.05,2225.3,915.3,111.27,2458.83
1923,2024-07-13,3,1319.0,0.9,王强,金卡,13805209590,经典耳机,小米,660.0,2,服装鞋帽,武汉仓库-7号,武汉区域,武汉区域,赵经理,新品首发,0.85,银行卡,中通快递,3,1.05,17.0,0.07,3561.3,1581.3,249.29,3756.37
1924,2024-07-14,4,1329.0,0.9500000000000001,刘强,钻石,13805221935,时尚耳机,三星,665.0,3,食品饮料,重庆仓库-10号,重庆区域,重庆区域,吴经理,会员专享,0.9,信用卡,韵达快递,4,1.0,23.0,0.09,5050.2,2390.2,454.52,5073.2
1925,2024-07-15,5,1339.0,1.0,陈强,普通,13805234280,智能耳机,联想,670.0,4,美妆护肤,郑州仓库-13号,郑州区域,郑州区域,王经理,限时秒杀,0.95,货到付款,申通快递,5,0.95,29.0,0.11,6695.0,3345.0,736.45,6389.25
1926,2024-07-16,6,1349.0,0.8,杨强,银卡,13805246625,便携耳机,戴尔,675.0,5,家居日用,北京仓库-1号,北京区域,北京区域,张经理,,,支付宝,京东物流,1,0.9,5.0,0.03,6475.2,2425.2,194.26,5832.68
1927,2024-07-17,7,1359.0,0.8500000000000001,赵强,金卡,13805258970,专业耳机,索尼,680.0,6,运动户外,深圳仓库-4号,深圳区域,深圳区域,刘经理,618大促,0.55,微信支付,菜鸟驿站,2,1.1,11.0,0.05,8086.05,3326.05,404.3,8905.66
1928,2024-07-18,8,1369.0,0.9,黄强,钻石,13805271315,豪华耳机,佳能,685.0,7,图书音像,武汉仓库-7号,武汉区域,武汉区域,赵经理,年货节,0.6,银行卡,德邦快递,3,1.05,17.0,0.07,9856.8,4376.8,689.98,10366.64
1929,2024-07-19,9,1379.0,0.9500000000000001,周强,普通,13805283660,简约耳机,飞利浦,690.0,8,母婴用品,重庆仓库-10号,重庆区域,重庆区域,吴经理,开学季,0.65,信用卡,顺丰速运,4,1.0,23.0,0.09,11790.45,5580.45,1061.14,11813.45
1930,2024-07-20,10,1389.0,1.0,吴强,银卡,13805296005,创新耳机,松下,695.0,9,汽车用品,郑州仓库-13号,郑州区域,郑州区域,王经理,情人节特惠,0.7,货到付款,圆通快递,5,0.95,29.0,0.11,13890.0,6940.0,1527.9,13224.5
1931,2024-07-21,1,1399.0,0.8,张伟,金卡,13805308350,高端键盘,华为,700.0,10,办公文具,北京仓库-1号,北京区域,北京区域,张经理,,,支付宝,顺丰速运,1,0.9,5.0,0.03,1119.2,419.2,33.58,1012.28
1932,2024-07-22,2,1409.0,0.8500000000000001,李伟,钻石,13805320695,精品键盘,苹果,705.0,11,珠宝饰品,深圳仓库-4号,深圳区域,深圳区域,刘经理,618大促,0.55,微信支付,圆通快递,2,1.1,11.0,0.05,2395.3,985.3,119.77,2645.83
1933,2024-07-23,3,1419.0,0.9,王伟,普通,13805333040,经典键盘,小米,710.0,12,宠物用品,武汉仓库-7号,武汉区域,武汉区域,赵经理,年货节,0.6,银行卡,中通快递,3,1.05,17.0,0.07,3831.3,1701.3,268.19,4039.87
1934,2024-07-24,4,1429.0,0.9500000000000001,刘伟,银卡,13805345385,时尚键盘,三星,715.0,13,医疗保健,重庆仓库-10号,重庆区域,重庆区域,吴经理,开学季,0.65,信用卡,韵达快递,4,1.0,23.0,0.09,5430.2,2570.2,488.72,5453.2
1935,2024-07-25,5,1439.0,1.0,陈伟,金卡,13805357730,智能键盘,联想,720.0,14,玩具乐器,郑州仓库-13号,郑州区域,郑州区域,王经理,情人节特惠,0.7,货到付款,申通快递,5,0.95,29.0,0.11,7195.0,3595.0,791.45,6864.25
1936,2024-07-26,6,1449.0,0.8,杨伟,钻石,13805370075,便携键盘,戴尔,725.0,15,生鲜果蔬,北京仓库-1号,北京区域,北京区域,张经理,,,支付宝,京东物流,1,0.9,5.0,0.03,6955.2,2605.2,208.66,6264.68
1937,2024-07-27,7,1459.0,0.8500000000000001,赵伟,普通,13805382420,专业键盘,索尼,730.0,16,箱包皮具,深圳仓库-4号,深圳区域,深圳区域,刘经理,国庆特卖,0.8,微信支付,菜鸟驿站,2,1.1,11.0,0.05,8681.05,3571.05,434.05,9560.16
1938,2024-07-28,8,1469.0,0.9,黄伟,银卡,13805394765,豪华键盘,佳能,735.0,17,钟表眼镜,武汉仓库-7号,武汉区域,武汉区域,赵经理,新品首发,0.85,银行卡,德邦快递,3,1.05,17.0,0.07,10576.8,4696.8,740.38,11122.64
1939,2024-07-28,9,1479.0,0.9500000000000001,周伟,金卡,13805407110,简约键盘,飞利浦,740.0,18,厨房用具,重庆仓库-10号,重庆区域,重庆区域,吴经理,会员专享,0.9,信用卡,顺丰速运,4,1.0,23.0,0.09,12645.45,5985.45,1138.09,12668.45
1940,2024-07-28,10,1489.0,1.0,吴伟,钻石,13805419455,创新键盘,松下,745.0,19,五金工具,郑州仓库-13号,郑州区域,郑州区域,王经理,限时秒杀,0.95,货到付款,圆通快递,5,0.95,29.0,0.11,14890.0,7440.0,1637.9,14174.5
1941,2024-08-01,1,1499.0,0.8,张芳,普通,13805431800,高端显示器,华为,750.0,0,数码电子,北京仓库-1号,北京区域,北京区域,张经理,,,支付宝,顺丰速运,1,0.9,5.0,0.03,1199.2,449.2,35.98,1084.28
1942,2024-08-02,2,1509.0,0.8500000000000001,李芳,银卡,13805444145,精品显示器,苹果,755.0,1,家用电器,深圳仓库-4号,深圳区域,深圳区域,刘经理,618大促,0.55,微信支付,圆通快递,2,1.1,11.0,0.05,2565.3,1055.3,128.27,2832.83
1943,2024-08-03,3,1519.0,0.9,王芳,金卡,13805456490,经典显示器,小米,760.0,2,服装鞋帽,武汉仓库-7号,武汉区域,武汉区域,赵经理,年货节,0.6,银行卡,中通快递,3,1.05,17.0,0.07,4101.3,1821.3,287.09,4323.37
1944,2024-08-04,4,1529.0,0.9500000000000001,刘芳,钻石,13805468835,时尚显示器,三星,765.0,3,食品饮料,重庆仓库-10号,重庆区域,重庆区域,吴经理,开学季,0.65,信用卡,韵达快递,4,1.0,23.0,0.09,5810.2,2750.2,522.92,5833.2
1945,2024-08-05,5,1539.0,1.0,陈芳,普通,13805481180,智能显示器,联想,770.0,4,美妆护肤,郑州仓库-13号,郑州区域,郑州区域,王经理,情人节特惠,0.7,货到付款,申通快递,5,0.95,29.0,0.11,7695.0,3845.0,846.45,7339.25
1946,2024-08-06,6,1549.0,0.8,杨芳,银卡,13805493525,便携显示器,戴尔,775.0,5,家居日用,北京仓库-1号,北京区域,北京区域,张经理,,,支付宝,京东物流,1,0.9,5.0,0.03,7435.2,2785.2,223.06,6696.68
1947,2024-08-07,7,1559.0,0.8500000000000001,赵芳,金卡,13805505870,专业显示器,索尼,780.0,6,运动户外,深圳仓库-4号,深圳区域,深圳区域,刘经理,618大促,0.55,微信支付,菜鸟驿站,2,1.1,11.0,0.05,9276.05,3816.05,463.8,10214.66
1948,2024-08-08,8,1569.0,0.9,黄芳,钻石,13805518215,豪华显示器,佳能,785.0,7,图书音像,武汉仓库-7号,武汉区域,武汉区域,赵经理,年货节,0.6,银行卡,德邦快递,3,1.05,17.0,0.07,11296.8,5016.8,790.78,11878.64
1949,2024-08-09,9,1579.0,0.9500000000000001,周芳,普通,13805530560,简约显示器,飞利浦,790.0,8,母婴用品,重庆仓库-10号,重庆区域,重庆区域,吴经理,开学季,0.65,信用卡,顺丰速运,4,1.0,23.0,0.09,13500.45,6390.45,1215.04,13523.45
1950,2024-08-10,10,1589.0,1.0,吴芳,银卡,13805542905,创新显示器,松下,795.0,9,汽车用品,郑州仓库-13号,郑州区域,郑州区域,王经理,情人节特惠,0.7,货到付款,圆通快递,5,0.95,29.0,0.11,15890.0,7940.0,1747.9,15124.5
1951,2024-08-11,1,1599.0,0.8,张娟,金卡,13805555250,高端平板,华为,800.0,10,办公文具,北京仓库-1号,北京区域,北京区域,张经理,,,支付宝,顺丰速运,1,0.9,5.0,0.03,1279.2,479.2,38.38,1156.28
1952,2024-08-12,2,1609.0,0.8500000000000001,李娟,钻石,13805567595,精品平板,苹果,805.0,11,珠宝饰品,深圳仓库-4号,深圳区域,深圳区域,刘经理,国庆特卖,0.8,微信支付,圆通快递,2,1.1,11.0,0.05,2735.3,1125.3,136.77,3019.83
1953,2024-08-13,3,1619.0,0.9,王娟,普通,13805579940,经典平板,小米,810.0,12,宠物用品,武汉仓库-7号,武汉区域,武汉区域,赵经理,新品首发,0.85,银行卡,中通快递,3,1.05,17.0,0.07,4371.3,1941.3,305.99,4606.87
1954,2024-08-14,4,1629.0,0.9500000000000001,刘娟,银卡,13805592285,时尚平板,三星,815.0,13,医疗保健,重庆仓库-10号,重庆区域,重庆区域,吴经理,会员专享,0.9,信用卡,韵达快递,4,1.0,23.0,0.09,6190.2,2930.2,557.12,6213.2
1955,2024-08-15,5,1639.0,1.0,陈娟,金卡,13805604630,智能平板,联想,820.0,14,玩具乐器,郑州仓库-13号,郑州区域,郑州区域,王经理,限时秒杀,0.95,货到付款,申通快递,5,0.95,29.0,0.11,8195.0,4095.0,901.45,7814.25
1956,2024-08-16,6,1649.0,0.8,杨娟,钻石,13805616975,便携平板,戴尔,825.0,15,生鲜果蔬,北京仓库-1号,北京区域,北京区域,张经理,,,支付宝,京东物流,1,0.9,5.0,0.03,7915.2,2965.2,237.46,7128.68
1957,2024-08-17,7,1659.0,0.8500000000000001,赵娟,普通,13805629320,专业平板,索尼,830.0,16,箱包皮具,深圳仓库-4号,深圳区域,深圳区域,刘经理,618大促,0.55,微信支付,菜鸟驿站,2,1.1,11.0,0.05,9871.05,4061.05,493.55,10869.16
1958,2024-08-18,8,1669.0,0.9,黄娟,银卡,13805641665,豪华平板,佳能,835.0,17,钟表眼镜,武汉仓库-7号,武汉区域,武汉区域,赵经理,年货节,0.6,银行卡,德邦快递,3,1.05,17.0,0.07,12016.8,5336.8,841.18,12634.64
1959,2024-08-19,9,1679.0,0.9500000000000001,周娟,金卡,13805654010,简约平板,飞利浦,840.0,18,厨房用具,重庆仓库-10号,重庆区域,重庆区域,吴经理,开学季,0.65,信用卡,顺丰速运,4,1.0,23.0,0.09,14355.45,6795.45,1291.99,14378.45
1960,2024-08-20,10,1689.0,1.0,吴娟,钻石,13805666355,创新平板,松下,845.0,19,五金工具,郑州仓库-13号,郑州区域,郑州区域,王经理,情人节特惠,0.7,货到付款,圆通快递,5,0.95,29.0,0.11,16890.0,8440.0,1857.9,16074.5
1961,2024-08-21,1,1699.0,0.8,张敏,普通,13805678700,高端音箱,华为,850.0,0,数码电子,北京仓库-1号,北京区域,北京区域,张经理,,,支付宝,顺丰速运,1,0.9,5.0,0.03,1359.2,509.2,40.78,1228.28
1962,2024-08-22,2,1709.0,0.8500000000000001,李敏,银卡,13805691045,精品音箱,苹果,855.0,1,家用电器,深圳仓库-4号,深圳区域,深圳区域,刘经理,618大促,0.55,微信支付,圆通快递,2,1.1,11.0,0.05,2905.3,1195.3,145.27,3206.83
1963,2024-08-23,3,1719.0,0.9,王敏,金卡,13805703390,经典音箱,小米,860.0,2,服装鞋帽,武汉仓库-7号,武汉区域,武汉区域,赵经理,年货节,0.6,银行卡,中通快递,3,1.05,17.0,0.07,4641.3,2061.3,324.89,4890.37
1964,2024-08-24,4,1729.0,0.9500000000000001,刘敏,钻石,13805715735,时尚音箱,三星,865.0,3,食品饮料,重庆仓库-10号,重庆区域,重庆区域,吴经理,开学季,0.65,信用卡,韵达快递,4,1.0,23.0,0.09,6570.2,3110.2,591.32,6593.2
1965,2024-08-25,5,1739.0,1.0,陈敏,普通,13805728080,智能音箱,联想,870.0,4,美妆护肤,郑州仓库-13号,郑州区域,郑州区域,王经理,情人节特惠,0.7,货到付款,申通快递,5,0.95,29.0,0.11,8695.0,4345.0,956.45,8289.25
1966,2024-08-26,6,1749.0,0.8,杨敏,银卡,13805740425,便携音箱,戴尔,875.0,5,家居日用,北京仓库-1号,北京区域,北京区域,张经理,,,支付宝,京东物流,1,0.9,5.0,0.03,8395.2,3145.2,251.86,7560.68
1967,2024-08-27,7,1759.0,0.8500000000000001,赵敏,金卡,13805752770,专业音箱,索尼,880.0,6,运动户外,深圳仓库-4号,深圳区域,深圳区域,刘经理,国庆特卖,0.8,微信支付,菜鸟驿站,2,1.1,11.0,0.05,10466.05,4306.05,523.3,11523.66
1968,2024-08-28,8,1769.0,0.9,黄敏,钻石,13805765115,豪华音箱,佳能,885.0,7,图书音像,武汉仓库-7号,武汉区域,武汉区域,赵经理,新品首发,0.85,银行卡,德邦快递,3,1.05,17.0,0.07,12736.8,5656.8,891.58,13390.64
1969,2024-08-28,9,1779.0,0.9500000000000001,周敏,普通,13805777460,简约音箱,飞利浦,890.0,8,母婴用品,重庆仓库-10号,重庆区域,重庆区域,吴经理,会员专享,0.9,信用卡,顺丰速运,4,1.0,23.0,0.09,15210.45,7200.45,1368.94,15233.45
1970,2024-08-28,10,1789.0,1.0,吴敏,银卡,13805789805,创新音箱,松下,895.0,9,汽车用品,郑州仓库-13号,郑州区域,郑州区域,王经理,限时秒杀,0.95,货到付款,圆通快递,5,0.95,29.0,0.11,17890.0,8940.0,1967.9,17024.5
1971,2024-09-01,1,1799.0,0.8,张静,金卡,13805802150,高端手表,华为,900.0,10,办公文具,北京仓库-1号,北京区域,北京区域,张经理,,,支付宝,顺丰速运,1,0.9,5.0,0.03,1439.2,539.2,43.18,1300.28
1972,2024-09-02,2,1809.0,0.8500000000000001,李静,钻石,13805814495,精品手表,苹果,905.0,11,珠宝饰品,深圳仓库-4号,深圳区域,深圳区域,刘经理,618大促,0.55,微信支付,圆通快递,2,1.1,11.0,0.05,3075.3,1265.3,153.77,3393.83
1973,2024-09-03,3,1819.0,0.9,王静,普通,13805826840,经典手表,小米,910.0,12,宠物用品,武汉仓库-7号,武汉区域,武汉区域,赵经理,年货节,0.6,银行卡,中通快递,3,1.05,17.0,0.07,4911.3,2181.3,343.79,5173.87
1974,2024-09-04,4,1829.0,0.9500000000000001,刘静,银卡,13805839185,时尚手表,三星,915.0,13,医疗保健,重庆仓库-10号,重庆区域,重庆区域,吴经理,开学季,0.65,信用卡,韵达快递,4,1.0,23.0,0.09,6950.2,3290.2,625.52,6973.2
1975,2024-09-05,5,1839.0,1.0,陈静,金卡,13805851530,智能手表,联想,920.0,14,玩具乐器,郑州仓库-13号,郑州区域,郑州区域,王经理,情人节特惠,0.7,货到付款,申通快递,5,0.95,29.0,0.11,9195.0,4595.0,1011.45,8764.25
1976,2024-09-06,6,1849.0,0.8,杨静,钻石,13805863875,便携手表,戴尔,925.0,15,生鲜果蔬,北京仓库-1号,北京区域,北京区域,张经理,,,支付宝,京东物流,1,0.9,5.0,0.03,8875.2,3325.2,266.26,7992.68
1977,2024-09-07,7,1859.0,0.8500000000000001,赵静,普通,13805876220,专业手表,索尼,930.0,16,箱包皮具,深圳仓库-4号,深圳区域,深圳区域,刘经理,618大促,0.55,微信支付,菜鸟驿站,2,1.1,11.0,0.05,11061.05,4551.05,553.05,12178.16
1978,2024-09-08,8,1869.0,0.9,黄静,银卡,13805888565,豪华手表,佳能,935.0,17,钟表眼镜,武汉仓库-7号,武汉区域,武汉区域,赵经理,年货节,0.6,银行卡,德邦快递,3,1.05,17.0,0.07,13456.8,5976.8,941.98,14146.64
1979,2024-09-09,9,1879.0,0.9500000000000001,周静,金卡,13805900910,简约手表,飞利浦,940.0,18,厨房用具,重庆仓库-10号,重庆区域,重庆区域,吴经理,开学季,0.65,信用卡,顺丰速运,4,1.0,23.0,0.09,16065.45,7605.45,1445.89,16088.45
1980,2024-09-10,10,1889.0,1.0,吴静,钻石,13805913255,创新手表,松下,945.0,19,五金工具,郑州仓库-13号,郑州区域,郑州区域,王经理,情人节特惠,0.7,货到付款,圆通快递,5,0.95,29.0,0.11,18890.0,9440.0,2077.9,17974.5
1981,2024-09-11,1,1899.0,0.8,张丽,普通,13805925600,高端相机,华为,950.0,0,数码电子,北京仓库-1号,北京区域,北京区域,张经理,,,支付宝,顺丰速运,1,0.9,5.0,0.03,1519.2,569.2,45.58,1372.28
1982,2024-09-12,2,1909.0,0.8500000000000001,李丽,银卡,13805937945,精品相机,苹果,955.0,1,家用电器,深圳仓库-4号,深圳区域,深圳区域,刘经理,国庆特卖,0.8,微信支付,圆通快递,2,1.1,11.0,0.05,3245.3,1335.3,162.27,3580.83
1983,2024-09-13,3,1919.0,0.9,王丽,金卡,13805950290,经典相机,小米,960.0,2,服装鞋帽,武汉仓库-7号,武汉区域,武汉区域,赵经理,新品首发,0.85,银行卡,中通快递,3,1.05,17.0,0.07,5181.3,2301.3,362.69,5457.37
1984,2024-09-14,4,1929.0,0.9500000000000001,刘丽,钻石,13805962635,时尚相机,三星,965.0,3,食品饮料,重庆仓库-10号,重庆区域,重庆区域,吴经理,会员专享,0.9,信用卡,韵达快递,4,1.0,23.0,0.09,7330.2,3470.2,659.72,7353.2
1985,2024-09-15,5,1939.0,1.0,陈丽,普通,13805974980,智能相机,联想,970.0,4,美妆护肤,郑州仓库-13号,郑州区域,郑州区域,王经理,限时秒杀,0.95,货到付款,申通快递,5,0.95,29.0,0.11,9695.0,4845.0,1066.45,9239.25
1986,2024-09-16,6,1949.0,0.8,杨丽,银卡,13805987325,便携相机,戴尔,975.0,5,家居日用,北京仓库-1号,北京区域,北京区域,张经理,,,支付宝,京东物流,1,0.9,5.0,0.03,9355.2,3505.2,280.66,8424.68
1987,2024-09-17,7,1959.0,0.8500000000000001,赵丽,金卡,13805999670,专业相机,索尼,980.0,6,运动户外,深圳仓库-4号,深圳区域,深圳区域,刘经理,618大促,0.55,微信支付,菜鸟驿站,2,1.1,11.0,0.05,11656.05,4796.05,582.8,12832.66
1988,2024-09-18,8,1969.0,0.9,黄丽,钻石,13806012015,豪华相机,佳能,985.0,7,图书音像,武汉仓库-7号,武汉区域,武汉区域,赵经理,年货节,0.6,银行卡,德邦快递,3,1.05,17.0,0.07,14176.8,6296.8,992.38,14902.64
1989,2024-09-19,9,1979.0,0.9500000000000001,周丽,普通,13806024360,简约相机,飞利浦,990.0,8,母婴用品,重庆仓库-10号,重庆区域,重庆区域,吴经理,开学季,0.65,信用卡,顺丰速运,4,1.0,23.0,0.09,16920.45,8010.45,1522.84,16943.45
1990,2024-09-20,10,1989.0,1.0,吴丽,银卡,13806036705,创新相机,松下,995.0,9,汽车用品,郑州仓库-13号,郑州区域,郑州区域,王经理,情人节特惠,0.7,货到付款,圆通快递,5,0.95,29.0,0.11,19890.0,9940.0,2187.9,18924.5
1991,2024-09-21,1,1999.0,0.8,张勇,金卡,13806049050,高端充电器,华为,1000.0,10,办公文具,北京仓库-1号,北京区域,北京区域,张经理,,,支付宝,顺丰速运,1,0.9,5.0,0.03,1599.2,599.2,47.98,1444.28
1992,2024-09-22,2,2009.0,0.8500000000000001,李勇,钻石,13806061395,精品充电器,苹果,1005.0,11,珠宝饰品,深圳仓库-4号,深圳区域,深圳区域,刘经理,618大促,0.55,微信支付,圆通快递,2,1.1,11.0,0.05,3415.3,1405.3,170.77,3767.83
1993,2024-09-23,3,2019.0,0.9,王勇,普通,13806073740,经典充电器,小米,1010.0,12,宠物用品,武汉仓库-7号,武汉区域,武汉区域,赵经理,年货节,0.6,银行卡,中通快递,3,1.05,17.0,0.07,5451.3,2421.3,381.59,5740.87
1994,2024-09-24,4,2029.0,0.9500000000000001,刘勇,银卡,13806086085,时尚充电器,三星,1015.0,13,医疗保健,重庆仓库-10号,重庆区域,重庆区域,吴经理,开学季,0.65,信用卡,韵达快递,4,1.0,23.0,0.09,7710.2,3650.2,693.92,7733.2
1995,2024-09-25,5,2039.0,1.0,陈勇,金卡,13806098430,智能充电器,联想,1020.0,14,玩具乐器,郑州仓库-13号,郑州区域,郑州区域,王经理,情人节特惠,0.7,货到付款,申通快递,5,0.95,29.0,0.11,10195.0,5095.0,1121.45,9714.25
1996,2024-09-26,6,2049.0,0.8,杨勇,钻石,13806110775,便携充电器,戴尔,1025.0,15,生鲜果蔬,北京仓库-1号,北京区域,北京区域,张经理,,,支付宝,京东物流,1,0.9,5.0,0.03,9835.2,3685.2,295.06,8856.68
1997,2024-09-27,7,2059.0,0.8500000000000001,赵勇,普通,13806123120,专业充电器,索尼,1030.0,16,箱包皮具,深圳仓库-4号,深圳区域,深圳区域,刘经理,国庆特卖,0.8,微信支付,菜鸟驿站,2,1.1,11.0,0.05,12251.05,5041.05,612.55,13487.16
1998,2024-09-28,8,2069.0,0.9,黄勇,银卡,13806135465,豪华充电器,佳能,1035.0,17,钟表眼镜,武汉仓库-7号,武汉区域,武汉区域,赵经理,新品首发,0.85,银行卡,德邦快递,3,1.05,17.0,0.07,14896.8,6616.8,1042.78,15658.64
1999,2024-09-28,9,2079.0,0.9500000000000001,周勇,金卡,13806147810,简约充电器,飞利浦,1040.0,18,厨房用具,重庆仓库-10号,重庆区域,重庆区域,吴经理,会员专享,0.9,信用卡,顺丰速运,4,1.0,23.0,0.09,17775.45,8415.45,1599.79,17798.45
2000,2024-09-28,10,2089.0,1.0,吴勇,钻石,13806160155,创新充电器,松下,1045.0,19,五金工具,郑州仓库-13号,郑州区域,郑州区域,王经理,限时秒杀,0.95,货到付款,圆通快递,5,0.95,29.0,0.11,20890.0,10440.0,2297.9,19874.5
2001,2024-10-01,1,99.0,0.8,张明,普通,13800000000,高端手机,华为,50.0,0,数码电子,北京仓库-1号,北京区域,北京区域,张经理,,,支付宝,顺丰速运,1,0.9,5.0,0.03,79.2,29.2,2.38,76.28
2002,2024-10-02,2,109.0,0.8500000000000001,李明,银卡,13800012345,精品手机,苹果,55.0,1,家用电器,深圳仓库-4号,深圳区域,深圳区域,刘经理,618大促,0.55,微信支付,圆通快递,2,1.1,11.0,0.05,185.3,75.3,9.27,214.83
2003,2024-10-03,3,119.0,0.9,王明,金卡,13800024690,经典手机,小米,60.0,2,服装鞋帽,武汉仓库-7号,武汉区域,武汉区域,赵经理,年货节,0.6,银行卡,中通快递,3,1.05,17.0,0.07,321.3,141.3,22.49,354.37
2004,2024-10-04,4,129.0,0.9500000000000001,刘明,钻石,13800037035,时尚手机,三星,65.0,3,食品饮料,重庆仓库-10号,重庆区域,重庆区域,吴经理,开学季,0.65,信用卡,韵达快递,4,1.0,23.0,0.09,490.2,230.2,44.12,513.2
2005,2024-10-05,5,139.0,1.0,陈明,普通,13800049380,智能手机,联想,70.0,4,美妆护肤,郑州仓库-13号,郑州区域,郑州区域,王经理,情人节特惠,0.7,货到付款,申通快递,5,0.95,29.0,0.11,695.0,345.0,76.45,689.25
2006,2024-10-06,6,149.0,0.8,杨明,银卡,13800061725,便携手机,戴尔,75.0,5,家居日用,北京仓库-1号,北京区域,北京区域,张经理,,,支付宝,京东物流,1,0.9,5.0,0.03,715.2,265.2,21.46,648.68
2007,2024-10-07,7,159.0,0.8500000000000001,赵明,金卡,13800074070,专业手机,索尼,80.0,6,运动户外,深圳仓库-4号,深圳区域,深圳区域,刘经理,618大促,0.55,微信支付,菜鸟驿站,2,1.1,11.0,0.05,946.05,386.05,47.3,1051.65
2008,2024-10-08,8,169.0,0.9,黄明,钻石,13800086415,豪华手机,佳能,85.0,7,图书音像,武汉仓库-7号,武汉区域,武汉区域,赵经理,年货节,0.6,银行卡,德邦快递,3,1.05,17.0,0.07,1216.8,536.8,85.18,1294.64
2009,2024-10-09,9,179.0,0.9500000000000001,周明,普通,13800098760,简约手机,飞利浦,90.0,8,母婴用品,重庆仓库-10号,重庆区域,重庆区域,吴经理,开学季,0.65,信用卡,顺丰速运,4,1.0,23.0,0.09,1530.45,720.45,137.74,1553.45
2010,2024-10-10,10,189.0,1.0,吴明,银卡,13800111105,创新手机,松下,95.0,9,汽车用品,郑州仓库-13号,郑州区域,郑州区域,王经理,情人节特惠,0.7,货到付款,圆通快递,5,0.95,29.0,0.11,1890.0,940.0,207.9,1824.5
2011,2024-10-11,1,199.0,0.8,张华,金卡,13800123450,高端电脑,华为,100.0,10,办公文具,北京仓库-1号,北京区域,北京区域,张经理,,,支付宝,顺丰速运,1,0.9,5.0,0.03,159.2,59.2,4.78,148.28
2012,2024-10-12,2,209.0,0.8500000000000001,李华,钻石,13800135795,精品电脑,苹果,105.0,11,珠宝饰品,深圳仓库-4号,深圳区域,深圳区域,刘经理,国庆特卖,0.8,微信支付,圆通快递,2,1.1,11.0,0.05,355.3,145.3,17.77,401.83
2013,2024-10-13,3,219.0,0.9,王华,普通,13800148140,经典电脑,小米,110.0,12,宠物用品,武汉仓库-7号,武汉区域,武汉区域,赵经理,新品首发,0.85,银行卡,中通快递,3,1.05,17.0,0.07,591.3,261.3,41.39,637.87
2014,2024-10-14,4,229.0,0.9500000000000001,刘华,银卡,13800160485,时尚电脑,三星,115.0,13,医疗保健,重庆仓库-10号,重庆区域,重庆区域,吴经理,会员专享,0.9,信用卡,韵达快递,4,1.0,23.0,0.09,870.2,410.2,78.32,893.2
2015,2024-10-15,5,239.0,1.0,陈华,金卡,13800172830,智能电脑,联想,120.0,14,玩具乐器,郑州仓库-13号,郑州区域,郑州区域,王经理,限时秒杀,0.95,货到付款,申通快递,5,0.95,29.0,0.11,1195.0,595.0,131.45,1164.25
2016,2024-10-16,6,249.0,0.8,杨华,钻石,13800185175,便携电脑,戴尔,125.0,15,生鲜果蔬,北京仓库-1号,北京区域,北京区域,张经理,,,支付宝,京东物流,1,0.9,5.0,0.03,1195.2,445.2,35.86,1080.68
2017,2024-10-17,7,259.0,0.8500000000000001,赵华,普通,13800197520,专业电脑,索尼,130.0,16,箱包皮具,深圳仓库-4号,深圳区域,深圳区域,刘经理,618大促,0.55,微信支付,菜鸟驿站,2,1.1,11.0,0.05,1541.05,631.05,77.05,1706.16
2018,2024-10-18,8,269.0,0.9,黄华,银卡,13800209865,豪华电脑,佳能,135.0,17,钟表眼镜,武汉仓库-7号,武汉区域,武汉区域,赵经理,年货节,0.6,银行卡,德邦快递,3,1.05,17.0,0.07,1936.8,856.8,135.58,2050.64
2019,2024-10-19,9,279.0,0.9500000000000001,周华,金卡,13800222210,简约电脑,飞利浦,140.0,18,厨房用具,重庆仓库-10号,重庆区域,重庆区域,吴经理,开学季,0.65,信用卡,顺丰速运,4,1.0,23.0,0.09,2385.45,1125.45,214.69,2408.45
2020,2024-10-20,10,289.0,1.0,吴华,钻石,13800234555,创新电脑,松下,145.0,19,五金工具,郑州仓库-13号,郑州区域,郑州区域,王经理,情人节特惠,0.7,货到付款,圆通快递,5,0.95,29.0,0.11,2890.0,1440.0,317.9,2774.5
2021,2024-10-21,1,299.0,0.8,张强,普通,13800246900,高端耳机,华为,150.0,0,数码电子,北京仓库-1号,北京区域,北京区域,张经理,,,支付宝,顺丰速运,1,0.9,5.0,0.03,239.2,89.2,7.18,220.28
2022,2024-10-22,2,309.0,0.8500000000000001,李强,银卡,13800259245,精品耳机,苹果,155.0,1,家用电器,深圳仓库-4号,深圳区域,深圳区域,刘经理,618大促,0.55,微信支付,圆通快递,2,1.1,11.0,0.05,525.3,215.3,26.27,588.83
2023,2024-10-23,3,319.0,0.9,王强,金卡,13800271590,经典耳机,小米,160.0,2,服装鞋帽,武汉仓库-7号,武汉区域,武汉区域,赵经理,年货节,0.6,银行卡,中通快递,3,1.05,17.0,0.07,861.3,381.3,60.29,921.37
2024,2024-10-24,4,329.0,0.9500000000000001,刘强,钻石,13800283935,时尚耳机,三星,165.0,3,食品饮料,重庆仓库-10号,重庆区域,重庆区域,吴经理,开学季,0.65,信用卡,韵达快递,4,1.0,23.0,0.09,1250.2,590.2,112.52,1273.2
2025,2024-10-25,5,339.0,1.0,陈强,普通,13800296280,智能耳机,联想,170.0,4,美妆护肤,郑州仓库-13号,郑州区域,郑州区域,王经理,情人节特惠,0.7,货到付款,申通快递,5,0.95,29.0,0.11,1695.0,845.0,186.45,1639.25
2026,2024-10-26,6,349.0,0.8,杨强,银卡,13800308625,便携耳机,戴尔,175.0,5,家居日用,北京仓库-1号,北京区域,北京区域,张经理,,,支付宝,京东物流,1,0.9,5.0,0.03,1675.2,625.2,50.26,1512.68
2027,2024-10-27,7,359.0,0.8500000000000001,赵强,金卡,13800320970,专业耳机,索尼,180.0,6,运动户外,深圳仓库-4号,深圳区域,深圳区域,刘经理,国庆特卖,0.8,微信支付,菜鸟驿站,2,1.1,11.0,0.05,2136.05,876.05,106.8,2360.66
2028,2024-10-28,8,369.0,0.9,黄强,钻石,13800333315,豪华耳机,佳能,185.0,7,图书音像,武汉仓库-7号,武汉区域,武汉区域,赵经理,新品首发,0.85,银行卡,德邦快递,3,1.05,17.0,0.07,2656.8,1176.8,185.98,2806.64
2029,2024-10-28,9,379.0,0.9500000000000001,周强,普通,13800345660,简约耳机,飞利浦,190.0,8,母婴用品,重庆仓库-10号,重庆区域,重庆区域,吴经理,会员专享,0.9,信用卡,顺丰速运,4,1.0,23.0,0.09,3240.45,1530.45,291.64,3263.45
2030,2024-10-28,10,389.0,1.0,吴强,银卡,13800358005,创新耳机,松下,195.0,9,汽车用品,郑州仓库-13号,郑州区域,郑州区域,王经理,限时秒杀,0.95,货到付款,圆通快递,5,0.95,29.0,0.11,3890.0,1940.0,427.9,3724.5
2031,2024-11-01,1,399.0,0.8,张伟,金卡,13800370350,高端键盘,华为,200.0,10,办公文具,北京仓库-1号,北京区域,北京区域,张经理,,,支付宝,顺丰速运,1,0.9,5.0,0.03,319.2,119.2,9.58,292.28
2032,2024-11-02,2,409.0,0.8500000000000001,李伟,钻石,13800382695,精品键盘,苹果,205.0,11,珠宝饰品,深圳仓库-4号,深圳区域,深圳区域,刘经理,618大促,0.55,微信支付,圆通快递,2,1.1,11.0,0.05,695.3,285.3,34.77,775.83
2033,2024-11-03,3,419.0,0.9,王伟,普通,13800395040,经典键盘,小米,210.0,12,宠物用品,武汉仓库-7号,武汉区域,武汉区域,赵经理,年货节,0.6,银行卡,中通快递,3,1.05,17.0,0.07,1131.3,501.3,79.19,1204.87
2034,2024-11-04,4,429.0,0.9500000000000001,刘伟,银卡,13800407385,时尚键盘,三星,215.0,13,医疗保健,重庆仓库-10号,重庆区域,重庆区域,吴经理,开学季,0.65,信用卡,韵达快递,4,1.0,23.0,0.09,1630.2,770.2,146.72,1653.2
2035,2024-11-05,5,439.0,1.0,陈伟,金卡,13800419730,智能键盘,联想,220.0,14,玩具乐器,郑州仓库-13号,郑州区域,郑州区域,王经理,情人节特惠,0.7,货到付款,申通快递,5,0.95,29.0,0.11,2195.0,1095.0,241.45,2114.25
2036,2024-11-06,6,449.0,0.8,杨伟,钻石,13800432075,便携键盘,戴尔,225.0,15,生鲜果蔬,北京仓库-1号,北京区域,北京区域,张经理,,,支付宝,京东物流,1,0.9,5.0,0.03,2155.2,805.2,64.66,1944.68
2037,2024-11-07,7,459.0,0.8500000000000001,赵伟,普通,13800444420,专业键盘,索尼,230.0,16,箱包皮具,深圳仓库-4号,深圳区域,深圳区域,刘经理,618大促,0.55,微信支付,菜鸟驿站,2,1.1,11.0,0.05,2731.05,1121.05,136.55,3015.16
2038,2024-11-08,8,469.0,0.9,黄伟,银卡,13800456765,豪华键盘,佳能,235.0,17,钟表眼镜,武汉仓库-7号,武汉区域,武汉区域,赵经理,年货节,0.6,银行卡,德邦快递,3,1.05,17.0,0.07,3376.8,1496.8,236.38,3562.64
2039,2024-11-09,9,479.0,0.9500000000000001,周伟,金卡,13800469110,简约键盘,飞利浦,240.0,18,厨房用具,重庆仓库-10号,重庆区域,重庆区域,吴经理,开学季,0.65,信用卡,顺丰速运,4,1.0,23.0,0.09,4095.45,1935.45,368.59,4118.45
2040,2024-11-10,10,489.0,1.0,吴伟,钻石,13800481455,创新键盘,松下,245.0,19,五金工具,郑州仓库-13号,郑州区域,郑州区域,王经理,情人节特惠,0.7,货到付款,圆通快递,5,0.95,29.0,0.11,4890.0,2440.0,537.9,4674.5
2041,2024-11-11,1,499.0,0.8,张芳,普通,13800493800,高端显示器,华为,250.0,0,数码电子,北京仓库-1号,北京区域,北京区域,张经理,,,支付宝,顺丰速运,1,0.9,5.0,0.03,399.2,149.2,11.98,364.28
2042,2024-11-12,2,509.0,0.8500000000000001,李芳,银卡,13800506145,精品显示器,苹果,255.0,1,家用电器,深圳仓库-4号,深圳区域,深圳区域,刘经理,国庆特卖,0.8,微信支付,圆通快递,2,1.1,11.0,0.05,865.3,355.3,43.27,962.83
2043,2024-11-13,3,519.0,0.9,王芳,金卡,13800518490,经典显示器,小米,260.0,2,服装鞋帽,武汉仓库-7号,武汉区域,武汉区域,赵经理,新品首发,0.85,银行卡,中通快递,3,1.05,17.0,0.07,1401.3,621.3,98.09,1488.37
2044,2024-11-14,4,529.0,0.9500000000000001,刘芳,钻石,13800530835,时尚显示器,三星,265.0,3,食品饮料,重庆仓库-10号,重庆区域,重庆区域,吴经理,会员专享,0.9,信用卡,韵达快递,4,1.0,23.0,0.09,2010.2,950.2,180.92,2033.2
2045,2024-11-15,5,539.0,1.0,陈芳,普通,13800543180,智能显示器,联想,270.0,4,美妆护肤,郑州仓库-13号,郑州区域,郑州区域,王经理,限时秒杀,0.95,货到付款,申通快递,5,0.95,29.0,0.11,2695.0,1345.0,296.45,2589.25
2046,2024-11-16,6,549.0,0.8,杨芳,银卡,13800555525,便携显示器,戴尔,275.0,5,家居日用,北京仓库-1号,北京区域,北京区域,张经理,,,支付宝,京东物流,1,0.9,5.0,0.03,2635.2,985.2,79.06,2376.68
2047,2024-11-17,7,559.0,0.8500000000000001,赵芳,金卡,13800567870,专业显示器,索尼,280.0,6,运动户外,深圳仓库-4号,深圳区域,深圳区域,刘经理,618大促,0.55,微信支付,菜鸟驿站,2,1.1,11.0,0.05,3326.05,1366.05,166.3,3669.66
2048,2024-11-18,8,569.0,0.9,黄芳,钻石,13800580215,豪华显示器,佳能,285.0,7,图书音像,武汉仓库-7号,武汉区域,武汉区域,赵经理,年货节,0.6,银行卡,德邦快递,3,1.05,17.0,0.07,4096.8,1816.8,286.78,4318.64
2049,2024-11-19,9,579.0,0.9500000000000001,周芳,普通,13800592560,简约显示器,飞利浦,290.0,8,母婴用品,重庆仓库-10号,重庆区域,重庆区域,吴经理,开学季,0.65,信用卡,顺丰速运,4,1.0,23.0,0.09,4950.45,2340.45,445.54,4973.45
2050,2024-11-20,10,589.0,1.0,吴芳,银卡,13800604905,创新显示器,松下,295.0,9,汽车用品,郑州仓库-13号,郑州区域,郑州区域,王经理,情人节特惠,0.7,货到付款,圆通快递,5,0.95,29.0,0.11,5890.0,2940.0,647.9,5624.5
2051,2024-11-21,1,599.0,0.8,张娟,金卡,13800617250,高端平板,华为,300.0,10,办公文具,北京仓库-1号,北京区域,北京区域,张经理,,,支付宝,顺丰速运,1,0.9,5.0,0.03,479.2,179.2,14.38,436.28
2052,2024-11-22,2,609.0,0.8500000000000001,李娟,钻石,13800629595,精品平板,苹果,305.0,11,珠宝饰品,深圳仓库-4号,深圳区域,深圳区域,刘经理,618大促,0.55,微信支付,圆通快递,2,1.1,11.0,0.05,1035.3,425.3,51.77,1149.83
2053,2024-11-23,3,619.0,0.9,王娟,普通,13800641940,经典平板,小米,310.0,12,宠物用品,武汉仓库-7号,武汉区域,武汉区域,赵经理,年货节,0.6,银行卡,中通快递,3,1.05,17.0,0.07,1671.3,741.3,116.99,1771.87
2054,2024-11-24,4,629.0,0.9500000000000001,刘娟,银卡,13800654285,时尚平板,三星,315.0,13,医疗保健,重庆仓库-10号,重庆区域,重庆区域,吴经理,开学季,0.65,信用卡,韵达快递,4,1.0,23.0,0.09,2390.2,1130.2,215.12,2413.2
2055,2024-11-25,5,639.0,1.0,陈娟,金卡,13800666630,智能平板,联想,320.0,14,玩具乐器,郑州仓库-13号,郑州区域,郑州区域,王经理,情人节特惠,0.7,货到付款,申通快递,5,0.95,29.0,0.11,3195.0,1595.0,351.45,3064.25
2056,2024-11-26,6,649.0,0.8,杨娟,钻石,13800678975,便携平板,戴尔,325.0,15,生鲜果蔬,北京仓库-1号,北京区域,北京区域,张经理,,,支付宝,京东物流,1,0.9,5.0,0.03,3115.2,1165.2,93.46,2808.68
2057,2024-11-27,7,659.0,0.8500000000000001,赵娟,普通,13800691320,专业平板,索尼,330.0,16,箱包皮具,深圳仓库-4号,深圳区域,深圳区域,刘经理,国庆特卖,0.8,微信支付,菜鸟驿站,2,1.1,11.0,0.05,3921.05,1611.05,196.05,4324.16
2058,2024-11-28,8,669.0,0.9,黄娟,银卡,13800703665,豪华平板,佳能,335.0,17,钟表眼镜,武汉仓库-7号,武汉区域,武汉区域,赵经理,新品首发,0.85,银行卡,德邦快递,3,1.05,17.0,0.07,4816.8,2136.8,337.18,5074.64
2059,2024-11-28,9,679.0,0.9500000000000001,周娟,金卡,13800716010,简约平板,飞利浦,340.0,18,厨房用具,重庆仓库-10号,重庆区域,重庆区域,吴经理,会员专享,0.9,信用卡,顺丰速运,4,1.0,23.0,0.09,5805.45,2745.45,522.49,5828.45
2060,2024-11-28,10,689.0,1.0,吴娟,钻石,13800728355,创新平板,松下,345.0,19,五金工具,郑州仓库-13号,郑州区域,郑州区域,王经理,限时秒杀,0.95,货到付款,圆通快递,5,0.95,29.0,0.11,6890.0,3440.0,757.9,6574.5
2061,2024-12-01,1,699.0,0.8,张敏,普通,13800740700,高端音箱,华为,350.0,0,数码电子,北京仓库-1号,北京区域,北京区域,张经理,,,支付宝,顺丰速运,1,0.9,5.0,0.03,559.2,209.2,16.78,508.28
2062,2024-12-02,2,709.0,0.8500000000000001,李敏,银卡,13800753045,精品音箱,苹果,355.0,1,家用电器,深圳仓库-4号,深圳区域,深圳区域,刘经理,618大促,0.55,微信支付,圆通快递,2,1.1,11.0,0.05,1205.3,495.3,60.27,1336.83
2063,2024-12-03,3,719.0,0.9,王敏,金卡,13800765390,经典音箱,小米,360.0,2,服装鞋帽,武汉仓库-7号,武汉区域,武汉区域,赵经理,年货节,0.6,银行卡,中通快递,3,1.05,17.0,0.07,1941.3,861.3,135.89,2055.36
2064,2024-12-04,4,729.0,0.9500000000000001,刘敏,钻石,13800777735,时尚音箱,三星,365.0,3,食品饮料,重庆仓库-10号,重庆区域,重庆区域,吴经理,开学季,0.65,信用卡,韵达快递,4,1.0,23.0,0.09,2770.2,1310.2,249.32,2793.2
2065,2024-12-05,5,739.0,1.0,陈敏,普通,13800790080,智能音箱,联想,370.0,4,美妆护肤,郑州仓库-13号,郑州区域,郑州区域,王经理,情人节特惠,0.7,货到付款,申通快递,5,0.95,29.0,0.11,3695.0,1845.0,406.45,3539.25
2066,2024-12-06,6,749.0,0.8,杨敏,银卡,13800802425,便携音箱,戴尔,375.0,5,家居日用,北京仓库-1号,北京区域,北京区域,张经理,,,支付宝,京东物流,1,0.9,5.0,0.03,3595.2,1345.2,107.86,3240.68
2067,2024-12-07,7,759.0,0.8500000000000001,赵敏,金卡,13800814770,专业音箱,索尼,380.0,6,运动户外,深圳仓库-4号,深圳区域,深圳区域,刘经理,618大促,0.55,微信支付,菜鸟驿站,2,1.1,11.0,0.05,4516.05,1856.05,225.8,4978.66
2068,2024-12-08,8,769.0,0.9,黄敏,钻石,13800827115,豪华音箱,佳能,385.0,7,图书音像,武汉仓库-7号,武汉区域,武汉区域,赵经理,年货节,0.6,银行卡,德邦快递,3,1.05,17.0,0.07,5536.8,2456.8,387.58,5830.64
2069,2024-12-09,9,779.0,0.9500000000000001,周敏,普通,13800839460,简约音箱,飞利浦,390.0,8,母婴用品,重庆仓库-10号,重庆区域,重庆区域,吴经理,开学季,0.65,信用卡,顺丰速运,4,1.0,23.0,0.09,6660.45,3150.45,599.44,6683.45
2070,2024-12-10,10,789.0,1.0,吴敏,银卡,13800851805,创新音箱,松下,395.0,9,汽车用品,郑州仓库-13号,郑州区域,郑州区域,王经理,情人节特惠,0.7,货到付款,圆通快递,5,0.95,29.0,0.11,7890.0,3940.0,867.9,7524.5
2071,2024-12-11,1,799.0,0.8,张静,金卡,13800864150,高端手表,华为,400.0,10,办公文具,北京仓库-1号,北京区域,北京区域,张经理,,,支付宝,顺丰速运,1,0.9,5.0,0.03,639.2,239.2,19.18,580.28
2072,2024-12-12,2,809.0,0.8500000000000001,李静,钻石,13800876495,精品手表,苹果,405.0,11,珠宝饰品,深圳仓库-4号,深圳区域,深圳区域,刘经理,国庆特卖,0.8,微信支付,圆通快递,2,1.1,11.0,0.05,1375.3,565.3,68.77,1523.83
2073,2024-12-13,3,819.0,0.9,王静,普通,13800888840,经典手表,小米,410.0,12,宠物用品,武汉仓库-7号,武汉区域,武汉区域,赵经理,新品首发,0.85,银行卡,中通快递,3,1.05,17.0,0.07,2211.3,981.3,154.79,2338.87
2074,2024-12-14,4,829.0,0.9500000000000001,刘静,银卡,13800901185,时尚手表,三星,415.0,13,医疗保健,重庆仓库-10号,重庆区域,重庆区域,吴经理,会员专享,0.9,信用卡,韵达快递,4,1.0,23.0,0.09,3150.2,1490.2,283.52,3173.2
2075,2024-12-15,5,839.0,1.0,陈静,金卡,13800913530,智能手表,联想,420.0,14,玩具乐器,郑州仓库-13号,郑州区域,郑州区域,王经理,限时秒杀,0.95,货到付款,申通快递,5,0.95,29.0,0.11,4195.0,2095.0,461.45,4014.25
2076,2024-12-16,6,849.0,0.8,杨静,钻石,13800925875,便携手表,戴尔,425.0,15,生鲜果蔬,北京仓库-1号,北京区域,北京区域,张经理,,,支付宝,京东物流,1,0.9,5.0,0.03,4075.2,1525.2,122.26,3672.68
2077,2024-12-17,7,859.0,0.8500000000000001,赵静,普通,13800938220,专业手表,索尼,430.0,16,箱包皮具,深圳仓库-4号,深圳区域,深圳区域,刘经理,618大促,0.55,微信支付,菜鸟驿站,2,1.1,11.0,0.05,5111.05,2101.05,255.55,5633.16
2078,2024-12-18,8,869.0,0.9,黄静,银卡,13800950565,豪华手表,佳能,435.0,17,钟表眼镜,武汉仓库-7号,武汉区域,武汉区域,赵经理,年货节,0.6,银行卡,德邦快递,3,1.05,17.0,0.07,6256.8,2776.8,437.98,6586.64
2079,2024-12-19,9,879.0,0.9500000000000001,周静,金卡,13800962910,简约手表,飞利浦,440.0,18,厨房用具,重庆仓库-10号,重庆区域,重庆区域,吴经理,开学季,0.65,信用卡,顺丰速运,4,1.0,23.0,0.09,7515.45,3555.45,676.39,7538.45
2080,2024-12-20,10,889.0,1.0,吴静,钻石,13800975255,创新手表,松下,445.0,19,五金工具,郑州仓库-13号,郑州区域,郑州区域,王经理,情人节特惠,0.7,货到付款,圆通快递,5,0.95,29.0,0.11,8890.0,4440.0,977.9,8474.5
2081,2024-12-21,1,899.0,0.8,张丽,普通,13800987600,高端相机,华为,450.0,0,数码电子,北京仓库-1号,北京区域,北京区域,张经理,,,支付宝,顺丰速运,1,0.9,5.0,0.03,719.2,269.2,21.58,652.28
2082,2024-12-22,2,909.0,0.8500000000000001,李丽,银卡,13800999945,精品相机,苹果,455.0,1,家用电器,深圳仓库-4号,深圳区域,深圳区域,刘经理,618大促,0.55,微信支付,圆通快递,2,1.1,11.0,0.05,1545.3,635.3,77.27,1710.83
2083,2024-12-23,3,919.0,0.9,王丽,金卡,13801012290,经典相机,小米,460.0,2,服装鞋帽,武汉仓库-7号,武汉区域,武汉区域,赵经理,年货节,0.6,银行卡,中通快递,3,1.05,17.0,0.07,2481.3,1101.3,173.69,2622.37
2084,2024-12-24,4,929.0,0.9500000000000001,刘丽,钻石,13801024635,时尚相机,三星,465.0,3,食品饮料,重庆仓库-10号,重庆区域,重庆区域,吴经理,开学季,0.65,信用卡,韵达快递,4,1.0,23.0,0.09,3530.2,1670.2,317.72,3553.2
2085,2024-12-25,5,939.0,1.0,陈丽,普通,13801036980,智能相机,联想,470.0,4,美妆护肤,郑州仓库-13号,郑州区域,郑州区域,王经理,情人节特惠,0.7,货到付款,申通快递,5,0.95,29.0,0.11,4695.0,2345.0,516.45,4489.25
2086,2024-12-26,6,949.0,0.8,杨丽,银卡,13801049325,便携相机,戴尔,475.0,5,家居日用,北京仓库-1号,北京区域,北京区域,张经理,,,支付宝,京东物流,1,0.9,5.0,0.03,4555.2,1705.2,136.66,4104.68
2087,2024-12-27,7,959.0,0.8500000000000001,赵丽,金卡,13801061670,专业相机,索尼,480.0,6,运动户外,深圳仓库-4号,深圳区域,深圳区域,刘经理,国庆特卖,0.8,微信支付,菜鸟驿站,2,1.1,11.0,0.05,5706.05,2346.05,285.3,6287.66
2088,2024-12-28,8,969.0,0.9,黄丽,钻石,13801074015,豪华相机,佳能,485.0,7,图书音像,武汉仓库-7号,武汉区域,武汉区域,赵经理,新品首发,0.85,银行卡,德邦快递,3,1.05,17.0,0.07,6976.8,3096.8,488.38,7342.64
2089,2024-12-28,9,979.0,0.9500000000000001,周丽,普通,13801086360,简约相机,飞利浦,490.0,8,母婴用品,重庆仓库-10号,重庆区域,重庆区域,吴经理,会员专享,0.9,信用卡,顺丰速运,4,1.0,23.0,0.09,8370.45,3960.45,753.34,8393.45
2090,2024-12-28,10,989.0,1.0,吴丽,银卡,13801098705,创新相机,松下,495.0,9,汽车用品,郑州仓库-13号,郑州区域,郑州区域,王经理,限时秒杀,0.95,货到付款,圆通快递,5,0.95,29.0,0.11,9890.0,4940.0,1087.9,9424.5
2091,2024-12-01,1,999.0,0.8,张勇,金卡,13801111050,高端充电器,华为,500.0,10,办公文具,北京仓库-1号,北京区域,北京区域,张经理,,,支付宝,顺丰速运,1,0.9,5.0,0.03,799.2,299.2,23.98,724.28
2092,2024-12-02,2,1009.0,0.8500000000000001,李勇,钻石,13801123395,精品充电器,苹果,505.0,11,珠宝饰品,深圳仓库-4号,深圳区域,深圳区域,刘经理,618大促,0.55,微信支付,圆通快递,2,1.1,11.0,0.05,1715.3,705.3,85.77,1897.83
2093,2024-12-03,3,1019.0,0.9,王勇,普通,13801135740,经典充电器,小米,510.0,12,宠物用品,武汉仓库-7号,武汉区域,武汉区域,赵经理,年货节,0.6,银行卡,中通快递,3,1.05,17.0,0.07,2751.3,1221.3,192.59,2905.87
2094,2024-12-04,4,1029.0,0.9500000000000001,刘勇,银卡,13801148085,时尚充电器,三星,515.0,13,医疗保健,重庆仓库-10号,重庆区域,重庆区域,吴经理,开学季,0.65,信用卡,韵达快递,4,1.0,23.0,0.09,3910.2,1850.2,351.92,3933.2
2095,2024-12-05,5,1039.0,1.0,陈勇,金卡,13801160430,智能充电器,联想,520.0,14,玩具乐器,郑州仓库-13号,郑州区域,郑州区域,王经理,情人节特惠,0.7,货到付款,申通快递,5,0.95,29.0,0.11,5195.0,2595.0,571.45,4964.25
2096,2024-01-01,6,1049.0,0.8,杨勇,钻石,13801172775,便携充电器,戴尔,525.0,15,生鲜果蔬,北京仓库-1号,北京区域,北京区域,张经理,,,支付宝,京东物流,1,0.9,5.0,0.03,5035.2,1885.2,151.06,4536.68
2097,2024-01-02,7,1059.0,0.8500000000000001,赵勇,普通,13801185120,专业充电器,索尼,530.0,16,箱包皮具,深圳仓库-4号,深圳区域,深圳区域,刘经理,618大促,0.55,微信支付,菜鸟驿站,2,1.1,11.0,0.05,6301.05,2591.05,315.05,6942.16
2098,2024-01-03,8,1069.0,0.9,黄勇,银卡,13801197465,豪华充电器,佳能,535.0,17,钟表眼镜,武汉仓库-7号,武汉区域,武汉区域,赵经理,年货节,0.6,银行卡,德邦快递,3,1.05,17.0,0.07,7696.8,3416.8,538.78,8098.64
2099,2024-01-04,9,1079.0,0.9500000000000001,周勇,金卡,13801209810,简约充电器,飞利浦,540.0,18,厨房用具,重庆仓库-10号,重庆区域,重庆区域,吴经理,开学季,0.65,信用卡,顺丰速运,4,1.0,23.0,0.09,9225.45,4365.45,830.29,9248.45
2100,2024-01-05,10,1089.0,1.0,吴勇,钻石,13801222155,创新充电器,松下,545.0,19,五金工具,郑州仓库-13号,郑州区域,郑州区域,王经理,情人节特惠,0.7,货到付款,圆通快递,5,0.95,29.0,0.11,10890.0,5440.0,1197.9,10374.5
2101,2024-01-06,1,1099.0,0.8,张明,普通,13801234500,高端手机,华为,550.0,0,数码电子,北京仓库-1号,北京区域,北京区域,张经理,,,支付宝,顺丰速运,1,0.9,5.0,0.03,879.2,329.2,26.38,796.28
2102,2024-01-07,2,1109.0,0.8500000000000001,李明,银卡,13801246845,精品手机,苹果,555.0,1,家用电器,深圳仓库-4号,深圳区域,深圳区域,刘经理,国庆特卖,0.8,微信支付,圆通快递,2,1.1,11.0,0.05,1885.3,775.3,94.27,2084.83
2103,2024-01-08,3,1119.0,0.9,王明,金卡,13801259190,经典手机,小米,560.0,2,服装鞋帽,武汉仓库-7号,武汉区域,武汉区域,赵经理,新品首发,0.85,银行卡,中通快递,3,1.05,17.0,0.07,3021.3,1341.3,211.49,3189.37
2104,2024-01-09,4,1129.0,0.9500000000000001,刘明,钻石,13801271535,时尚手机,三星,565.0,3,食品饮料,重庆仓库-10号,重庆区域,重庆区域,吴经理,会员专享,0.9,信用卡,韵达快递,4,1.0,23.0,0.09,4290.2,2030.2,386.12,4313.2
2105,2024-01-10,5,1139.0,1.0,陈明,普通,13801283880,智能手机,联想,570.0,4,美妆护肤,郑州仓库-13号,郑州区域,郑州区域,王经理,限时秒杀,0.95,货到付款,申通快递,5,0.95,29.0,0.11,5695.0,2845.0,626.45,5439.25
2106,2024-01-11,6,1149.0,0.8,杨明,银卡,13801296225,便携手机,戴尔,575.0,5,家居日用,北京仓库-1号,北京区域,北京区域,张经理,,,支付宝,京东物流,1,0.9,5.0,0.03,5515.2,2065.2,165.46,4968.68
2107,2024-01-12,7,1159.0,0.8500000000000001,赵明,金卡,13801308570,专业手机,索尼,580.0,6,运动户外,深圳仓库-4号,深圳区域,深圳区域,刘经理,618大促,0.55,微信支付,菜鸟驿站,2,1.1,11.0,0.05,6896.05,2836.05,344.8,7596.66
2108,2024-01-13,8,1169.0,0.9,黄明,钻石,13801320915,豪华手机,佳能,585.0,7,图书音像,武汉仓库-7号,武汉区域,武汉区域,赵经理,年货节,0.6,银行卡,德邦快递,3,1.05,17.0,0.07,8416.8,3736.8,589.18,8854.64
2109,2024-01-14,9,1179.0,0.9500000000000001,周明,普通,13801333260,简约手机,飞利浦,590.0,8,母婴用品,重庆仓库-10号,重庆区域,重庆区域,吴经理,开学季,0.65,信用卡,顺丰速运,4,1.0,23.0,0.09,10080.45,4770.45,907.24,10103.45
2110,2024-01-15,10,1189.0,1.0,吴明,银卡,13801345605,创新手机,松下,595.0,9,汽车用品,郑州仓库-13号,郑州区域,郑州区域,王经理,情人节特惠,0.7,货到付款,圆通快递,5,0.95,29.0,0.11,11890.0,5940.0,1307.9,11324.5
2111,2024-01-16,1,1199.0,0.8,张华,金卡,13801357950,高端电脑,华为,600.0,10,办公文具,北京仓库-1号,北京区域,北京区域,张经理,,,支付宝,顺丰速运,1,0.9,5.0,0.03,959.2,359.2,28.78,868.28
2112,2024-01-17,2,1209.0,0.8500000000000001,李华,钻石,13801370295,精品电脑,苹果,605.0,11,珠宝饰品,深圳仓库-4号,深圳区域,深圳区域,刘经理,618大促,0.55,微信支付,圆通快递,2,1.1,11.0,0.05,2055.3,845.3,102.77,2271.83
2113,2024-01-18,3,1219.0,0.9,王华,普通,13801382640,经典电脑,小米,610.0,12,宠物用品,武汉仓库-7号,武汉区域,武汉区域,赵经理,年货节,0.6,银行卡,中通快递,3,1.05,17.0,0.07,3291.3,1461.3,230.39,3472.87
2114,2024-01-19,4,1229.0,0.9500000000000001,刘华,银卡,13801394985,时尚电脑,三星,615.0,13,医疗保健,重庆仓库-10号,重庆区域,重庆区域,吴经理,开学季,0.65,信用卡,韵达快递,4,1.0,23.0,0.09,4670.2,2210.2,420.32,4693.2
2115,2024-01-20,5,1239.0,1.0,陈华,金卡,13801407330,智能电脑,联想,620.0,14,玩具乐器,郑州仓库-13号,郑州区域,郑州区域,王经理,情人节特惠,0.7,货到付款,申通快递,5,0.95,29.0,0.11,6195.0,3095.0,681.45,5914.25
2116,2024-01-21,6,1249.0,0.8,杨华,钻石,13801419675,便携电脑,戴尔,625.0,15,生鲜果蔬,北京仓库-1号,北京区域,北京区域,张经理,,,支付宝,京东物流,1,0.9,5.0,0.03,5995.2,2245.2,179.86,5400.68
2117,2024-01-22,7,1259.0,0.8500000000000001,赵华,普通,13801432020,专业电脑,索尼,630.0,16,箱包皮具,深圳仓库-4号,深圳区域,深圳区域,刘经理,国庆特卖,0.8,微信支付,菜鸟驿站,2,1.1,11.0,0.05,7491.05,3081.05,374.55,8251.16
2118,2024-01-23,8,1269.0,0.9,黄华,银卡,13801444365,豪华电脑,佳能,635.0,17,钟表眼镜,武汉仓库-7号,武汉区域,武汉区域,赵经理,新品首发,0.85,银行卡,德邦快递,3,1.05,17.0,0.07,9136.8,4056.8,639.58,9610.64
2119,2024-01-24,9,1279.0,0.9500000000000001,周华,金卡,13801456710,简约电脑,飞利浦,640.0,18,厨房用具,重庆仓库-10号,重庆区域,重庆区域,吴经理,会员专享,0.9,信用卡,顺丰速运,4,1.0,23.0,0.09,10935.45,5175.45,984.19,10958.45
2120,2024-01-25,10,1289.0,1.0,吴华,钻石,13801469055,创新电脑,松下,645.0,19,五金工具,郑州仓库-13号,郑州区域,郑州区域,王经理,限时秒杀,0.95,货到付款,圆通快递,5,0.95,29.0,0.11,12890.0,6440.0,1417.9,12274.5
2121,2024-01-26,1,1299.0,0.8,张强,普通,13801481400,高端耳机,华为,650.0,0,数码电子,北京仓库-1号,北京区域,北京区域,张经理,,,支付宝,顺丰速运,1,0.9,5.0,0.03,1039.2,389.2,31.18,940.28
2122,2024-01-27,2,1309.0,0.8500000000000001,李强,银卡,13801493745,精品耳机,苹果,655.0,1,家用电器,深圳仓库-4号,深圳区域,深圳区域,刘经理,618大促,0.55,微信支付,圆通快递,2,1.1,11.0,0.05,2225.3,915.3,111.27,2458.83
2123,2024-01-28,3,1319.0,0.9,王强,金卡,13801506090,经典耳机,小米,660.0,2,服装鞋帽,武汉仓库-7号,武汉区域,武汉区域,赵经理,年货节,0.6,银行卡,中通快递,3,1.05,17.0,0.07,3561.3,1581.3,249.29,3756.37
2124,2024-01-28,4,1329.0,0.9500000000000001,刘强,钻石,13801518435,时尚耳机,三星,665.0,3,食品饮料,重庆仓库-10号,重庆区域,重庆区域,吴经理,开学季,0.65,信用卡,韵达快递,4,1.0,23.0,0.09,5050.2,2390.2,454.52,5073.2
2125,2024-01-28,5,1339.0,1.0,陈强,普通,13801530780,智能耳机,联想,670.0,4,美妆护肤,郑州仓库-13号,郑州区域,郑州区域,王经理,情人节特惠,0.7,货到付款,申通快递,5,0.95,29.0,0.11,6695.0,3345.0,736.45,6389.25
2126,2024-02-01,6,1349.0,0.8,杨强,银卡,13801543125,便携耳机,戴尔,675.0,5,家居日用,北京仓库-1号,北京区域,北京区域,张经理,,,支付宝,京东物流,1,0.9,5.0,0.03,6475.2,2425.2,194.26,5832.68
2127,2024-02-02,7,1359.0,0.8500000000000001,赵强,金卡,13801555470,专业耳机,索尼,680.0,6,运动户外,深圳仓库-4号,深圳区域,深圳区域,刘经理,618大促,0.55,微信支付,菜鸟驿站,2,1.1,11.0,0.05,8086.05,3326.05,404.3,8905.66
2128,2024-02-03,8,1369.0,0.9,黄强,钻石,13801567815,豪华耳机,佳能,685.0,7,图书音像,武汉仓库-7号,武汉区域,武汉区域,赵经理,年货节,0.6,银行卡,德邦快递,3,1.05,17.0,0.07,9856.8,4376.8,689.98,10366.64
2129,2024-02-04,9,1379.0,0.9500000000000001,周强,普通,13801580160,简约耳机,飞利浦,690.0,8,母婴用品,重庆仓库-10号,重庆区域,重庆区域,吴经理,开学季,0.65,信用卡,顺丰速运,4,1.0,23.0,0.09,11790.45,5580.45,1061.14,11813.45
2130,2024-02-05,10,1389.0,1.0,吴强,银卡,13801592505,创新耳机,松下,695.0,9,汽车用品,郑州仓库-13号,郑州区域,郑州区域,王经理,情人节特惠,0.7,货到付款,圆通快递,5,0.95,29.0,0.11,13890.0,6940.0,1527.9,13224.5
2131,2024-02-06,1,1399.0,0.8,张伟,金卡,13801604850,高端键盘,华为,700.0,10,办公文具,北京仓库-1号,北京区域,北京区域,张经理,,,支付宝,顺丰速运,1,0.9,5.0,0.03,1119.2,419.2,33.58,1012.28
2132,2024-02-07,2,1409.0,0.8500000000000001,李伟,钻石,13801617195,精品键盘,苹果,705.0,11,珠宝饰品,深圳仓库-4号,深圳区域,深圳区域,刘经理,国庆特卖,0.8,微信支付,圆通快递,2,1.1,11.0,0.05,2395.3,985.3,119.77,2645.83
2133,2024-02-08,3,1419.0,0.9,王伟,普通,13801629540,经典键盘,小米,710.0,12,宠物用品,武汉仓库-7号,武汉区域,武汉区域,赵经理,新品首发,0.85,银行卡,中通快递,3,1.05,17.0,0.07,3831.3,1701.3,268.19,4039.87
2134,2024-02-09,4,1429.0,0.9500000000000001,刘伟,银卡,13801641885,时尚键盘,三星,715.0,13,医疗保健,重庆仓库-10号,重庆区域,重庆区域,吴经理,会员专享,0.9,信用卡,韵达快递,4,1.0,23.0,0.09,5430.2,2570.2,488.72,5453.2
2135,2024-02-10,5,1439.0,1.0,陈伟,金卡,13801654230,智能键盘,联想,720.0,14,玩具乐器,郑州仓库-13号,郑州区域,郑州区域,王经理,限时秒杀,0.95,货到付款,申通快递,5,0.95,29.0,0.11,7195.0,3595.0,791.45,6864.25
2136,2024-02-11,6,1449.0,0.8,杨伟,钻石,13801666575,便携键盘,戴尔,725.0,15,生鲜果蔬,北京仓库-1号,北京区域,北京区域,张经理,,,支付宝,京东物流,1,0.9,5.0,0.03,6955.2,2605.2,208.66,6264.68
2137,2024-02-12,7,1459.0,0.8500000000000001,赵伟,普通,13801678920,专业键盘,索尼,730.0,16,箱包皮具,深圳仓库-4号,深圳区域,深圳区域,刘经理,618大促,0.55,微信支付,菜鸟驿站,2,1.1,11.0,0.05,8681.05,3571.05,434.05,9560.16
2138,2024-02-13,8,1469.0,0.9,黄伟,银卡,13801691265,豪华键盘,佳能,735.0,17,钟表眼镜,武汉仓库-7号,武汉区域,武汉区域,赵经理,年货节,0.6,银行卡,德邦快递,3,1.05,17.0,0.07,10576.8,4696.8,740.38,11122.64
2139,2024-02-14,9,1479.0,0.9500000000000001,周伟,金卡,13801703610,简约键盘,飞利浦,740.0,18,厨房用具,重庆仓库-10号,重庆区域,重庆区域,吴经理,开学季,0.65,信用卡,顺丰速运,4,1.0,23.0,0.09,12645.45,5985.45,1138.09,12668.45
2140,2024-02-15,10,1489.0,1.0,吴伟,钻石,13801715955,创新键盘,松下,745.0,19,五金工具,郑州仓库-13号,郑州区域,郑州区域,王经理,情人节特惠,0.7,货到付款,圆通快递,5,0.95,29.0,0.11,14890.0,7440.0,1637.9,14174.5
2141,2024-02-16,1,1499.0,0.8,张芳,普通,13801728300,高端显示器,华为,750.0,0,数码电子,北京仓库-1号,北京区域,北京区域,张经理,,,支付宝,顺丰速运,1,0.9,5.0,0.03,1199.2,449.2,35.98,1084.28
2142,2024-02-17,2,1509.0,0.8500000000000001,李芳,银卡,13801740645,精品显示器,苹果,755.0,1,家用电器,深圳仓库-4号,深圳区域,深圳区域,刘经理,618大促,0.55,微信支付,圆通快递,2,1.1,11.0,0.05,2565.3,1055.3,128.27,2832.83
2143,2024-02-18,3,1519.0,0.9,王芳,金卡,13801752990,经典显示器,小米,760.0,2,服装鞋帽,武汉仓库-7号,武汉区域,武汉区域,赵经理,年货节,0.6,银行卡,中通快递,3,1.05,17.0,0.07,4101.3,1821.3,287.09,4323.37
2144,2024-02-19,4,1529.0,0.9500000000000001,刘芳,钻石,13801765335,时尚显示器,三星,765.0,3,食品饮料,重庆仓库-10号,重庆区域,重庆区域,吴经理,开学季,0.65,信用卡,韵达快递,4,1.0,23.0,0.09,5810.2,2750.2,522.92,5833.2
2145,2024-02-20,5,1539.0,1.0,陈芳,普通,13801777680,智能显示器,联想,770.0,4,美妆护肤,郑州仓库-13号,郑州区域,郑州区域,王经理,情人节特惠,0.7,货到付款,申通快递,5,0.95,29.0,0.11,7695.0,3845.0,846.45,7339.25
2146,2024-02-21,6,1549.0,0.8,杨芳,银卡,13801790025,便携显示器,戴尔,775.0,5,家居日用,北京仓库-1号,北京区域,北京区域,张经理,,,支付宝,京东物流,1,0.9,5.0,0.03,7435.2,2785.2,223.06,6696.68
2147,2024-02-22,7,1559.0,0.8500000000000001,赵芳,金卡,13801802370,专业显示器,索尼,780.0,6,运动户外,深圳仓库-4号,深圳区域,深圳区域,刘经理,国庆特卖,0.8,微信支付,菜鸟驿站,2,1.1,11.0,0.05,9276.05,3816.05,463.8,10214.66
2148,2024-02-23,8,1569.0,0.9,黄芳,钻石,13801814715,豪华显示器,佳能,785.0,7,图书音像,武汉仓库-7号,武汉区域,武汉区域,赵经理,新品首发,0.85,银行卡,德邦快递,3,1.05,17.0,0.07,11296.8,5016.8,790.78,11878.64
2149,2024-02-24,9,1579.0,0.9500000000000001,周芳,普通,13801827060,简约显示器,飞利浦,790.0,8,母婴用品,重庆仓库-10号,重庆区域,重庆区域,吴经理,会员专享,0.9,信用卡,顺丰速运,4,1.0,23.0,0.09,13500.45,6390.45,1215.04,13523.45
2150,2024-02-25,10,1589.0,1.0,吴芳,银卡,13801839405,创新显示器,松下,795.0,9,汽车用品,郑州仓库-13号,郑州区域,郑州区域,王经理,限时秒杀,0.95,货到付款,圆通快递,5,0.95,29.0,0.11,15890.0,7940.0,1747.9,15124.5
2151,2024-02-26,1,1599.0,0.8,张娟,金卡,13801851750,高端平板,华为,800.0,10,办公文具,北京仓库-1号,北京区域,北京区域,张经理,,,支付宝,顺丰速运,1,0.9,5.0,0.03,1279.2,479.2,38.38,1156.28
2152,2024-02-27,2,1609.0,0.8500000000000001,李娟,钻石,13801864095,精品平板,苹果,805.0,11,珠宝饰品,深圳仓库-4号,深圳区域,深圳区域,刘经理,618大促,0.55,微信支付,圆通快递,2,1.1,11.0,0.05,2735.3,1125.3,136.77,3019.83
2153,2024-02-28,3,1619.0,0.9,王娟,普通,13801876440,经典平板,小米,810.0,12,宠物用品,武汉仓库-7号,武汉区域,武汉区域,赵经理,年货节,0.6,银行卡,中通快递,3,1.05,17.0,0.07,4371.3,1941.3,305.99,4606.87
2154,2024-02-28,4,1629.0,0.9500000000000001,刘娟,银卡,13801888785,时尚平板,三星,815.0,13,医疗保健,重庆仓库-10号,重庆区域,重庆区域,吴经理,开学季,0.65,信用卡,韵达快递,4,1.0,23.0,0.09,6190.2,2930.2,557.12,6213.2
2155,2024-02-28,5,1639.0,1.0,陈娟,金卡,13801901130,智能平板,联想,820.0,14,玩具乐器,郑州仓库-13号,郑州区域,郑州区域,王经理,情人节特惠,0.7,货到付款,申通快递,5,0.95,29.0,0.11,8195.0,4095.0,901.45,7814.25
2156,2024-03-01,6,1649.0,0.8,杨娟,钻石,13801913475,便携平板,戴尔,825.0,15,生鲜果蔬,北京仓库-1号,北京区域,北京区域,张经理,,,支付宝,京东物流,1,0.9,5.0,0.03,7915.2,2965.2,237.46,7128.68
2157,2024-03-02,7,1659.0,0.8500000000000001,赵娟,普通,13801925820,专业平板,索尼,830.0,16,箱包皮具,深圳仓库-4号,深圳区域,深圳区域,刘经理,618大促,0.55,微信支付,菜鸟驿站,2,1.1,11.0,0.05,9871.05,4061.05,493.55,10869.16
2158,2024-03-03,8,1669.0,0.9,黄娟,银卡,13801938165,豪华平板,佳能,835.0,17,钟表眼镜,武汉仓库-7号,武汉区域,武汉区域,赵经理,年货节,0.6,银行卡,德邦快递,3,1.05,17.0,0.07,12016.8,5336.8,841.18,12634.64
2159,2024-03-04,9,1679.0,0.9500000000000001,周娟,金卡,13801950510,简约平板,飞利浦,840.0,18,厨房用具,重庆仓库-10号,重庆区域,重庆区域,吴经理,开学季,0.65,信用卡,顺丰速运,4,1.0,23.0,0.09,14355.45,6795.45,1291.99,14378.45
2160,2024-03-05,10,1689.0,1.0,吴娟,钻石,13801962855,创新平板,松下,845.0,19,五金工具,郑州仓库-13号,郑州区域,郑州区域,王经理,情人节特惠,0.7,货到付款,圆通快递,5,0.95,29.0,0.11,16890.0,8440.0,1857.9,16074.5
2161,2024-03-06,1,1699.0,0.8,张敏,普通,13801975200,高端音箱,华为,850.0,0,数码电子,北京仓库-1号,北京区域,北京区域,张经理,,,支付宝,顺丰速运,1,0.9,5.0,0.03,1359.2,509.2,40.78,1228.28
2162,2024-03-07,2,1709.0,0.8500000000000001,李敏,银卡,13801987545,精品音箱,苹果,855.0,1,家用电器,深圳仓库-4号,深圳区域,深圳区域,刘经理,国庆特卖,0.8,微信支付,圆通快递,2,1.1,11.0,0.05,2905.3,1195.3,145.27,3206.83
2163,2024-03-08,3,1719.0,0.9,王敏,金卡,13801999890,经典音箱,小米,860.0,2,服装鞋帽,武汉仓库-7号,武汉区域,武汉区域,赵经理,新品首发,0.85,银行卡,中通快递,3,1.05,17.0,0.07,4641.3,2061.3,324.89,4890.37
2164,2024-03-09,4,1729.0,0.9500000000000001,刘敏,钻石,13802012235,时尚音箱,三星,865.0,3,食品饮料,重庆仓库-10号,重庆区域,重庆区域,吴经理,会员专享,0.9,信用卡,韵达快递,4,1.0,23.0,0.09,6570.2,3110.2,591.32,6593.2
2165,2024-03-10,5,1739.0,1.0,陈敏,普通,13802024580,智能音箱,联想,870.0,4,美妆护肤,郑州仓库-13号,郑州区域,郑州区域,王经理,限时秒杀,0.95,货到付款,申通快递,5,0.95,29.0,0.11,8695.0,4345.0,956.45,8289.25
2166,2024-03-11,6,1749.0,0.8,杨敏,银卡,13802036925,便携音箱,戴尔,875.0,5,家居日用,北京仓库-1号,北京区域,北京区域,张经理,,,支付宝,京东物流,1,0.9,5.0,0.03,8395.2,3145.2,251.86,7560.68
2167,2024-03-12,7,1759.0,0.8500000000000001,赵敏,金卡,13802049270,专业音箱,索尼,880.0,6,运动户外,深圳仓库-4号,深圳区域,深圳区域,刘经理,618大促,0.55,微信支付,菜鸟驿站,2,1.1,11.0,0.05,10466.05,4306.05,523.3,11523.66
2168,2024-03-13,8,1769.0,0.9,黄敏,钻石,13802061615,豪华音箱,佳能,885.0,7,图书音像,武汉仓库-7号,武汉区域,武汉区域,赵经理,年货节,0.6,银行卡,德邦快递,3,1.05,17.0,0.07,12736.8,5656.8,891.58,13390.64
2169,2024-03-14,9,1779.0,0.9500000000000001,周敏,普通,13802073960,简约音箱,飞利浦,890.0,8,母婴用品,重庆仓库-10号,重庆区域,重庆区域,吴经理,开学季,0.65,信用卡,顺丰速运,4,1.0,23.0,0.09,15210.45,7200.45,1368.94,15233.45
2170,2024-03-15,10,1789.0,1.0,吴敏,银卡,13802086305,创新音箱,松下,895.0,9,汽车用品,郑州仓库-13号,郑州区域,郑州区域,王经理,情人节特惠,0.7,货到付款,圆通快递,5,0.95,29.0,0.11,17890.0,8940.0,1967.9,17024.5
2171,2024-03-16,1,1799.0,0.8,张静,金卡,13802098650,高端手表,华为,900.0,10,办公文具,北京仓库-1号,北京区域,北京区域,张经理,,,支付宝,顺丰速运,1,0.9,5.0,0.03,1439.2,539.2,43.18,1300.28
2172,2024-03-17,2,1809.0,0.8500000000000001,李静,钻石,13802110995,精品手表,苹果,905.0,11,珠宝饰品,深圳仓库-4号,深圳区域,深圳区域,刘经理,618大促,0.55,微信支付,圆通快递,2,1.1,11.0,0.05,3075.3,1265.3,153.77,3393.83
2173,2024-03-18,3,1819.0,0.9,王静,普通,13802123340,经典手表,小米,910.0,12,宠物用品,武汉仓库-7号,武汉区域,武汉区域,赵经理,年货节,0.6,银行卡,中通快递,3,1.05,17.0,0.07,4911.3,2181.3,343.79,5173.87
2174,2024-03-19,4,1829.0,0.9500000000000001,刘静,银卡,13802135685,时尚手表,三星,915.0,13,医疗保健,重庆仓库-10号,重庆区域,重庆区域,吴经理,开学季,0.65,信用卡,韵达快递,4,1.0,23.0,0.09,6950.2,3290.2,625.52,6973.2
2175,2024-03-20,5,1839.0,1.0,陈静,金卡,13802148030,智能手表,联想,920.0,14,玩具乐器,郑州仓库-13号,郑州区域,郑州区域,王经理,情人节特惠,0.7,货到付款,申通快递,5,0.95,29.0,0.11,9195.0,4595.0,1011.45,8764.25
2176,2024-03-21,6,1849.0,0.8,杨静,钻石,13802160375,便携手表,戴尔,925.0,15,生鲜果蔬,北京仓库-1号,北京区域,北京区域,张经理,,,支付宝,京东物流,1,0.9,5.0,0.03,8875.2,3325.2,266.26,7992.68
2177,2024-03-22,7,1859.0,0.8500000000000001,赵静,普通,13802172720,专业手表,索尼,930.0,16,箱包皮具,深圳仓库-4号,深圳区域,深圳区域,刘经理,国庆特卖,0.8,微信支付,菜鸟驿站,2,1.1,11.0,0.05,11061.05,4551.05,553.05,12178.16
2178,2024-03-23,8,1869.0,0.9,黄静,银卡,13802185065,豪华手表,佳能,935.0,17,钟表眼镜,武汉仓库-7号,武汉区域,武汉区域,赵经理,新品首发,0.85,银行卡,德邦快递,3,1.05,17.0,0.07,13456.8,5976.8,941.98,14146.64
2179,2024-03-24,9,1879.0,0.9500000000000001,周静,金卡,13802197410,简约手表,飞利浦,940.0,18,厨房用具,重庆仓库-10号,重庆区域,重庆区域,吴经理,会员专享,0.9,信用卡,顺丰速运,4,1.0,23.0,0.09,16065.45,7605.45,1445.89,16088.45
2180,2024-03-25,10,1889.0,1.0,吴静,钻石,13802209755,创新手表,松下,945.0,19,五金工具,郑州仓库-13号,郑州区域,郑州区域,王经理,限时秒杀,0.95,货到付款,圆通快递,5,0.95,29.0,0.11,18890.0,9440.0,2077.9,17974.5
2181,2024-03-26,1,1899.0,0.8,张丽,普通,13802222100,高端相机,华为,950.0,0,数码电子,北京仓库-1号,北京区域,北京区域,张经理,,,支付宝,顺丰速运,1,0.9,5.0,0.03,1519.2,569.2,45.58,1372.28
2182,2024-03-27,2,1909.0,0.8500000000000001,李丽,银卡,13802234445,精品相机,苹果,955.0,1,家用电器,深圳仓库-4号,深圳区域,深圳区域,刘经理,618大促,0.55,微信支付,圆通快递,2,1.1,11.0,0.05,3245.3,1335.3,162.27,3580.83
2183,2024-03-28,3,1919.0,0.9,王丽,金卡,13802246790,经典相机,小米,960.0,2,服装鞋帽,武汉仓库-7号,武汉区域,武汉区域,赵经理,年货节,0.6,银行卡,中通快递,3,1.05,17.0,0.07,5181.3,2301.3,362.69,5457.37
2184,2024-03-28,4,1929.0,0.9500000000000001,刘丽,钻石,13802259135,时尚相机,三星,965.0,3,食品饮料,重庆仓库-10号,重庆区域,重庆区域,吴经理,开学季,0.65,信用卡,韵达快递,4,1.0,23.0,0.09,7330.2,3470.2,659.72,7353.2
2185,2024-03-28,5,1939.0,1.0,陈丽,普通,13802271480,智能相机,联想,970.0,4,美妆护肤,郑州仓库-13号,郑州区域,郑州区域,王经理,情人节特惠,0.7,货到付款,申通快递,5,0.95,29.0,0.11,9695.0,4845.0,1066.45,9239.25
2186,2024-04-01,6,1949.0,0.8,杨丽,银卡,13802283825,便携相机,戴尔,975.0,5,家居日用,北京仓库-1号,北京区域,北京区域,张经理,,,支付宝,京东物流,1,0.9,5.0,0.03,9355.2,3505.2,280.66,8424.68
2187,2024-04-02,7,1959.0,0.8500000000000001,赵丽,金卡,13802296170,专业相机,索尼,980.0,6,运动户外,深圳仓库-4号,深圳区域,深圳区域,刘经理,618大促,0.55,微信支付,菜鸟驿站,2,1.1,11.0,0.05,11656.05,4796.05,582.8,12832.66
2188,2024-04-03,8,1969.0,0.9,黄丽,钻石,13802308515,豪华相机,佳能,985.0,7,图书音像,武汉仓库-7号,武汉区域,武汉区域,赵经理,年货节,0.6,银行卡,德邦快递,3,1.05,17.0,0.07,14176.8,6296.8,992.38,14902.64
2189,2024-04-04,9,1979.0,0.9500000000000001,周丽,普通,13802320860,简约相机,飞利浦,990.0,8,母婴用品,重庆仓库-10号,重庆区域,重庆区域,吴经理,开学季,0.65,信用卡,顺丰速运,4,1.0,23.0,0.09,16920.45,8010.45,1522.84,16943.45
2190,2024-04-05,10,1989.0,1.0,吴丽,银卡,13802333205,创新相机,松下,995.0,9,汽车用品,郑州仓库-13号,郑州区域,郑州区域,王经理,情人节特惠,0.7,货到付款,圆通快递,5,0.95,29.0,0.11,19890.0,9940.0,2187.9,18924.5
2191,2024-04-06,1,1999.0,0.8,张勇,金卡,13802345550,高端充电器,华为,1000.0,10,办公文具,北京仓库-1号,北京区域,北京区域,张经理,,,支付宝,顺丰速运,1,0.9,5.0,0.03,1599.2,599.2,47.98,1444.28
2192,2024-04-07,2,2009.0,0.8500000000000001,李勇,钻石,13802357895,精品充电器,苹果,1005.0,11,珠宝饰品,深圳仓库-4号,深圳区域,深圳区域,刘经理,国庆特卖,0.8,微信支付,圆通快递,2,1.1,11.0,0.05,3415.3,1405.3,170.77,3767.83
2193,2024-04-08,3,2019.0,0.9,王勇,普通,13802370240,经典充电器,小米,1010.0,12,宠物用品,武汉仓库-7号,武汉区域,武汉区域,赵经理,新品首发,0.85,银行卡,中通快递,3,1.05,17.0,0.07,5451.3,2421.3,381.59,5740.87
2194,2024-04-09,4,2029.0,0.9500000000000001,刘勇,银卡,13802382585,时尚充电器,三星,1015.0,13,医疗保健,重庆仓库-10号,重庆区域,重庆区域,吴经理,会员专享,0.9,信用卡,韵达快递,4,1.0,23.0,0.09,7710.2,3650.2,693.92,7733.2
2195,2024-04-10,5,2039.0,1.0,陈勇,金卡,13802394930,智能充电器,联想,1020.0,14,玩具乐器,郑州仓库-13号,郑州区域,郑州区域,王经理,限时秒杀,0.95,货到付款,申通快递,5,0.95,29.0,0.11,10195.0,5095.0,1121.45,9714.25
2196,2024-04-11,6,2049.0,0.8,杨勇,钻石,13802407275,便携充电器,戴尔,1025.0,15,生鲜果蔬,北京仓库-1号,北京区域,北京区域,张经理,,,支付宝,京东物流,1,0.9,5.0,0.03,9835.2,3685.2,295.06,8856.68
2197,2024-04-12,7,2059.0,0.8500000000000001,赵勇,普通,13802419620,专业充电器,索尼,1030.0,16,箱包皮具,深圳仓库-4号,深圳区域,深圳区域,刘经理,618大促,0.55,微信支付,菜鸟驿站,2,1.1,11.0,0.05,12251.05,5041.05,612.55,13487.16
2198,2024-04-13,8,2069.0,0.9,黄勇,银卡,13802431965,豪华充电器,佳能,1035.0,17,钟表眼镜,武汉仓库-7号,武汉区域,武汉区域,赵经理,年货节,0.6,银行卡,德邦快递,3,1.05,17.0,0.07,14896.8,6616.8,1042.78,15658.64
2199,2024-04-14,9,2079.0,0.9500000000000001,周勇,金卡,13802444310,简约充电器,飞利浦,1040.0,18,厨房用具,重庆仓库-10号,重庆区域,重庆区域,吴经理,开学季,0.65,信用卡,顺丰速运,4,1.0,23.0,0.09,17775.45,8415.45,1599.79,17798.45
2200,2024-04-15,10,2089.0,1.0,吴勇,钻石,13802456655,创新充电器,松下,1045.0,19,五金工具,郑州仓库-13号,郑州区域,郑州区域,王经理,情人节特惠,0.7,货到付款,圆通快递,5,0.95,29.0,0.11,20890.0,10440.0,2297.9,19874.5
2201,2024-04-16,1,99.0,0.8,张明,普通,13802469000,高端手机,华为,50.0,0,数码电子,北京仓库-1号,北京区域,北京区域,张经理,,,支付宝,顺丰速运,1,0.9,5.0,0.03,79.2,29.2,2.38,76.28
2202,2024-04-17,2,109.0,0.8500000000000001,李明,银卡,13802481345,精品手机,苹果,55.0,1,家用电器,深圳仓库-4号,深圳区域,深圳区域,刘经理,618大促,0.55,微信支付,圆通快递,2,1.1,11.0,0.05,185.3,75.3,9.27,214.83
2203,2024-04-18,3,119.0,0.9,王明,金卡,13802493690,经典手机,小米,60.0,2,服装鞋帽,武汉仓库-7号,武汉区域,武汉区域,赵经理,年货节,0.6,银行卡,中通快递,3,1.05,17.0,0.07,321.3,141.3,22.49,354.37
2204,2024-04-19,4,129.0,0.9500000000000001,刘明,钻石,13802506035,时尚手机,三星,65.0,3,食品饮料,重庆仓库-10号,重庆区域,重庆区域,吴经理,开学季,0.65,信用卡,韵达快递,4,1.0,23.0,0.09,490.2,230.2,44.12,513.2
2205,2024-04-20,5,139.0,1.0,陈明,普通,13802518380,智能手机,联想,70.0,4,美妆护肤,郑州仓库-13号,郑州区域,郑州区域,王经理,情人节特惠,0.7,货到付款,申通快递,5,0.95,29.0,0.11,695.0,345.0,76.45,689.25
2206,2024-04-21,6,149.0,0.8,杨明,银卡,13802530725,便携手机,戴尔,75.0,5,家居日用,北京仓库-1号,北京区域,北京区域,张经理,,,支付宝,京东物流,1,0.9,5.0,0.03,715.2,265.2,21.46,648.68
2207,2024-04-22,7,159.0,0.8500000000000001,赵明,金卡,13802543070,专业手机,索尼,80.0,6,运动户外,深圳仓库-4号,深圳区域,深圳区域,刘经理,国庆特卖,0.8,微信支付,菜鸟驿站,2,1.1,11.0,0.05,946.05,386.05,47.3,1051.65
2208,2024-04-23,8,169.0,0.9,黄明,钻石,13802555415,豪华手机,佳能,85.0,7,图书音像,武汉仓库-7号,武汉区域,武汉区域,赵经理,新品首发,0.85,银行卡,德邦快递,3,1.05,17.0,0.07,1216.8,536.8,85.18,1294.64
2209,2024-04-24,9,179.0,0.9500000000000001,周明,普通,13802567760,简约手机,飞利浦,90.0,8,母婴用品,重庆仓库-10号,重庆区域,重庆区域,吴经理,会员专享,0.9,信用卡,顺丰速运,4,1.0,23.0,0.09,1530.45,720.45,137.74,1553.45
2210,2024-04-25,10,189.0,1.0,吴明,银卡,13802580105,创新手机,松下,95.0,9,汽车用品,郑州仓库-13号,郑州区域,郑州区域,王经理,限时秒杀,0.95,货到付款,圆通快递,5,0.95,29.0,0.11,1890.0,940.0,207.9,1824.5
2211,2024-04-26,1,199.0,0.8,张华,金卡,13802592450,高端电脑,华为,100.0,10,办公文具,北京仓库-1号,北京区域,北京区域,张经理,,,支付宝,顺丰速运,1,0.9,5.0,0.03,159.2,59.2,4.78,148.28
2212,2024-04-27,2,209.0,0.8500000000000001,李华,钻石,13802604795,精品电脑,苹果,105.0,11,珠宝饰品,深圳仓库-4号,深圳区域,深圳区域,刘经理,618大促,0.55,微信支付,圆通快递,2,1.1,11.0,0.05,355.3,145.3,17.77,401.83
2213,2024-04-28,3,219.0,0.9,王华,普通,13802617140,经典电脑,小米,110.0,12,宠物用品,武汉仓库-7号,武汉区域,武汉区域,赵经理,年货节,0.6,银行卡,中通快递,3,1.05,17.0,0.07,591.3,261.3,41.39,637.87
2214,2024-04-28,4,229.0,0.9500000000000001,刘华,银卡,13802629485,时尚电脑,三星,115.0,13,医疗保健,重庆仓库-10号,重庆区域,重庆区域,吴经理,开学季,0.65,信用卡,韵达快递,4,1.0,23.0,0.09,870.2,410.2,78.32,893.2
2215,2024-04-28,5,239.0,1.0,陈华,金卡,13802641830,智能电脑,联想,120.0,14,玩具乐器,郑州仓库-13号,郑州区域,郑州区域,王经理,情人节特惠,0.7,货到付款,申通快递,5,0.95,29.0,0.11,1195.0,595.0,131.45,1164.25
2216,2024-05-01,6,249.0,0.8,杨华,钻石,13802654175,便携电脑,戴尔,125.0,15,生鲜果蔬,北京仓库-1号,北京区域,北京区域,张经理,,,支付宝,京东物流,1,0.9,5.0,0.03,1195.2,445.2,35.86,1080.68
2217,2024-05-02,7,259.0,0.8500000000000001,赵华,普通,13802666520,专业电脑,索尼,130.0,16,箱包皮具,深圳仓库-4号,深圳区域,深圳区域,刘经理,618大促,0.55,微信支付,菜鸟驿站,2,1.1,11.0,0.05,1541.05,631.05,77.05,1706.16
2218,2024-05-03,8,269.0,0.9,黄华,银卡,13802678865,豪华电脑,佳能,135.0,17,钟表眼镜,武汉仓库-7号,武汉区域,武汉区域,赵经理,年货节,0.6,银行卡,德邦快递,3,1.05,17.0,0.07,1936.8,856.8,135.58,2050.64
2219,2024-05-04,9,279.0,0.9500000000000001,周华,金卡,13802691210,简约电脑,飞利浦,140.0,18,厨房用具,重庆仓库-10号,重庆区域,重庆区域,吴经理,开学季,0.65,信用卡,顺丰速运,4,1.0,23.0,0.09,2385.45,1125.45,214.69,2408.45
2220,2024-05-05,10,289.0,1.0,吴华,钻石,13802703555,创新电脑,松下,145.0,19,五金工具,郑州仓库-13号,郑州区域,郑州区域,王经理,情人节特惠,0.7,货到付款,圆通快递,5,0.95,29.0,0.11,2890.0,1440.0,317.9,2774.5
2221,2024-05-06,1,299.0,0.8,张强,普通,13802715900,高端耳机,华为,150.0,0,数码电子,北京仓库-1号,北京区域,北京区域,张经理,,,支付宝,顺丰速运,1,0.9,5.0,0.03,239.2,89.2,7.18,220.28
2222,2024-05-07,2,309.0,0.8500000000000001,李强,银卡,13802728245,精品耳机,苹果,155.0,1,家用电器,深圳仓库-4号,深圳区域,深圳区域,刘经理,国庆特卖,0.8,微信支付,圆通快递,2,1.1,11.0,0.05,525.3,215.3,26.27,588.83
2223,2024-05-08,3,319.0,0.9,王强,金卡,13802740590,经典耳机,小米,160.0,2,服装鞋帽,武汉仓库-7号,武汉区域,武汉区域,赵经理,新品首发,0.85,银行卡,中通快递,3,1.05,17.0,0.07,861.3,381.3,60.29,921.37
2224,2024-05-09,4,329.0,0.9500000000000001,刘强,钻石,13802752935,时尚耳机,三星,165.0,3,食品饮料,重庆仓库-10号,重庆区域,重庆区域,吴经理,会员专享,0.9,信用卡,韵达快递,4,1.0,23.0,0.09,1250.2,590.2,112.52,1273.2
2225,2024-05-10,5,339.0,1.0,陈强,普通,13802765280,智能耳机,联想,170.0,4,美妆护肤,郑州仓库-13号,郑州区域,郑州区域,王经理,限时秒杀,0.95,货到付款,申通快递,5,0.95,29.0,0.11,1695.0,845.0,186.45,1639.25
2226,2024-05-11,6,349.0,0.8,杨强,银卡,13802777625,便携耳机,戴尔,175.0,5,家居日用,北京仓库-1号,北京区域,北京区域,张经理,,,支付宝,京东物流,1,0.9,5.0,0.03,1675.2,625.2,50.26,1512.68
2227,2024-05-12,7,359.0,0.8500000000000001,赵强,金卡,13802789970,专业耳机,索尼,180.0,6,运动户外,深圳仓库-4号,深圳区域,深圳区域,刘经理,618大促,0.55,微信支付,菜鸟驿站,2,1.1,11.0,0.05,2136.05,876.05,106.8,2360.66
2228,2024-05-13,8,369.0,0.9,黄强,钻石,13802802315,豪华耳机,佳能,185.0,7,图书音像,武汉仓库-7号,武汉区域,武汉区域,赵经理,年货节,0.6,银行卡,德邦快递,3,1.05,17.0,0.07,2656.8,1176.8,185.98,2806.64
2229,2024-05-14,9,379.0,0.9500000000000001,周强,普通,13802814660,简约耳机,飞利浦,190.0,8,母婴用品,重庆仓库-10号,重庆区域,重庆区域,吴经理,开学季,0.65,信用卡,顺丰速运,4,1.0,23.0,0.09,3240.45,1530.45,291.64,3263.45
2230,2024-05-15,10,389.0,1.0,吴强,银卡,13802827005,创新耳机,松下,195.0,9,汽车用品,郑州仓库-13号,郑州区域,郑州区域,王经理,情人节特惠,0.7,货到付款,圆通快递,5,0.95,29.0,0.11,3890.0,1940.0,427.9,3724.5
2231,2024-05-16,1,399.0,0.8,张伟,金卡,13802839350,高端键盘,华为,200.0,10,办公文具,北京仓库-1号,北京区域,北京区域,张经理,,,支付宝,顺丰速运,1,0.9,5.0,0.03,319.2,119.2,9.58,292.28
2232,2024-05-17,2,409.0,0.8500000000000001,李伟,钻石,13802851695,精品键盘,苹果,205.0,11,珠宝饰品,深圳仓库-4号,深圳区域,深圳区域,刘经理,618大促,0.55,微信支付,圆通快递,2,1.1,11.0,0.05,695.3,285.3,34.77,775.83
2233,2024-05-18,3,419.0,0.9,王伟,普通,13802864040,经典键盘,小米,210.0,12,宠物用品,武汉仓库-7号,武汉区域,武汉区域,赵经理,年货节,0.6,银行卡,中通快递,3,1.05,17.0,0.07,1131.3,501.3,79.19,1204.87
2234,2024-05-19,4,429.0,0.9500000000000001,刘伟,银卡,13802876385,时尚键盘,三星,215.0,13,医疗保健,重庆仓库-10号,重庆区域,重庆区域,吴经理,开学季,0.65,信用卡,韵达快递,4,1.0,23.0,0.09,1630.2,770.2,146.72,1653.2
2235,2024-05-20,5,439.0,1.0,陈伟,金卡,13802888730,智能键盘,联想,220.0,14,玩具乐器,郑州仓库-13号,郑州区域,郑州区域,王经理,情人节特惠,0.7,货到付款,申通快递,5,0.95,29.0,0.11,2195.0,1095.0,241.45,2114.25
2236,2024-05-21,6,449.0,0.8,杨伟,钻石,13802901075,便携键盘,戴尔,225.0,15,生鲜果蔬,北京仓库-1号,北京区域,北京区域,张经理,,,支付宝,京东物流,1,0.9,5.0,0.03,2155.2,805.2,64.66,1944.68
2237,2024-05-22,7,459.0,0.8500000000000001,赵伟,普通,13802913420,专业键盘,索尼,230.0,16,箱包皮具,深圳仓库-4号,深圳区域,深圳区域,刘经理,国庆特卖,0.8,微信支付,菜鸟驿站,2,1.1,11.0,0.05,2731.05,1121.05,136.55,3015.16
2238,2024-05-23,8,469.0,0.9,黄伟,银卡,13802925765,豪华键盘,佳能,235.0,17,钟表眼镜,武汉仓库-7号,武汉区域,武汉区域,赵经理,新品首发,0.85,银行卡,德邦快递,3,1.05,17.0,0.07,3376.8,1496.8,236.38,3562.64
2239,2024-05-24,9,479.0,0.9500000000000001,周伟,金卡,13802938110,简约键盘,飞利浦,240.0,18,厨房用具,重庆仓库-10号,重庆区域,重庆区域,吴经理,会员专享,0.9,信用卡,顺丰速运,4,1.0,23.0,0.09,4095.45,1935.45,368.59,4118.45
2240,2024-05-25,10,489.0,1.0,吴伟,钻石,13802950455,创新键盘,松下,245.0,19,五金工具,郑州仓库-13号,郑州区域,郑州区域,王经理,限时秒杀,0.95,货到付款,圆通快递,5,0.95,29.0,0.11,4890.0,2440.0,537.9,4674.5
2241,2024-05-26,1,499.0,0.8,张芳,普通,13802962800,高端显示器,华为,250.0,0,数码电子,北京仓库-1号,北京区域,北京区域,张经理,,,支付宝,顺丰速运,1,0.9,5.0,0.03,399.2,149.2,11.98,364.28
2242,2024-05-27,2,509.0,0.8500000000000001,李芳,银卡,13802975145,精品显示器,苹果,255.0,1,家用电器,深圳仓库-4号,深圳区域,深圳区域,刘经理,618大促,0.55,微信支付,圆通快递,2,1.1,11.0,0.05,865.3,355.3,43.27,962.83
2243,2024-05-28,3,519.0,0.9,王芳,金卡,13802987490,经典显示器,小米,260.0,2,服装鞋帽,武汉仓库-7号,武汉区域,武汉区域,赵经理,年货节,0.6,银行卡,中通快递,3,1.05,17.0,0.07,1401.3,621.3,98.09,1488.37
2244,2024-05-28,4,529.0,0.9500000000000001,刘芳,钻石,13802999835,时尚显示器,三星,265.0,3,食品饮料,重庆仓库-10号,重庆区域,重庆区域,吴经理,开学季,0.65,信用卡,韵达快递,4,1.0,23.0,0.09,2010.2,950.2,180.92,2033.2
2245,2024-05-28,5,539.0,1.0,陈芳,普通,13803012180,智能显示器,联想,270.0,4,美妆护肤,郑州仓库-13号,郑州区域,郑州区域,王经理,情人节特惠,0.7,货到付款,申通快递,5,0.95,29.0,0.11,2695.0,1345.0,296.45,2589.25
2246,2024-06-01,6,549.0,0.8,杨芳,银卡,13803024525,便携显示器,戴尔,275.0,5,家居日用,北京仓库-1号,北京区域,北京区域,张经理,,,支付宝,京东物流,1,0.9,5.0,0.03,2635.2,985.2,79.06,2376.68
2247,2024-06-02,7,559.0,0.8500000000000001,赵芳,金卡,13803036870,专业显示器,索尼,280.0,6,运动户外,深圳仓库-4号,深圳区域,深圳区域,刘经理,618大促,0.55,微信支付,菜鸟驿站,2,1.1,11.0,0.05,3326.05,1366.05,166.3,3669.66
2248,2024-06-03,8,569.0,0.9,黄芳,钻石,13803049215,豪华显示器,佳能,285.0,7,图书音像,武汉仓库-7号,武汉区域,武汉区域,赵经理,年货节,0.6,银行卡,德邦快递,3,1.05,17.0,0.07,4096.8,1816.8,286.78,4318.64
2249,2024-06-04,9,579.0,0.9500000000000001,周芳,普通,13803061560,简约显示器,飞利浦,290.0,8,母婴用品,重庆仓库-10号,重庆区域,重庆区域,吴经理,开学季,0.65,信用卡,顺丰速运,4,1.0,23.0,0.09,4950.45,2340.45,445.54,4973.45
2250,2024-06-05,10,589.0,1.0,吴芳,银卡,13803073905,创新显示器,松下,295.0,9,汽车用品,郑州仓库-13号,郑州区域,郑州区域,王经理,情人节特惠,0.7,货到付款,圆通快递,5,0.95,29.0,0.11,5890.0,2940.0,647.9,5624.5
2251,2024-06-06,1,599.0,0.8,张娟,金卡,13803086250,高端平板,华为,300.0,10,办公文具,北京仓库-1号,北京区域,北京区域,张经理,,,支付宝,顺丰速运,1,0.9,5.0,0.03,479.2,179.2,14.38,436.28
2252,2024-06-07,2,609.0,0.8500000000000001,李娟,钻石,13803098595,精品平板,苹果,305.0,11,珠宝饰品,深圳仓库-4号,深圳区域,深圳区域,刘经理,国庆特卖,0.8,微信支付,圆通快递,2,1.1,11.0,0.05,1035.3,425.3,51.77,1149.83
2253,2024-06-08,3,619.0,0.9,王娟,普通,13803110940,经典平板,小米,310.0,12,宠物用品,武汉仓库-7号,武汉区域,武汉区域,赵经理,新品首发,0.85,银行卡,中通快递,3,1.05,17.0,0.07,1671.3,741.3,116.99,1771.87
2254,2024-06-09,4,629.0,0.9500000000000001,刘娟,银卡,13803123285,时尚平板,三星,315.0,13,医疗保健,重庆仓库-10号,重庆区域,重庆区域,吴经理,会员专享,0.9,信用卡,韵达快递,4,1.0,23.0,0.09,2390.2,1130.2,215.12,2413.2
2255,2024-06-10,5,639.0,1.0,陈娟,金卡,13803135630,智能平板,联想,320.0,14,玩具乐器,郑州仓库-13号,郑州区域,郑州区域,王经理,限时秒杀,0.95,货到付款,申通快递,5,0.95,29.0,0.11,3195.0,1595.0,351.45,3064.25
2256,2024-06-11,6,649.0,0.8,杨娟,钻石,13803147975,便携平板,戴尔,325.0,15,生鲜果蔬,北京仓库-1号,北京区域,北京区域,张经理,,,支付宝,京东物流,1,0.9,5.0,0.03,3115.2,1165.2,93.46,2808.68
2257,2024-06-12,7,659.0,0.8500000000000001,赵娟,普通,13803160320,专业平板,索尼,330.0,16,箱包皮具,深圳仓库-4号,深圳区域,深圳区域,刘经理,618大促,0.55,微信支付,菜鸟驿站,2,1.1,11.0,0.05,3921.05,1611.05,196.05,4324.16
2258,2024-06-13,8,669.0,0.9,黄娟,银卡,13803172665,豪华平板,佳能,335.0,17,钟表眼镜,武汉仓库-7号,武汉区域,武汉区域,赵经理,年货节,0.6,银行卡,德邦快递,3,1.05,17.0,0.07,4816.8,2136.8,337.18,5074.64
2259,2024-06-14,9,679.0,0.9500000000000001,周娟,金卡,13803185010,简约平板,飞利浦,340.0,18,厨房用具,重庆仓库-10号,重庆区域,重庆区域,吴经理,开学季,0.65,信用卡,顺丰速运,4,1.0,23.0,0.09,5805.45,2745.45,522.49,5828.45
2260,2024-06-15,10,689.0,1.0,吴娟,钻石,13803197355,创新平板,松下,345.0,19,五金工具,郑州仓库-13号,郑州区域,郑州区域,王经理,情人节特惠,0.7,货到付款,圆通快递,5,0.95,29.0,0.11,6890.0,3440.0,757.9,6574.5
2261,2024-06-16,1,699.0,0.8,张敏,普通,13803209700,高端音箱,华为,350.0,0,数码电子,北京仓库-1号,北京区域,北京区域,张经理,,,支付宝,顺丰速运,1,0.9,5.0,0.03,559.2,209.2,16.78,508.28
2262,2024-06-17,2,709.0,0.8500000000000001,李敏,银卡,13803222045,精品音箱,苹果,355.0,1,家用电器,深圳仓库-4号,深圳区域,深圳区域,刘经理,618大促,0.55,微信支付,圆通快递,2,1.1,11.0,0.05,1205.3,495.3,60.27,1336.83
2263,2024-06-18,3,719.0,0.9,王敏,金卡,13803234390,经典音箱,小米,360.0,2,服装鞋帽,武汉仓库-7号,武汉区域,武汉区域,赵经理,年货节,0.6,银行卡,中通快递,3,1.05,17.0,0.07,1941.3,861.3,135.89,2055.36
2264,2024-06-19,4,729.0,0.9500000000000001,刘敏,钻石,13803246735,时尚音箱,三星,365.0,3,食品饮料,重庆仓库-10号,重庆区域,重庆区域,吴经理,开学季,0.65,信用卡,韵达快递,4,1.0,23.0,0.09,2770.2,1310.2,249.32,2793.2
2265,2024-06-20,5,739.0,1.0,陈敏,普通,13803259080,智能音箱,联想,370.0,4,美妆护肤,郑州仓库-13号,郑州区域,郑州区域,王经理,情人节特惠,0.7,货到付款,申通快递,5,0.95,29.0,0.11,3695.0,1845.0,406.45,3539.25
2266,2024-06-21,6,749.0,0.8,杨敏,银卡,13803271425,便携音箱,戴尔,375.0,5,家居日用,北京仓库-1号,北京区域,北京区域,张经理,,,支付宝,京东物流,1,0.9,5.0,0.03,3595.2,1345.2,107.86,3240.68
2267,2024-06-22,7,759.0,0.8500000000000001,赵敏,金卡,13803283770,专业音箱,索尼,380.0,6,运动户外,深圳仓库-4号,深圳区域,深圳区域,刘经理,国庆特卖,0.8,微信支付,菜鸟驿站,2,1.1,11.0,0.05,4516.05,1856.05,225.8,4978.66
2268,2024-06-23,8,769.0,0.9,黄敏,钻石,13803296115,豪华音箱,佳能,385.0,7,图书音像,武汉仓库-7号,武汉区域,武汉区域,赵经理,新品首发,0.85,银行卡,德邦快递,3,1.05,17.0,0.07,5536.8,2456.8,387.58,5830.64
2269,2024-06-24,9,779.0,0.9500000000000001,周敏,普通,13803308460,简约音箱,飞利浦,390.0,8,母婴用品,重庆仓库-10号,重庆区域,重庆区域,吴经理,会员专享,0.9,信用卡,顺丰速运,4,1.0,23.0,0.09,6660.45,3150.45,599.44,6683.45
2270,2024-06-25,10,789.0,1.0,吴敏,银卡,13803320805,创新音箱,松下,395.0,9,汽车用品,郑州仓库-13号,郑州区域,郑州区域,王经理,限时秒杀,0.95,货到付款,圆通快递,5,0.95,29.0,0.11,7890.0,3940.0,867.9,7524.5
2271,2024-06-26,1,799.0,0.8,张静,金卡,13803333150,高端手表,华为,400.0,10,办公文具,北京仓库-1号,北京区域,北京区域,张经理,,,支付宝,顺丰速运,1,0.9,5.0,0.03,639.2,239.2,19.18,580.28
2272,2024-06-27,2,809.0,0.8500000000000001,李静,钻石,13803345495,精品手表,苹果,405.0,11,珠宝饰品,深圳仓库-4号,深圳区域,深圳区域,刘经理,618大促,0.55,微信支付,圆通快递,2,1.1,11.0,0.05,1375.3,565.3,68.77,1523.83
2273,2024-06-28,3,819.0,0.9,王静,普通,13803357840,经典手表,小米,410.0,12,宠物用品,武汉仓库-7号,武汉区域,武汉区域,赵经理,年货节,0.6,银行卡,中通快递,3,1.05,17.0,0.07,2211.3,981.3,154.79,2338.87
2274,2024-06-28,4,829.0,0.9500000000000001,刘静,银卡,13803370185,时尚手表,三星,415.0,13,医疗保健,重庆仓库-10号,重庆区域,重庆区域,吴经理,开学季,0.65,信用卡,韵达快递,4,1.0,23.0,0.09,3150.2,1490.2,283.52,3173.2
2275,2024-06-28,5,839.0,1.0,陈静,金卡,13803382530,智能手表,联想,420.0,14,玩具乐器,郑州仓库-13号,郑州区域,郑州区域,王经理,情人节特惠,0.7,货到付款,申通快递,5,0.95,29.0,0.11,4195.0,2095.0,461.45,4014.25
2276,2024-07-01,6,849.0,0.8,杨静,钻石,13803394875,便携手表,戴尔,425.0,15,生鲜果蔬,北京仓库-1号,北京区域,北京区域,张经理,,,支付宝,京东物流,1,0.9,5.0,0.03,4075.2,1525.2,122.26,3672.68
2277,2024-07-02,7,859.0,0.8500000000000001,赵静,普通,13803407220,专业手表,索尼,430.0,16,箱包皮具,深圳仓库-4号,深圳区域,深圳区域,刘经理,618大促,0.55,微信支付,菜鸟驿站,2,1.1,11.0,0.05,5111.05,2101.05,255.55,5633.16
2278,2024-07-03,8,869.0,0.9,黄静,银卡,13803419565,豪华手表,佳能,435.0,17,钟表眼镜,武汉仓库-7号,武汉区域,武汉区域,赵经理,年货节,0.6,银行卡,德邦快递,3,1.05,17.0,0.07,6256.8,2776.8,437.98,6586.64
2279,2024-07-04,9,879.0,0.9500000000000001,周静,金卡,13803431910,简约手表,飞利浦,440.0,18,厨房用具,重庆仓库-10号,重庆区域,重庆区域,吴经理,开学季,0.65,信用卡,顺丰速运,4,1.0,23.0,0.09,7515.45,3555.45,676.39,7538.45
2280,2024-07-05,10,889.0,1.0,吴静,钻石,13803444255,创新手表,松下,445.0,19,五金工具,郑州仓库-13号,郑州区域,郑州区域,王经理,情人节特惠,0.7,货到付款,圆通快递,5,0.95,29.0,0.11,8890.0,4440.0,977.9,8474.5
2281,2024-07-06,1,899.0,0.8,张丽,普通,13803456600,高端相机,华为,450.0,0,数码电子,北京仓库-1号,北京区域,北京区域,张经理,,,支付宝,顺丰速运,1,0.9,5.0,0.03,719.2,269.2,21.58,652.28
2282,2024-07-07,2,909.0,0.8500000000000001,李丽,银卡,13803468945,精品相机,苹果,455.0,1,家用电器,深圳仓库-4号,深圳区域,深圳区域,刘经理,国庆特卖,0.8,微信支付,圆通快递,2,1.1,11.0,0.05,1545.3,635.3,77.27,1710.83
2283,2024-07-08,3,919.0,0.9,王丽,金卡,13803481290,经典相机,小米,460.0,2,服装鞋帽,武汉仓库-7号,武汉区域,武汉区域,赵经理,新品首发,0.85,银行卡,中通快递,3,1.05,17.0,0.07,2481.3,1101.3,173.69,2622.37
2284,2024-07-09,4,929.0,0.9500000000000001,刘丽,钻石,13803493635,时尚相机,三星,465.0,3,食品饮料,重庆仓库-10号,重庆区域,重庆区域,吴经理,会员专享,0.9,信用卡,韵达快递,4,1.0,23.0,0.09,3530.2,1670.2,317.72,3553.2
2285,2024-07-10,5,939.0,1.0,陈丽,普通,13803505980,智能相机,联想,470.0,4,美妆护肤,郑州仓库-13号,郑州区域,郑州区域,王经理,限时秒杀,0.95,货到付款,申通快递,5,0.95,29.0,0.11,4695.0,2345.0,516.45,4489.25
2286,2024-07-11,6,949.0,0.8,杨丽,银卡,13803518325,便携相机,戴尔,475.0,5,家居日用,北京仓库-1号,北京区域,北京区域,张经理,,,支付宝,京东物流,1,0.9,5.0,0.03,4555.2,1705.2,136.66,4104.68
2287,2024-07-12,7,959.0,0.8500000000000001,赵丽,金卡,13803530670,专业相机,索尼,480.0,6,运动户外,深圳仓库-4号,深圳区域,深圳区域,刘经理,618大促,0.55,微信支付,菜鸟驿站,2,1.1,11.0,0.05,5706.05,2346.05,285.3,6287.66
2288,2024-07-13,8,969.0,0.9,黄丽,钻石,13803543015,豪华相机,佳能,485.0,7,图书音像,武汉仓库-7号,武汉区域,武汉区域,赵经理,年货节,0.6,银行卡,德邦快递,3,1.05,17.0,0.07,6976.8,3096.8,488.38,7342.64
2289,2024-07-14,9,979.0,0.9500000000000001,周丽,普通,13803555360,简约相机,飞利浦,490.0,8,母婴用品,重庆仓库-10号,重庆区域,重庆区域,吴经理,开学季,0.65,信用卡,顺丰速运,4,1.0,23.0,0.09,8370.45,3960.45,753.34,8393.45
2290,2024-07-15,10,989.0,1.0,吴丽,银卡,13803567705,创新相机,松下,495.0,9,汽车用品,郑州仓库-13号,郑州区域,郑州区域,王经理,情人节特惠,0.7,货到付款,圆通快递,5,0.95,29.0,0.11,9890.0,4940.0,1087.9,9424.5
2291,2024-07-16,1,999.0,0.8,张勇,金卡,13803580050,高端充电器,华为,500.0,10,办公文具,北京仓库-1号,北京区域,北京区域,张经理,,,支付宝,顺丰速运,1,0.9,5.0,0.03,799.2,299.2,23.98,724.28
2292,2024-07-17,2,1009.0,0.8500000000000001,李勇,钻石,13803592395,精品充电器,苹果,505.0,11,珠宝饰品,深圳仓库-4号,深圳区域,深圳区域,刘经理,618大促,0.55,微信支付,圆通快递,2,1.1,11.0,0.05,1715.3,705.3,85.77,1897.83
2293,2024-07-18,3,1019.0,0.9,王勇,普通,13803604740,经典充电器,小米,510.0,12,宠物用品,武汉仓库-7号,武汉区域,武汉区域,赵经理,年货节,0.6,银行卡,中通快递,3,1.05,17.0,0.07,2751.3,1221.3,192.59,2905.87
2294,2024-07-19,4,1029.0,0.9500000000000001,刘勇,银卡,13803617085,时尚充电器,三星,515.0,13,医疗保健,重庆仓库-10号,重庆区域,重庆区域,吴经理,开学季,0.65,信用卡,韵达快递,4,1.0,23.0,0.09,3910.2,1850.2,351.92,3933.2
2295,2024-07-20,5,1039.0,1.0,陈勇,金卡,13803629430,智能充电器,联想,520.0,14,玩具乐器,郑州仓库-13号,郑州区域,郑州区域,王经理,情人节特惠,0.7,货到付款,申通快递,5,0.95,29.0,0.11,5195.0,2595.0,571.45,4964.25
2296,2024-07-21,6,1049.0,0.8,杨勇,钻石,13803641775,便携充电器,戴尔,525.0,15,生鲜果蔬,北京仓库-1号,北京区域,北京区域,张经理,,,支付宝,京东物流,1,0.9,5.0,0.03,5035.2,1885.2,151.06,4536.68
2297,2024-07-22,7,1059.0,0.8500000000000001,赵勇,普通,13803654120,专业充电器,索尼,530.0,16,箱包皮具,深圳仓库-4号,深圳区域,深圳区域,刘经理,国庆特卖,0.8,微信支付,菜鸟驿站,2,1.1,11.0,0.05,6301.05,2591.05,315.05,6942.16
2298,2024-07-23,8,1069.0,0.9,黄勇,银卡,13803666465,豪华充电器,佳能,535.0,17,钟表眼镜,武汉仓库-7号,武汉区域,武汉区域,赵经理,新品首发,0.85,银行卡,德邦快递,3,1.05,17.0,0.07,7696.8,3416.8,538.78,8098.64
2299,2024-07-24,9,1079.0,0.9500000000000001,周勇,金卡,13803678810,简约充电器,飞利浦,540.0,18,厨房用具,重庆仓库-10号,重庆区域,重庆区域,吴经理,会员专享,0.9,信用卡,顺丰速运,4,1.0,23.0,0.09,9225.45,4365.45,830.29,9248.45
2300,2024-07-25,10,1089.0,1.0,吴勇,钻石,13803691155,创新充电器,松下,545.0,19,五金工具,郑州仓库-13号,郑州区域,郑州区域,王经理,限时秒杀,0.95,货到付款,圆通快递,5,0.95,29.0,0.11,10890.0,5440.0,1197.9,10374.5
2301,2024-07-26,1,1099.0,0.8,张明,普通,13803703500,高端手机,华为,550.0,0,数码电子,北京仓库-1号,北京区域,北京区域,张经理,,,支付宝,顺丰速运,1,0.9,5.0,0.03,879.2,329.2,26.38,796.28
2302,2024-07-27,2,1109.0,0.8500000000000001,李明,银卡,13803715845,精品手机,苹果,555.0,1,家用电器,深圳仓库-4号,深圳区域,深圳区域,刘经理,618大促,0.55,微信支付,圆通快递,2,1.1,11.0,0.05,1885.3,775.3,94.27,2084.83
2303,2024-07-28,3,1119.0,0.9,王明,金卡,13803728190,经典手机,小米,560.0,2,服装鞋帽,武汉仓库-7号,武汉区域,武汉区域,赵经理,年货节,0.6,银行卡,中通快递,3,1.05,17.0,0.07,3021.3,1341.3,211.49,3189.37
2304,2024-07-28,4,1129.0,0.9500000000000001,刘明,钻石,13803740535,时尚手机,三星,565.0,3,食品饮料,重庆仓库-10号,重庆区域,重庆区域,吴经理,开学季,0.65,信用卡,韵达快递,4,1.0,23.0,0.09,4290.2,2030.2,386.12,4313.2
2305,2024-07-28,5,1139.0,1.0,陈明,普通,13803752880,智能手机,联想,570.0,4,美妆护肤,郑州仓库-13号,郑州区域,郑州区域,王经理,情人节特惠,0.7,货到付款,申通快递,5,0.95,29.0,0.11,5695.0,2845.0,626.45,5439.25
2306,2024-08-01,6,1149.0,0.8,杨明,银卡,13803765225,便携手机,戴尔,575.0,5,家居日用,北京仓库-1号,北京区域,北京区域,张经理,,,支付宝,京东物流,1,0.9,5.0,0.03,5515.2,2065.2,165.46,4968.68
2307,2024-08-02,7,1159.0,0.8500000000000001,赵明,金卡,13803777570,专业手机,索尼,580.0,6,运动户外,深圳仓库-4号,深圳区域,深圳区域,刘经理,618大促,0.55,微信支付,菜鸟驿站,2,1.1,11.0,0.05,6896.05,2836.05,344.8,7596.66
2308,2024-08-03,8,1169.0,0.9,黄明,钻石,13803789915,豪华手机,佳能,585.0,7,图书音像,武汉仓库-7号,武汉区域,武汉区域,赵经理,年货节,0.6,银行卡,德邦快递,3,1.05,17.0,0.07,8416.8,3736.8,589.18,8854.64
2309,2024-08-04,9,1179.0,0.9500000000000001,周明,普通,13803802260,简约手机,飞利浦,590.0,8,母婴用品,重庆仓库-10号,重庆区域,重庆区域,吴经理,开学季,0.65,信用卡,顺丰速运,4,1.0,23.0,0.09,10080.45,4770.45,907.24,10103.45
2310,2024-08-05,10,1189.0,1.0,吴明,银卡,13803814605,创新手机,松下,595.0,9,汽车用品,郑州仓库-13号,郑州区域,郑州区域,王经理,情人节特惠,0.7,货到付款,圆通快递,5,0.95,29.0,0.11,11890.0,5940.0,1307.9,11324.5
2311,2024-08-06,1,1199.0,0.8,张华,金卡,13803826950,高端电脑,华为,600.0,10,办公文具,北京仓库-1号,北京区域,北京区域,张经理,,,支付宝,顺丰速运,1,0.9,5.0,0.03,959.2,359.2,28.78,868.28
2312,2024-08-07,2,1209.0,0.8500000000000001,李华,钻石,13803839295,精品电脑,苹果,605.0,11,珠宝饰品,深圳仓库-4号,深圳区域,深圳区域,刘经理,国庆特卖,0.8,微信支付,圆通快递,2,1.1,11.0,0.05,2055.3,845.3,102.77,2271.83
2313,2024-08-08,3,1219.0,0.9,王华,普通,13803851640,经典电脑,小米,610.0,12,宠物用品,武汉仓库-7号,武汉区域,武汉区域,赵经理,新品首发,0.85,银行卡,中通快递,3,1.05,17.0,0.07,3291.3,1461.3,230.39,3472.87
2314,2024-08-09,4,1229.0,0.9500000000000001,刘华,银卡,13803863985,时尚电脑,三星,615.0,13,医疗保健,重庆仓库-10号,重庆区域,重庆区域,吴经理,会员专享,0.9,信用卡,韵达快递,4,1.0,23.0,0.09,4670.2,2210.2,420.32,4693.2
2315,2024-08-10,5,1239.0,1.0,陈华,金卡,13803876330,智能电脑,联想,620.0,14,玩具乐器,郑州仓库-13号,郑州区域,郑州区域,王经理,限时秒杀,0.95,货到付款,申通快递,5,0.95,29.0,0.11,6195.0,3095.0,681.45,5914.25
2316,2024-08-11,6,1249.0,0.8,杨华,钻石,13803888675,便携电脑,戴尔,625.0,15,生鲜果蔬,北京仓库-1号,北京区域,北京区域,张经理,,,支付宝,京东物流,1,0.9,5.0,0.03,5995.2,2245.2,179.86,5400.68
2317,2024-08-12,7,1259.0,0.8500000000000001,赵华,普通,13803901020,专业电脑,索尼,630.0,16,箱包皮具,深圳仓库-4号,深圳区域,深圳区域,刘经理,618大促,0.55,微信支付,菜鸟驿站,2,1.1,11.0,0.05,7491.05,3081.05,374.55,8251.16
2318,2024-08-13,8,1269.0,0.9,黄华,银卡,13803913365,豪华电脑,佳能,635.0,17,钟表眼镜,武汉仓库-7号,武汉区域,武汉区域,赵经理,年货节,0.6,银行卡,德邦快递,3,1.05,17.0,0.07,9136.8,4056.8,639.58,9610.64
2319,2024-08-14,9,1279.0,0.9500000000000001,周华,金卡,13803925710,简约电脑,飞利浦,640.0,18,厨房用具,重庆仓库-10号,重庆区域,重庆区域,吴经理,开学季,0.65,信用卡,顺丰速运,4,1.0,23.0,0.09,10935.45,5175.45,984.19,10958.45
2320,2024-08-15,10,1289.0,1.0,吴华,钻石,13803938055,创新电脑,松下,645.0,19,五金工具,郑州仓库-13号,郑州区域,郑州区域,王经理,情人节特惠,0.7,货到付款,圆通快递,5,0.95,29.0,0.11,12890.0,6440.0,1417.9,12274.5
2321,2024-08-16,1,1299.0,0.8,张强,普通,13803950400,高端耳机,华为,650.0,0,数码电子,北京仓库-1号,北京区域,北京区域,张经理,,,支付宝,顺丰速运,1,0.9,5.0,0.03,1039.2,389.2,31.18,940.28
2322,2024-08-17,2,1309.0,0.8500000000000001,李强,银卡,13803962745,精品耳机,苹果,655.0,1,家用电器,深圳仓库-4号,深圳区域,深圳区域,刘经理,618大促,0.55,微信支付,圆通快递,2,1.1,11.0,0.05,2225.3,915.3,111.27,2458.83
2323,2024-08-18,3,1319.0,0.9,王强,金卡,13803975090,经典耳机,小米,660.0,2,服装鞋帽,武汉仓库-7号,武汉区域,武汉区域,赵经理,年货节,0.6,银行卡,中通快递,3,1.05,17.0,0.07,3561.3,1581.3,249.29,3756.37
2324,2024-08-19,4,1329.0,0.9500000000000001,刘强,钻石,13803987435,时尚耳机,三星,665.0,3,食品饮料,重庆仓库-10号,重庆区域,重庆区域,吴经理,开学季,0.65,信用卡,韵达快递,4,1.0,23.0,0.09,5050.2,2390.2,454.52,5073.2
2325,2024-08-20,5,1339.0,1.0,陈强,普通,13803999780,智能耳机,联想,670.0,4,美妆护肤,郑州仓库-13号,郑州区域,郑州区域,王经理,情人节特惠,0.7,货到付款,申通快递,5,0.95,29.0,0.11,6695.0,3345.0,736.45,6389.25
2326,2024-08-21,6,1349.0,0.8,杨强,银卡,13804012125,便携耳机,戴尔,675.0,5,家居日用,北京仓库-1号,北京区域,北京区域,张经理,,,支付宝,京东物流,1,0.9,5.0,0.03,6475.2,2425.2,194.26,5832.68
2327,2024-08-22,7,1359.0,0.8500000000000001,赵强,金卡,13804024470,专业耳机,索尼,680.0,6,运动户外,深圳仓库-4号,深圳区域,深圳区域,刘经理,国庆特卖,0.8,微信支付,菜鸟驿站,2,1.1,11.0,0.05,8086.05,3326.05,404.3,8905.66
2328,2024-08-23,8,1369.0,0.9,黄强,钻石,13804036815,豪华耳机,佳能,685.0,7,图书音像,武汉仓库-7号,武汉区域,武汉区域,赵经理,新品首发,0.85,银行卡,德邦快递,3,1.05,17.0,0.07,9856.8,4376.8,689.98,10366.64
2329,2024-08-24,9,1379.0,0.9500000000000001,周强,普通,13804049160,简约耳机,飞利浦,690.0,8,母婴用品,重庆仓库-10号,重庆区域,重庆区域,吴经理,会员专享,0.9,信用卡,顺丰速运,4,1.0,23.0,0.09,11790.45,5580.45,1061.14,11813.45
2330,2024-08-25,10,1389.0,1.0,吴强,银卡,13804061505,创新耳机,松下,695.0,9,汽车用品,郑州仓库-13号,郑州区域,郑州区域,王经理,限时秒杀,0.95,货到付款,圆通快递,5,0.95,29.0,0.11,13890.0,6940.0,1527.9,13224.5
2331,2024-08-26,1,1399.0,0.8,张伟,金卡,13804073850,高端键盘,华为,700.0,10,办公文具,北京仓库-1号,北京区域,北京区域,张经理,,,支付宝,顺丰速运,1,0.9,5.0,0.03,1119.2,419.2,33.58,1012.28
2332,2024-08-27,2,1409.0,0.8500000000000001,李伟,钻石,13804086195,精品键盘,苹果,705.0,11,珠宝饰品,深圳仓库-4号,深圳区域,深圳区域,刘经理,618大促,0.55,微信支付,圆通快递,2,1.1,11.0,0.05,2395.3,985.3,119.77,2645.83
2333,2024-08-28,3,1419.0,0.9,王伟,普通,13804098540,经典键盘,小米,710.0,12,宠物用品,武汉仓库-7号,武汉区域,武汉区域,赵经理,年货节,0.6,银行卡,中通快递,3,1.05,17.0,0.07,3831.3,1701.3,268.19,4039.87
2334,2024-08-28,4,1429.0,0.9500000000000001,刘伟,银卡,13804110885,时尚键盘,三星,715.0,13,医疗保健,重庆仓库-10号,重庆区域,重庆区域,吴经理,开学季,0.65,信用卡,韵达快递,4,1.0,23.0,0.09,5430.2,2570.2,488.72,5453.2
2335,2024-08-28,5,1439.0,1.0,陈伟,金卡,13804123230,智能键盘,联想,720.0,14,玩具乐器,郑州仓库-13号,郑州区域,郑州区域,王经理,情人节特惠,0.7,货到付款,申通快递,5,0.95,29.0,0.11,7195.0,3595.0,791.45,6864.25
2336,2024-09-01,6,1449.0,0.8,杨伟,钻石,13804135575,便携键盘,戴尔,725.0,15,生鲜果蔬,北京仓库-1号,北京区域,北京区域,张经理,,,支付宝,京东物流,1,0.9,5.0,0.03,6955.2,2605.2,208.66,6264.68
2337,2024-09-02,7,1459.0,0.8500000000000001,赵伟,普通,13804147920,专业键盘,索尼,730.0,16,箱包皮具,深圳仓库-4号,深圳区域,深圳区域,刘经理,618大促,0.55,微信支付,菜鸟驿站,2,1.1,11.0,0.05,8681.05,3571.05,434.05,9560.16
2338,2024-09-03,8,1469.0,0.9,黄伟,银卡,13804160265,豪华键盘,佳能,735.0,17,钟表眼镜,武汉仓库-7号,武汉区域,武汉区域,赵经理,年货节,0.6,银行卡,德邦快递,3,1.05,17.0,0.07,10576.8,4696.8,740.38,11122.64
2339,2024-09-04,9,1479.0,0.9500000000000001,周伟,金卡,13804172610,简约键盘,飞利浦,740.0,18,厨房用具,重庆仓库-10号,重庆区域,重庆区域,吴经理,开学季,0.65,信用卡,顺丰速运,4,1.0,23.0,0.09,12645.45,5985.45,1138.09,12668.45
2340,2024-09-05,10,1489.0,1.0,吴伟,钻石,13804184955,创新键盘,松下,745.0,19,五金工具,郑州仓库-13号,郑州区域,郑州区域,王经理,情人节特惠,0.7,货到付款,圆通快递,5,0.95,29.0,0.11,14890.0,7440.0,1637.9,14174.5
2341,2024-09-06,1,1499.0,0.8,张芳,普通,13804197300,高端显示器,华为,750.0,0,数码电子,北京仓库-1号,北京区域,北京区域,张经理,,,支付宝,顺丰速运,1,0.9,5.0,0.03,1199.2,449.2,35.98,1084.28
2342,2024-09-07,2,1509.0,0.8500000000000001,李芳,银卡,13804209645,精品显示器,苹果,755.0,1,家用电器,深圳仓库-4号,深圳区域,深圳区域,刘经理,国庆特卖,0.8,微信支付,圆通快递,2,1.1,11.0,0.05,2565.3,1055.3,128.27,2832.83
2343,2024-09-08,3,1519.0,0.9,王芳,金卡,13804221990,经典显示器,小米,760.0,2,服装鞋帽,武汉仓库-7号,武汉区域,武汉区域,赵经理,新品首发,0.85,银行卡,中通快递,3,1.05,17.0,0.07,4101.3,1821.3,287.09,4323.37
2344,2024-09-09,4,1529.0,0.9500000000000001,刘芳,钻石,13804234335,时尚显示器,三星,765.0,3,食品饮料,重庆仓库-10号,重庆区域,重庆区域,吴经理,会员专享,0.9,信用卡,韵达快递,4,1.0,23.0,0.09,5810.2,2750.2,522.92,5833.2
2345,2024-09-10,5,1539.0,1.0,陈芳,普通,13804246680,智能显示器,联想,770.0,4,美妆护肤,郑州仓库-13号,郑州区域,郑州区域,王经理,限时秒杀,0.95,货到付款,申通快递,5,0.95,29.0,0.11,7695.0,3845.0,846.45,7339.25
2346,2024-09-11,6,1549.0,0.8,杨芳,银卡,13804259025,便携显示器,戴尔,775.0,5,家居日用,北京仓库-1号,北京区域,北京区域,张经理,,,支付宝,京东物流,1,0.9,5.0,0.03,7435.2,2785.2,223.06,6696.68
2347,2024-09-12,7,1559.0,0.8500000000000001,赵芳,金卡,13804271370,专业显示器,索尼,780.0,6,运动户外,深圳仓库-4号,深圳区域,深圳区域,刘经理,618大促,0.55,微信支付,菜鸟驿站,2,1.1,11.0,0.05,9276.05,3816.05,463.8,10214.66
2348,2024-09-13,8,1569.0,0.9,黄芳,钻石,13804283715,豪华显示器,佳能,785.0,7,图书音像,武汉仓库-7号,武汉区域,武汉区域,赵经理,年货节,0.6,银行卡,德邦快递,3,1.05,17.0,0.07,11296.8,5016.8,790.78,11878.64
2349,2024-09-14,9,1579.0,0.9500000000000001,周芳,普通,13804296060,简约显示器,飞利浦,790.0,8,母婴用品,重庆仓库-10号,重庆区域,重庆区域,吴经理,开学季,0.65,信用卡,顺丰速运,4,1.0,23.0,0.09,13500.45,6390.45,1215.04,13523.45
2350,2024-09-15,10,1589.0,1.0,吴芳,银卡,13804308405,创新显示器,松下,795.0,9,汽车用品,郑州仓库-13号,郑州区域,郑州区域,王经理,情人节特惠,0.7,货到付款,圆通快递,5,0.95,29.0,0.11,15890.0,7940.0,1747.9,15124.5
2351,2024-09-16,1,1599.0,0.8,张娟,金卡,13804320750,高端平板,华为,800.0,10,办公文具,北京仓库-1号,北京区域,北京区域,张经理,,,支付宝,顺丰速运,1,0.9,5.0,0.03,1279.2,479.2,38.38,1156.28
2352,2024-09-17,2,1609.0,0.8500000000000001,李娟,钻石,13804333095,精品平板,苹果,805.0,11,珠宝饰品,深圳仓库-4号,深圳区域,深圳区域,刘经理,618大促,0.55,微信支付,圆通快递,2,1.1,11.0,0.05,2735.3,1125.3,136.77,3019.83
2353,2024-09-18,3,1619.0,0.9,王娟,普通,13804345440,经典平板,小米,810.0,12,宠物用品,武汉仓库-7号,武汉区域,武汉区域,赵经理,年货节,0.6,银行卡,中通快递,3,1.05,17.0,0.07,4371.3,1941.3,305.99,4606.87
2354,2024-09-19,4,1629.0,0.9500000000000001,刘娟,银卡,13804357785,时尚平板,三星,815.0,13,医疗保健,重庆仓库-10号,重庆区域,重庆区域,吴经理,开学季,0.65,信用卡,韵达快递,4,1.0,23.0,0.09,6190.2,2930.2,557.12,6213.2
2355,2024-09-20,5,1639.0,1.0,陈娟,金卡,13804370130,智能平板,联想,820.0,14,玩具乐器,郑州仓库-13号,郑州区域,郑州区域,王经理,情人节特惠,0.7,货到付款,申通快递,5,0.95,29.0,0.11,8195.0,4095.0,901.45,7814.25
2356,2024-09-21,6,1649.0,0.8,杨娟,钻石,13804382475,便携平板,戴尔,825.0,15,生鲜果蔬,北京仓库-1号,北京区域,北京区域,张经理,,,支付宝,京东物流,1,0.9,5.0,0.03,7915.2,2965.2,237.46,7128.68
2357,2024-09-22,7,1659.0,0.8500000000000001,赵娟,普通,13804394820,专业平板,索尼,830.0,16,箱包皮具,深圳仓库-4号,深圳区域,深圳区域,刘经理,国庆特卖,0.8,微信支付,菜鸟驿站,2,1.1,11.0,0.05,9871.05,4061.05,493.55,10869.16
2358,2024-09-23,8,1669.0,0.9,黄娟,银卡,13804407165,豪华平板,佳能,835.0,17,钟表眼镜,武汉仓库-7号,武汉区域,武汉区域,赵经理,新品首发,0.85,银行卡,德邦快递,3,1.05,17.0,0.07,12016.8,5336.8,841.18,12634.64
2359,2024-09-24,9,1679.0,0.9500000000000001,周娟,金卡,13804419510,简约平板,飞利浦,840.0,18,厨房用具,重庆仓库-10号,重庆区域,重庆区域,吴经理,会员专享,0.9,信用卡,顺丰速运,4,1.0,23.0,0.09,14355.45,6795.45,1291.99,14378.45
2360,2024-09-25,10,1689.0,1.0,吴娟,钻石,13804431855,创新平板,松下,845.0,19,五金工具,郑州仓库-13号,郑州区域,郑州区域,王经理,限时秒杀,0.95,货到付款,圆通快递,5,0.95,29.0,0.11,16890.0,8440.0,1857.9,16074.5
2361,2024-09-26,1,1699.0,0.8,张敏,普通,13804444200,高端音箱,华为,850.0,0,数码电子,北京仓库-1号,北京区域,北京区域,张经理,,,支付宝,顺丰速运,1,0.9,5.0,0.03,1359.2,509.2,40.78,1228.28
2362,2024-09-27,2,1709.0,0.8500000000000001,李敏,银卡,13804456545,精品音箱,苹果,855.0,1,家用电器,深圳仓库-4号,深圳区域,深圳区域,刘经理,618大促,0.55,微信支付,圆通快递,2,1.1,11.0,0.05,2905.3,1195.3,145.27,3206.83
2363,2024-09-28,3,1719.0,0.9,王敏,金卡,13804468890,经典音箱,小米,860.0,2,服装鞋帽,武汉仓库-7号,武汉区域,武汉区域,赵经理,年货节,0.6,银行卡,中通快递,3,1.05,17.0,0.07,4641.3,2061.3,324.89,4890.37
2364,2024-09-28,4,1729.0,0.9500000000000001,刘敏,钻石,13804481235,时尚音箱,三星,865.0,3,食品饮料,重庆仓库-10号,重庆区域,重庆区域,吴经理,开学季,0.65,信用卡,韵达快递,4,1.0,23.0,0.09,6570.2,3110.2,591.32,6593.2
2365,2024-09-28,5,1739.0,1.0,陈敏,普通,13804493580,智能音箱,联想,870.0,4,美妆护肤,郑州仓库-13号,郑州区域,郑州区域,王经理,情人节特惠,0.7,货到付款,申通快递,5,0.95,29.0,0.11,8695.0,4345.0,956.45,8289.25
2366,2024-10-01,6,1749.0,0.8,杨敏,银卡,13804505925,便携音箱,戴尔,875.0,5,家居日用,北京仓库-1号,北京区域,北京区域,张经理,,,支付宝,京东物流,1,0.9,5.0,0.03,8395.2,3145.2,251.86,7560.68
2367,2024-10-02,7,1759.0,0.8500000000000001,赵敏,金卡,13804518270,专业音箱,索尼,880.0,6,运动户外,深圳仓库-4号,深圳区域,深圳区域,刘经理,618大促,0.55,微信支付,菜鸟驿站,2,1.1,11.0,0.05,10466.05,4306.05,523.3,11523.66
2368,2024-10-03,8,1769.0,0.9,黄敏,钻石,13804530615,豪华音箱,佳能,885.0,7,图书音像,武汉仓库-7号,武汉区域,武汉区域,赵经理,年货节,0.6,银行卡,德邦快递,3,1.05,17.0,0.07,12736.8,5656.8,891.58,13390.64
2369,2024-10-04,9,1779.0,0.9500000000000001,周敏,普通,13804542960,简约音箱,飞利浦,890.0,8,母婴用品,重庆仓库-10号,重庆区域,重庆区域,吴经理,开学季,0.65,信用卡,顺丰速运,4,1.0,23.0,0.09,15210.45,7200.45,1368.94,15233.45
2370,2024-10-05,10,1789.0,1.0,吴敏,银卡,13804555305,创新音箱,松下,895.0,9,汽车用品,郑州仓库-13号,郑州区域,郑州区域,王经理,情人节特惠,0.7,货到付款,圆通快递,5,0.95,29.0,0.11,17890.0,8940.0,1967.9,17024.5
2371,2024-10-06,1,1799.0,0.8,张静,金卡,13804567650,高端手表,华为,900.0,10,办公文具,北京仓库-1号,北京区域,北京区域,张经理,,,支付宝,顺丰速运,1,0.9,5.0,0.03,1439.2,539.2,43.18,1300.28
2372,2024-10-07,2,1809.0,0.8500000000000001,李静,钻石,13804579995,精品手表,苹果,905.0,11,珠宝饰品,深圳仓库-4号,深圳区域,深圳区域,刘经理,国庆特卖,0.8,微信支付,圆通快递,2,1.1,11.0,0.05,3075.3,1265.3,153.77,3393.83
2373,2024-10-08,3,1819.0,0.9,王静,普通,13804592340,经典手表,小米,910.0,12,宠物用品,武汉仓库-7号,武汉区域,武汉区域,赵经理,新品首发,0.85,银行卡,中通快递,3,1.05,17.0,0.07,4911.3,2181.3,343.79,5173.87
2374,2024-10-09,4,1829.0,0.9500000000000001,刘静,银卡,13804604685,时尚手表,三星,915.0,13,医疗保健,重庆仓库-10号,重庆区域,重庆区域,吴经理,会员专享,0.9,信用卡,韵达快递,4,1.0,23.0,0.09,6950.2,3290.2,625.52,6973.2
2375,2024-10-10,5,1839.0,1.0,陈静,金卡,13804617030,智能手表,联想,920.0,14,玩具乐器,郑州仓库-13号,郑州区域,郑州区域,王经理,限时秒杀,0.95,货到付款,申通快递,5,0.95,29.0,0.11,9195.0,4595.0,1011.45,8764.25
2376,2024-10-11,6,1849.0,0.8,杨静,钻石,13804629375,便携手表,戴尔,925.0,15,生鲜果蔬,北京仓库-1号,北京区域,北京区域,张经理,,,支付宝,京东物流,1,0.9,5.0,0.03,8875.2,3325.2,266.26,7992.68
2377,2024-10-12,7,1859.0,0.8500000000000001,赵静,普通,13804641720,专业手表,索尼,930.0,16,箱包皮具,深圳仓库-4号,深圳区域,深圳区域,刘经理,618大促,0.55,微信支付,菜鸟驿站,2,1.1,11.0,0.05,11061.05,4551.05,553.05,12178.16
2378,2024-10-13,8,1869.0,0.9,黄静,银卡,13804654065,豪华手表,佳能,935.0,17,钟表眼镜,武汉仓库-7号,武汉区域,武汉区域,赵经理,年货节,0.6,银行卡,德邦快递,3,1.05,17.0,0.07,13456.8,5976.8,941.98,14146.64
2379,2024-10-14,9,1879.0,0.9500000000000001,周静,金卡,13804666410,简约手表,飞利浦,940.0,18,厨房用具,重庆仓库-10号,重庆区域,重庆区域,吴经理,开学季,0.65,信用卡,顺丰速运,4,1.0,23.0,0.09,16065.45,7605.45,1445.89,16088.45
2380,2024-10-15,10,1889.0,1.0,吴静,钻石,13804678755,创新手表,松下,945.0,19,五金工具,郑州仓库-13号,郑州区域,郑州区域,王经理,情人节特惠,0.7,货到付款,圆通快递,5,0.95,29.0,0.11,18890.0,9440.0,2077.9,17974.5
2381,2024-10-16,1,1899.0,0.8,张丽,普通,13804691100,高端相机,华为,950.0,0,数码电子,北京仓库-1号,北京区域,北京区域,张经理,,,支付宝,顺丰速运,1,0.9,5.0,0.03,1519.2,569.2,45.58,1372.28
2382,2024-10-17,2,1909.0,0.8500000000000001,李丽,银卡,13804703445,精品相机,苹果,955.0,1,家用电器,深圳仓库-4号,深圳区域,深圳区域,刘经理,618大促,0.55,微信支付,圆通快递,2,1.1,11.0,0.05,3245.3,1335.3,162.27,3580.83
2383,2024-10-18,3,1919.0,0.9,王丽,金卡,13804715790,经典相机,小米,960.0,2,服装鞋帽,武汉仓库-7号,武汉区域,武汉区域,赵经理,年货节,0.6,银行卡,中通快递,3,1.05,17.0,0.07,5181.3,2301.3,362.69,5457.37
2384,2024-10-19,4,1929.0,0.9500000000000001,刘丽,钻石,13804728135,时尚相机,三星,965.0,3,食品饮料,重庆仓库-10号,重庆区域,重庆区域,吴经理,开学季,0.65,信用卡,韵达快递,4,1.0,23.0,0.09,7330.2,3470.2,659.72,7353.2
2385,2024-10-20,5,1939.0,1.0,陈丽,普通,13804740480,智能相机,联想,970.0,4,美妆护肤,郑州仓库-13号,郑州区域,郑州区域,王经理,情人节特惠,0.7,货到付款,申通快递,5,0.95,29.0,0.11,9695.0,4845.0,1066.45,9239.25
2386,2024-10-21,6,1949.0,0.8,杨丽,银卡,13804752825,便携相机,戴尔,975.0,5,家居日用,北京仓库-1号,北京区域,北京区域,张经理,,,支付宝,京东物流,1,0.9,5.0,0.03,9355.2,3505.2,280.66,8424.68
2387,2024-10-22,7,1959.0,0.8500000000000001,赵丽,金卡,13804765170,专业相机,索尼,980.0,6,运动户外,深圳仓库-4号,深圳区域,深圳区域,刘经理,国庆特卖,0.8,微信支付,菜鸟驿站,2,1.1,11.0,0.05,11656.05,4796.05,582.8,12832.66
2388,2024-10-23,8,1969.0,0.9,黄丽,钻石,13804777515,豪华相机,佳能,985.0,7,图书音像,武汉仓库-7号,武汉区域,武汉区域,赵经理,新品首发,0.85,银行卡,德邦快递,3,1.05,17.0,0.07,14176.8,6296.8,992.38,14902.64
2389,2024-10-24,9,1979.0,0.9500000000000001,周丽,普通,13804789860,简约相机,飞利浦,990.0,8,母婴用品,重庆仓库-10号,重庆区域,重庆区域,吴经理,会员专享,0.9,信用卡,顺丰速运,4,1.0,23.0,0.09,16920.45,8010.45,1522.84,16943.45
2390,2024-10-25,10,1989.0,1.0,吴丽,银卡,13804802205,创新相机,松下,995.0,9,汽车用品,郑州仓库-13号,郑州区域,郑州区域,王经理,限时秒杀,0.95,货到付款,圆通快递,5,0.95,29.0,0.11,19890.0,9940.0,2187.9,18924.5
2391,2024-10-26,1,1999.0,0.8,张勇,金卡,13804814550,高端充电器,华为,1000.0,10,办公文具,北京仓库-1号,北京区域,北京区域,张经理,,,支付宝,顺丰速运,1,0.9,5.0,0.03,1599.2,599.2,47.98,1444.28
2392,2024-10-27,2,2009.0,0.8500000000000001,李勇,钻石,13804826895,精品充电器,苹果,1005.0,11,珠宝饰品,深圳仓库-4号,深圳区域,深圳区域,刘经理,618大促,0.55,微信支付,圆通快递,2,1.1,11.0,0.05,3415.3,1405.3,170.77,3767.83
2393,2024-10-28,3,2019.0,0.9,王勇,普通,13804839240,经典充电器,小米,1010.0,12,宠物用品,武汉仓库-7号,武汉区域,武汉区域,赵经理,年货节,0.6,银行卡,中通快递,3,1.05,17.0,0.07,5451.3,2421.3,381.59,5740.87
2394,2024-10-28,4,2029.0,0.9500000000000001,刘勇,银卡,13804851585,时尚充电器,三星,1015.0,13,医疗保健,重庆仓库-10号,重庆区域,重庆区域,吴经理,开学季,0.65,信用卡,韵达快递,4,1.0,23.0,0.09,7710.2,3650.2,693.92,7733.2
2395,2024-10-28,5,2039.0,1.0,陈勇,金卡,13804863930,智能充电器,联想,1020.0,14,玩具乐器,郑州仓库-13号,郑州区域,郑州区域,王经理,情人节特惠,0.7,货到付款,申通快递,5,0.95,29.0,0.11,10195.0,5095.0,1121.45,9714.25
2396,2024-11-01,6,2049.0,0.8,杨勇,钻石,13804876275,便携充电器,戴尔,1025.0,15,生鲜果蔬,北京仓库-1号,北京区域,北京区域,张经理,,,支付宝,京东物流,1,0.9,5.0,0.03,9835.2,3685.2,295.06,8856.68
2397,2024-11-02,7,2059.0,0.8500000000000001,赵勇,普通,13804888620,专业充电器,索尼,1030.0,16,箱包皮具,深圳仓库-4号,深圳区域,深圳区域,刘经理,618大促,0.55,微信支付,菜鸟驿站,2,1.1,11.0,0.05,12251.05,5041.05,612.55,13487.16
2398,2024-11-03,8,2069.0,0.9,黄勇,银卡,13804900965,豪华充电器,佳能,1035.0,17,钟表眼镜,武汉仓库-7号,武汉区域,武汉区域,赵经理,年货节,0.6,银行卡,德邦快递,3,1.05,17.0,0.07,14896.8,6616.8,1042.78,15658.64
2399,2024-11-04,9,2079.0,0.9500000000000001,周勇,金卡,13804913310,简约充电器,飞利浦,1040.0,18,厨房用具,重庆仓库-10号,重庆区域,重庆区域,吴经理,开学季,0.65,信用卡,顺丰速运,4,1.0,23.0,0.09,17775.45,8415.45,1599.79,17798.45
2400,2024-11-05,10,2089.0,1.0,吴勇,钻石,13804925655,创新充电器,松下,1045.0,19,五金工具,郑州仓库-13号,郑州区域,郑州区域,王经理,情人节特惠,0.7,货到付款,圆通快递,5,0.95,29.0,0.11,20890.0,10440.0,2297.9,19874.5
2401,2024-11-06,1,99.0,0.8,张明,普通,13804938000,高端手机,华为,50.0,0,数码电子,北京仓库-1号,北京区域,北京区域,张经理,,,支付宝,顺丰速运,1,0.9,5.0,0.03,79.2,29.2,2.38,76.28
2402,2024-11-07,2,109.0,0.8500000000000001,李明,银卡,13804950345,精品手机,苹果,55.0,1,家用电器,深圳仓库-4号,深圳区域,深圳区域,刘经理,国庆特卖,0.8,微信支付,圆通快递,2,1.1,11.0,0.05,185.3,75.3,9.27,214.83
2403,2024-11-08,3,119.0,0.9,王明,金卡,13804962690,经典手机,小米,60.0,2,服装鞋帽,武汉仓库-7号,武汉区域,武汉区域,赵经理,新品首发,0.85,银行卡,中通快递,3,1.05,17.0,0.07,321.3,141.3,22.49,354.37
2404,2024-11-09,4,129.0,0.9500000000000001,刘明,钻石,13804975035,时尚手机,三星,65.0,3,食品饮料,重庆仓库-10号,重庆区域,重庆区域,吴经理,会员专享,0.9,信用卡,韵达快递,4,1.0,23.0,0.09,490.2,230.2,44.12,513.2
2405,2024-11-10,5,139.0,1.0,陈明,普通,13804987380,智能手机,联想,70.0,4,美妆护肤,郑州仓库-13号,郑州区域,郑州区域,王经理,限时秒杀,0.95,货到付款,申通快递,5,0.95,29.0,0.11,695.0,345.0,76.45,689.25
2406,2024-11-11,6,149.0,0.8,杨明,银卡,13804999725,便携手机,戴尔,75.0,5,家居日用,北京仓库-1号,北京区域,北京区域,张经理,,,支付宝,京东物流,1,0.9,5.0,0.03,715.2,265.2,21.46,648.68
2407,2024-11-12,7,159.0,0.8500000000000001,赵明,金卡,13805012070,专业手机,索尼,80.0,6,运动户外,深圳仓库-4号,深圳区域,深圳区域,刘经理,618大促,0.55,微信支付,菜鸟驿站,2,1.1,11.0,0.05,946.05,386.05,47.3,1051.65
2408,2024-11-13,8,169.0,0.9,黄明,钻石,13805024415,豪华手机,佳能,85.0,7,图书音像,武汉仓库-7号,武汉区域,武汉区域,赵经理,年货节,0.6,银行卡,德邦快递,3,1.05,17.0,0.07,1216.8,536.8,85.18,1294.64
2409,2024-11-14,9,179.0,0.9500000000000001,周明,普通,13805036760,简约手机,飞利浦,90.0,8,母婴用品,重庆仓库-10号,重庆区域,重庆区域,吴经理,开学季,0.65,信用卡,顺丰速运,4,1.0,23.0,0.09,1530.45,720.45,137.74,1553.45
2410,2024-11-15,10,189.0,1.0,吴明,银卡,13805049105,创新手机,松下,95.0,9,汽车用品,郑州仓库-13号,郑州区域,郑州区域,王经理,情人节特惠,0.7,货到付款,圆通快递,5,0.95,29.0,0.11,1890.0,940.0,207.9,1824.5
2411,2024-11-16,1,199.0,0.8,张华,金卡,13805061450,高端电脑,华为,100.0,10,办公文具,北京仓库-1号,北京区域,北京区域,张经理,,,支付宝,顺丰速运,1,0.9,5.0,0.03,159.2,59.2,4.78,148.28
2412,2024-11-17,2,209.0,0.8500000000000001,李华,钻石,13805073795,精品电脑,苹果,105.0,11,珠宝饰品,深圳仓库-4号,深圳区域,深圳区域,刘经理,618大促,0.55,微信支付,圆通快递,2,1.1,11.0,0.05,355.3,145.3,17.77,401.83
2413,2024-11-18,3,219.0,0.9,王华,普通,13805086140,经典电脑,小米,110.0,12,宠物用品,武汉仓库-7号,武汉区域,武汉区域,赵经理,年货节,0.6,银行卡,中通快递,3,1.05,17.0,0.07,591.3,261.3,41.39,637.87
2414,2024-11-19,4,229.0,0.9500000000000001,刘华,银卡,13805098485,时尚电脑,三星,115.0,13,医疗保健,重庆仓库-10号,重庆区域,重庆区域,吴经理,开学季,0.65,信用卡,韵达快递,4,1.0,23.0,0.09,870.2,410.2,78.32,893.2
2415,2024-11-20,5,239.0,1.0,陈华,金卡,13805110830,智能电脑,联想,120.0,14,玩具乐器,郑州仓库-13号,郑州区域,郑州区域,王经理,情人节特惠,0.7,货到付款,申通快递,5,0.95,29.0,0.11,1195.0,595.0,131.45,1164.25
2416,2024-11-21,6,249.0,0.8,杨华,钻石,13805123175,便携电脑,戴尔,125.0,15,生鲜果蔬,北京仓库-1号,北京区域,北京区域,张经理,,,支付宝,京东物流,1,0.9,5.0,0.03,1195.2,445.2,35.86,1080.68
2417,2024-11-22,7,259.0,0.8500000000000001,赵华,普通,13805135520,专业电脑,索尼,130.0,16,箱包皮具,深圳仓库-4号,深圳区域,深圳区域,刘经理,国庆特卖,0.8,微信支付,菜鸟驿站,2,1.1,11.0,0.05,1541.05,631.05,77.05,1706.16
2418,2024-11-23,8,269.0,0.9,黄华,银卡,13805147865,豪华电脑,佳能,135.0,17,钟表眼镜,武汉仓库-7号,武汉区域,武汉区域,赵经理,新品首发,0.85,银行卡,德邦快递,3,1.05,17.0,0.07,1936.8,856.8,135.58,2050.64
2419,2024-11-24,9,279.0,0.9500000000000001,周华,金卡,13805160210,简约电脑,飞利浦,140.0,18,厨房用具,重庆仓库-10号,重庆区域,重庆区域,吴经理,会员专享,0.9,信用卡,顺丰速运,4,1.0,23.0,0.09,2385.45,1125.45,214.69,2408.45
2420,2024-11-25,10,289.0,1.0,吴华,钻石,13805172555,创新电脑,松下,145.0,19,五金工具,郑州仓库-13号,郑州区域,郑州区域,王经理,限时秒杀,0.95,货到付款,圆通快递,5,0.95,29.0,0.11,2890.0,1440.0,317.9,2774.5
2421,2024-11-26,1,299.0,0.8,张强,普通,13805184900,高端耳机,华为,150.0,0,数码电子,北京仓库-1号,北京区域,北京区域,张经理,,,支付宝,顺丰速运,1,0.9,5.0,0.03,239.2,89.2,7.18,220.28
2422,2024-11-27,2,309.0,0.8500000000000001,李强,银卡,13805197245,精品耳机,苹果,155.0,1,家用电器,深圳仓库-4号,深圳区域,深圳区域,刘经理,618大促,0.55,微信支付,圆通快递,2,1.1,11.0,0.05,525.3,215.3,26.27,588.83
2423,2024-11-28,3,319.0,0.9,王强,金卡,13805209590,经典耳机,小米,160.0,2,服装鞋帽,武汉仓库-7号,武汉区域,武汉区域,赵经理,年货节,0.6,银行卡,中通快递,3,1.05,17.0,0.07,861.3,381.3,60.29,921.37
2424,2024-11-28,4,329.0,0.9500000000000001,刘强,钻石,13805221935,时尚耳机,三星,165.0,3,食品饮料,重庆仓库-10号,重庆区域,重庆区域,吴经理,开学季,0.65,信用卡,韵达快递,4,1.0,23.0,0.09,1250.2,590.2,112.52,1273.2
2425,2024-11-28,5,339.0,1.0,陈强,普通,13805234280,智能耳机,联想,170.0,4,美妆护肤,郑州仓库-13号,郑州区域,郑州区域,王经理,情人节特惠,0.7,货到付款,申通快递,5,0.95,29.0,0.11,1695.0,845.0,186.45,1639.25
2426,2024-12-01,6,349.0,0.8,杨强,银卡,13805246625,便携耳机,戴尔,175.0,5,家居日用,北京仓库-1号,北京区域,北京区域,张经理,,,支付宝,京东物流,1,0.9,5.0,0.03,1675.2,625.2,50.26,1512.68
2427,2024-12-02,7,359.0,0.8500000000000001,赵强,金卡,13805258970,专业耳机,索尼,180.0,6,运动户外,深圳仓库-4号,深圳区域,深圳区域,刘经理,618大促,0.55,微信支付,菜鸟驿站,2,1.1,11.0,0.05,2136.05,876.05,106.8,2360.66
2428,2024-12-03,8,369.0,0.9,黄强,钻石,13805271315,豪华耳机,佳能,185.0,7,图书音像,武汉仓库-7号,武汉区域,武汉区域,赵经理,年货节,0.6,银行卡,德邦快递,3,1.05,17.0,0.07,2656.8,1176.8,185.98,2806.64
2429,2024-12-04,9,379.0,0.9500000000000001,周强,普通,13805283660,简约耳机,飞利浦,190.0,8,母婴用品,重庆仓库-10号,重庆区域,重庆区域,吴经理,开学季,0.65,信用卡,顺丰速运,4,1.0,23.0,0.09,3240.45,1530.45,291.64,3263.45
2430,2024-12-05,10,389.0,1.0,吴强,银卡,13805296005,创新耳机,松下,195.0,9,汽车用品,郑州仓库-13号,郑州区域,郑州区域,王经理,情人节特惠,0.7,货到付款,圆通快递,5,0.95,29.0,0.11,3890.0,1940.0,427.9,3724.5
2431,2024-12-06,1,399.0,0.8,张伟,金卡,13805308350,高端键盘,华为,200.0,10,办公文具,北京仓库-1号,北京区域,北京区域,张经理,,,支付宝,顺丰速运,1,0.9,5.0,0.03,319.2,119.2,9.58,292.28
2432,2024-12-07,2,409.0,0.8500000000000001,李伟,钻石,13805320695,精品键盘,苹果,205.0,11,珠宝饰品,深圳仓库-4号,深圳区域,深圳区域,刘经理,国庆特卖,0.8,微信支付,圆通快递,2,1.1,11.0,0.05,695.3,285.3,34.77,775.83
2433,2024-12-08,3,419.0,0.9,王伟,普通,13805333040,经典键盘,小米,210.0,12,宠物用品,武汉仓库-7号,武汉区域,武汉区域,赵经理,新品首发,0.85,银行卡,中通快递,3,1.05,17.0,0.07,1131.3,501.3,79.19,1204.87
2434,2024-12-09,4,429.0,0.9500000000000001,刘伟,银卡,13805345385,时尚键盘,三星,215.0,13,医疗保健,重庆仓库-10号,重庆区域,重庆区域,吴经理,会员专享,0.9,信用卡,韵达快递,4,1.0,23.0,0.09,1630.2,770.2,146.72,1653.2
2435,2024-12-10,5,439.0,1.0,陈伟,金卡,13805357730,智能键盘,联想,220.0,14,玩具乐器,郑州仓库-13号,郑州区域,郑州区域,王经理,限时秒杀,0.95,货到付款,申通快递,5,0.95,29.0,0.11,2195.0,1095.0,241.45,2114.25
2436,2024-12-11,6,449.0,0.8,杨伟,钻石,13805370075,便携键盘,戴尔,225.0,15,生鲜果蔬,北京仓库-1号,北京区域,北京区域,张经理,,,支付宝,京东物流,1,0.9,5.0,0.03,2155.2,805.2,64.66,1944.68
2437,2024-12-12,7,459.0,0.8500000000000001,赵伟,普通,13805382420,专业键盘,索尼,230.0,16,箱包皮具,深圳仓库-4号,深圳区域,深圳区域,刘经理,618大促,0.55,微信支付,菜鸟驿站,2,1.1,11.0,0.05,2731.05,1121.05,136.55,3015.16
2438,2024-12-13,8,469.0,0.9,黄伟,银卡,13805394765,豪华键盘,佳能,235.0,17,钟表眼镜,武汉仓库-7号,武汉区域,武汉区域,赵经理,年货节,0.6,银行卡,德邦快递,3,1.05,17.0,0.07,3376.8,1496.8,236.38,3562.64
2439,2024-12-14,9,479.0,0.9500000000000001,周伟,金卡,13805407110,简约键盘,飞利浦,240.0,18,厨房用具,重庆仓库-10号,重庆区域,重庆区域,吴经理,开学季,0.65,信用卡,顺丰速运,4,1.0,23.0,0.09,4095.45,1935.45,368.59,4118.45
2440,2024-12-15,10,489.0,1.0,吴伟,钻石,13805419455,创新键盘,松下,245.0,19,五金工具,郑州仓库-13号,郑州区域,郑州区域,王经理,情人节特惠,0.7,货到付款,圆通快递,5,0.95,29.0,0.11,4890.0,2440.0,537.9,4674.5
2441,2024-12-16,1,499.0,0.8,张芳,普通,13805431800,高端显示器,华为,250.0,0,数码电子,北京仓库-1号,北京区域,北京区域,张经理,,,支付宝,顺丰速运,1,0.9,5.0,0.03,399.2,149.2,11.98,364.28
2442,2024-12-17,2,509.0,0.8500000000000001,李芳,银卡,13805444145,精品显示器,苹果,255.0,1,家用电器,深圳仓库-4号,深圳区域,深圳区域,刘经理,618大促,0.55,微信支付,圆通快递,2,1.1,11.0,0.05,865.3,355.3,43.27,962.83
2443,2024-12-18,3,519.0,0.9,王芳,金卡,13805456490,经典显示器,小米,260.0,2,服装鞋帽,武汉仓库-7号,武汉区域,武汉区域,赵经理,年货节,0.6,银行卡,中通快递,3,1.05,17.0,0.07,1401.3,621.3,98.09,1488.37
2444,2024-12-19,4,529.0,0.9500000000000001,刘芳,钻石,13805468835,时尚显示器,三星,265.0,3,食品饮料,重庆仓库-10号,重庆区域,重庆区域,吴经理,开学季,0.65,信用卡,韵达快递,4,1.0,23.0,0.09,2010.2,950.2,180.92,2033.2
2445,2024-12-20,5,539.0,1.0,陈芳,普通,13805481180,智能显示器,联想,270.0,4,美妆护肤,郑州仓库-13号,郑州区域,郑州区域,王经理,情人节特惠,0.7,货到付款,申通快递,5,0.95,29.0,0.11,2695.0,1345.0,296.45,2589.25
2446,2024-12-21,6,549.0,0.8,杨芳,银卡,13805493525,便携显示器,戴尔,275.0,5,家居日用,北京仓库-1号,北京区域,北京区域,张经理,,,支付宝,京东物流,1,0.9,5.0,0.03,2635.2,985.2,79.06,2376.68
2447,2024-12-22,7,559.0,0.8500000000000001,赵芳,金卡,13805505870,专业显示器,索尼,280.0,6,运动户外,深圳仓库-4号,深圳区域,深圳区域,刘经理,国庆特卖,0.8,微信支付,菜鸟驿站,2,1.1,11.0,0.05,3326.05,1366.05,166.3,3669.66
2448,2024-12-23,8,569.0,0.9,黄芳,钻石,13805518215,豪华显示器,佳能,285.0,7,图书音像,武汉仓库-7号,武汉区域,武汉区域,赵经理,新品首发,0.85,银行卡,德邦快递,3,1.05,17.0,0.07,4096.8,1816.8,286.78,4318.64
2449,2024-12-24,9,579.0,0.9500000000000001,周芳,普通,13805530560,简约显示器,飞利浦,290.0,8,母婴用品,重庆仓库-10号,重庆区域,重庆区域,吴经理,会员专享,0.9,信用卡,顺丰速运,4,1.0,23.0,0.09,4950.45,2340.45,445.54,4973.45
2450,2024-12-25,10,589.0,1.0,吴芳,银卡,13805542905,创新显示器,松下,295.0,9,汽车用品,郑州仓库-13号,郑州区域,郑州区域,王经理,限时秒杀,0.95,货到付款,圆通快递,5,0.95,29.0,0.11,5890.0,2940.0,647.9,5624.5
2451,2024-12-26,1,599.0,0.8,张娟,金卡,13805555250,高端平板,华为,300.0,10,办公文具,北京仓库-1号,北京区域,北京区域,张经理,,,支付宝,顺丰速运,1,0.9,5.0,0.03,479.2,179.2,14.38,436.28
2452,2024-12-27,2,609.0,0.8500000000000001,李娟,钻石,13805567595,精品平板,苹果,305.0,11,珠宝饰品,深圳仓库-4号,深圳区域,深圳区域,刘经理,618大促,0.55,微信支付,圆通快递,2,1.1,11.0,0.05,1035.3,425.3,51.77,1149.83
2453,2024-12-28,3,619.0,0.9,王娟,普通,13805579940,经典平板,小米,310.0,12,宠物用品,武汉仓库-7号,武汉区域,武汉区域,赵经理,年货节,0.6,银行卡,中通快递,3,1.05,17.0,0.07,1671.3,741.3,116.99,1771.87
2454,2024-12-28,4,629.0,0.9500000000000001,刘娟,银卡,13805592285,时尚平板,三星,315.0,13,医疗保健,重庆仓库-10号,重庆区域,重庆区域,吴经理,开学季,0.65,信用卡,韵达快递,4,1.0,23.0,0.09,2390.2,1130.2,215.12,2413.2
2455,2024-12-28,5,639.0,1.0,陈娟,金卡,13805604630,智能平板,联想,320.0,14,玩具乐器,郑州仓库-13号,郑州区域,郑州区域,王经理,情人节特惠,0.7,货到付款,申通快递,5,0.95,29.0,0.11,3195.0,1595.0,351.45,3064.25
2456,2024-12-01,6,649.0,0.8,杨娟,钻石,13805616975,便携平板,戴尔,325.0,15,生鲜果蔬,北京仓库-1号,北京区域,北京区域,张经理,,,支付宝,京东物流,1,0.9,5.0,0.03,3115.2,1165.2,93.46,2808.68
2457,2024-12-02,7,659.0,0.8500000000000001,赵娟,普通,13805629320,专业平板,索尼,330.0,16,箱包皮具,深圳仓库-4号,深圳区域,深圳区域,刘经理,618大促,0.55,微信支付,菜鸟驿站,2,1.1,11.0,0.05,3921.05,1611.05,196.05,4324.16
2458,2024-12-03,8,669.0,0.9,黄娟,银卡,13805641665,豪华平板,佳能,335.0,17,钟表眼镜,武汉仓库-7号,武汉区域,武汉区域,赵经理,年货节,0.6,银行卡,德邦快递,3,1.05,17.0,0.07,4816.8,2136.8,337.18,5074.64
2459,2024-12-04,9,679.0,0.9500000000000001,周娟,金卡,13805654010,简约平板,飞利浦,340.0,18,厨房用具,重庆仓库-10号,重庆区域,重庆区域,吴经理,开学季,0.65,信用卡,顺丰速运,4,1.0,23.0,0.09,5805.45,2745.45,522.49,5828.45
2460,2024-12-05,10,689.0,1.0,吴娟,钻石,13805666355,创新平板,松下,345.0,19,五金工具,郑州仓库-13号,郑州区域,郑州区域,王经理,情人节特惠,0.7,货到付款,圆通快递,5,0.95,29.0,0.11,6890.0,3440.0,757.9,6574.5
2461,2024-01-01,1,699.0,0.8,张敏,普通,13805678700,高端音箱,华为,350.0,0,数码电子,北京仓库-1号,北京区域,北京区域,张经理,,,支付宝,顺丰速运,1,0.9,5.0,0.03,559.2,209.2,16.78,508.28
2462,2024-01-02,2,709.0,0.8500000000000001,李敏,银卡,13805691045,精品音箱,苹果,355.0,1,家用电器,深圳仓库-4号,深圳区域,深圳区域,刘经理,国庆特卖,0.8,微信支付,圆通快递,2,1.1,11.0,0.05,1205.3,495.3,60.27,1336.83
2463,2024-01-03,3,719.0,0.9,王敏,金卡,13805703390,经典音箱,小米,360.0,2,服装鞋帽,武汉仓库-7号,武汉区域,武汉区域,赵经理,新品首发,0.85,银行卡,中通快递,3,1.05,17.0,0.07,1941.3,861.3,135.89,2055.36
2464,2024-01-04,4,729.0,0.9500000000000001,刘敏,钻石,13805715735,时尚音箱,三星,365.0,3,食品饮料,重庆仓库-10号,重庆区域,重庆区域,吴经理,会员专享,0.9,信用卡,韵达快递,4,1.0,23.0,0.09,2770.2,1310.2,249.32,2793.2
2465,2024-01-05,5,739.0,1.0,陈敏,普通,13805728080,智能音箱,联想,370.0,4,美妆护肤,郑州仓库-13号,郑州区域,郑州区域,王经理,限时秒杀,0.95,货到付款,申通快递,5,0.95,29.0,0.11,3695.0,1845.0,406.45,3539.25
2466,2024-01-06,6,749.0,0.8,杨敏,银卡,13805740425,便携音箱,戴尔,375.0,5,家居日用,北京仓库-1号,北京区域,北京区域,张经理,,,支付宝,京东物流,1,0.9,5.0,0.03,3595.2,1345.2,107.86,3240.68
2467,2024-01-07,7,759.0,0.8500000000000001,赵敏,金卡,13805752770,专业音箱,索尼,380.0,6,运动户外,深圳仓库-4号,深圳区域,深圳区域,刘经理,618大促,0.55,微信支付,菜鸟驿站,2,1.1,11.0,0.05,4516.05,1856.05,225.8,4978.66
2468,2024-01-08,8,769.0,0.9,黄敏,钻石,13805765115,豪华音箱,佳能,385.0,7,图书音像,武汉仓库-7号,武汉区域,武汉区域,赵经理,年货节,0.6,银行卡,德邦快递,3,1.05,17.0,0.07,5536.8,2456.8,387.58,5830.64
2469,2024-01-09,9,779.0,0.9500000000000001,周敏,普通,13805777460,简约音箱,飞利浦,390.0,8,母婴用品,重庆仓库-10号,重庆区域,重庆区域,吴经理,开学季,0.65,信用卡,顺丰速运,4,1.0,23.0,0.09,6660.45,3150.45,599.44,6683.45
2470,2024-01-10,10,789.0,1.0,吴敏,银卡,13805789805,创新音箱,松下,395.0,9,汽车用品,郑州仓库-13号,郑州区域,郑州区域,王经理,情人节特惠,0.7,货到付款,圆通快递,5,0.95,29.0,0.11,7890.0,3940.0,867.9,7524.5
2471,2024-01-11,1,799.0,0.8,张静,金卡,13805802150,高端手表,华为,400.0,10,办公文具,北京仓库-1号,北京区域,北京区域,张经理,,,支付宝,顺丰速运,1,0.9,5.0,0.03,639.2,239.2,19.18,580.28
2472,2024-01-12,2,809.0,0.8500000000000001,李静,钻石,13805814495,精品手表,苹果,405.0,11,珠宝饰品,深圳仓库-4号,深圳区域,深圳区域,刘经理,618大促,0.55,微信支付,圆通快递,2,1.1,11.0,0.05,1375.3,565.3,68.77,1523.83
2473,2024-01-13,3,819.0,0.9,王静,普通,13805826840,经典手表,小米,410.0,12,宠物用品,武汉仓库-7号,武汉区域,武汉区域,赵经理,年货节,0.6,银行卡,中通快递,3,1.05,17.0,0.07,2211.3,981.3,154.79,2338.87
2474,2024-01-14,4,829.0,0.9500000000000001,刘静,银卡,13805839185,时尚手表,三星,415.0,13,医疗保健,重庆仓库-10号,重庆区域,重庆区域,吴经理,开学季,0.65,信用卡,韵达快递,4,1.0,23.0,0.09,3150.2,1490.2,283.52,3173.2
2475,2024-01-15,5,839.0,1.0,陈静,金卡,13805851530,智能手表,联想,420.0,14,玩具乐器,郑州仓库-13号,郑州区域,郑州区域,王经理,情人节特惠,0.7,货到付款,申通快递,5,0.95,29.0,0.11,4195.0,2095.0,461.45,4014.25
2476,2024-01-16,6,849.0,0.8,杨静,钻石,13805863875,便携手表,戴尔,425.0,15,生鲜果蔬,北京仓库-1号,北京区域,北京区域,张经理,,,支付宝,京东物流,1,0.9,5.0,0.03,4075.2,1525.2,122.26,3672.68
2477,2024-01-17,7,859.0,0.8500000000000001,赵静,普通,13805876220,专业手表,索尼,430.0,16,箱包皮具,深圳仓库-4号,深圳区域,深圳区域,刘经理,国庆特卖,0.8,微信支付,菜鸟驿站,2,1.1,11.0,0.05,5111.05,2101.05,255.55,5633.16
2478,2024-01-18,8,869.0,0.9,黄静,银卡,13805888565,豪华手表,佳能,435.0,17,钟表眼镜,武汉仓库-7号,武汉区域,武汉区域,赵经理,新品首发,0.85,银行卡,德邦快递,3,1.05,17.0,0.07,6256.8,2776.8,437.98,6586.64
2479,2024-01-19,9,879.0,0.9500000000000001,周静,金卡,13805900910,简约手表,飞利浦,440.0,18,厨房用具,重庆仓库-10号,重庆区域,重庆区域,吴经理,会员专享,0.9,信用卡,顺丰速运,4,1.0,23.0,0.09,7515.45,3555.45,676.39,7538.45
2480,2024-01-20,10,889.0,1.0,吴静,钻石,13805913255,创新手表,松下,445.0,19,五金工具,郑州仓库-13号,郑州区域,郑州区域,王经理,限时秒杀,0.95,货到付款,圆通快递,5,0.95,29.0,0.11,8890.0,4440.0,977.9,8474.5
2481,2024-01-21,1,899.0,0.8,张丽,普通,13805925600,高端相机,华为,450.0,0,数码电子,北京仓库-1号,北京区域,北京区域,张经理,,,支付宝,顺丰速运,1,0.9,5.0,0.03,719.2,269.2,21.58,652.28
2482,2024-01-22,2,909.0,0.8500000000000001,李丽,银卡,13805937945,精品相机,苹果,455.0,1,家用电器,深圳仓库-4号,深圳区域,深圳区域,刘经理,618大促,0.55,微信支付,圆通快递,2,1.1,11.0,0.05,1545.3,635.3,77.27,1710.83
2483,2024-01-23,3,919.0,0.9,王丽,金卡,13805950290,经典相机,小米,460.0,2,服装鞋帽,武汉仓库-7号,武汉区域,武汉区域,赵经理,年货节,0.6,银行卡,中通快递,3,1.05,17.0,0.07,2481.3,1101.3,173.69,2622.37
2484,2024-01-24,4,929.0,0.9500000000000001,刘丽,钻石,13805962635,时尚相机,三星,465.0,3,食品饮料,重庆仓库-10号,重庆区域,重庆区域,吴经理,开学季,0.65,信用卡,韵达快递,4,1.0,23.0,0.09,3530.2,1670.2,317.72,3553.2
2485,2024-01-25,5,939.0,1.0,陈丽,普通,13805974980,智能相机,联想,470.0,4,美妆护肤,郑州仓库-13号,郑州区域,郑州区域,王经理,情人节特惠,0.7,货到付款,申通快递,5,0.95,29.0,0.11,4695.0,2345.0,516.45,4489.25
2486,2024-01-26,6,949.0,0.8,杨丽,银卡,13805987325,便携相机,戴尔,475.0,5,家居日用,北京仓库-1号,北京区域,北京区域,张经理,,,支付宝,京东物流,1,0.9,5.0,0.03,4555.2,1705.2,136.66,4104.68
2487,2024-01-27,7,959.0,0.8500000000000001,赵丽,金卡,13805999670,专业相机,索尼,480.0,6,运动户外,深圳仓库-4号,深圳区域,深圳区域,刘经理,618大促,0.55,微信支付,菜鸟驿站,2,1.1,11.0,0.05,5706.05,2346.05,285.3,6287.66
2488,2024-01-28,8,969.0,0.9,黄丽,钻石,13806012015,豪华相机,佳能,485.0,7,图书音像,武汉仓库-7号,武汉区域,武汉区域,赵经理,年货节,0.6,银行卡,德邦快递,3,1.05,17.0,0.07,6976.8,3096.8,488.38,7342.64
2489,2024-01-28,9,979.0,0.9500000000000001,周丽,普通,13806024360,简约相机,飞利浦,490.0,8,母婴用品,重庆仓库-10号,重庆区域,重庆区域,吴经理,开学季,0.65,信用卡,顺丰速运,4,1.0,23.0,0.09,8370.45,3960.45,753.34,8393.45
2490,2024-01-28,10,989.0,1.0,吴丽,银卡,13806036705,创新相机,松下,495.0,9,汽车用品,郑州仓库-13号,郑州区域,郑州区域,王经理,情人节特惠,0.7,货到付款,圆通快递,5,0.95,29.0,0.11,9890.0,4940.0,1087.9,9424.5
2491,2024-02-01,1,999.0,0.8,张勇,金卡,13806049050,高端充电器,华为,500.0,10,办公文具,北京仓库-1号,北京区域,北京区域,张经理,,,支付宝,顺丰速运,1,0.9,5.0,0.03,799.2,299.2,23.98,724.28
2492,2024-02-02,2,1009.0,0.8500000000000001,李勇,钻石,13806061395,精品充电器,苹果,505.0,11,珠宝饰品,深圳仓库-4号,深圳区域,深圳区域,刘经理,国庆特卖,0.8,微信支付,圆通快递,2,1.1,11.0,0.05,1715.3,705.3,85.77,1897.83
2493,2024-02-03,3,1019.0,0.9,王勇,普通,13806073740,经典充电器,小米,510.0,12,宠物用品,武汉仓库-7号,武汉区域,武汉区域,赵经理,新品首发,0.85,银行卡,中通快递,3,1.05,17.0,0.07,2751.3,1221.3,192.59,2905.87
2494,2024-02-04,4,1029.0,0.9500000000000001,刘勇,银卡,13806086085,时尚充电器,三星,515.0,13,医疗保健,重庆仓库-10号,重庆区域,重庆区域,吴经理,会员专享,0.9,信用卡,韵达快递,4,1.0,23.0,0.09,3910.2,1850.2,351.92,3933.2
2495,2024-02-05,5,1039.0,1.0,陈勇,金卡,13806098430,智能充电器,联想,520.0,14,玩具乐器,郑州仓库-13号,郑州区域,郑州区域,王经理,限时秒杀,0.95,货到付款,申通快递,5,0.95,29.0,0.11,5195.0,2595.0,571.45,4964.25
2496,2024-02-06,6,1049.0,0.8,杨勇,钻石,13806110775,便携充电器,戴尔,525.0,15,生鲜果蔬,北京仓库-1号,北京区域,北京区域,张经理,,,支付宝,京东物流,1,0.9,5.0,0.03,5035.2,1885.2,151.06,4536.68
2497,2024-02-07,7,1059.0,0.8500000000000001,赵勇,普通,13806123120,专业充电器,索尼,530.0,16,箱包皮具,深圳仓库-4号,深圳区域,深圳区域,刘经理,618大促,0.55,微信支付,菜鸟驿站,2,1.1,11.0,0.05,6301.05,2591.05,315.05,6942.16
2498,2024-02-08,8,1069.0,0.9,黄勇,银卡,13806135465,豪华充电器,佳能,535.0,17,钟表眼镜,武汉仓库-7号,武汉区域,武汉区域,赵经理,年货节,0.6,银行卡,德邦快递,3,1.05,17.0,0.07,7696.8,3416.8,538.78,8098.64
2499,2024-02-09,9,1079.0,0.9500000000000001,周勇,金卡,13806147810,简约充电器,飞利浦,540.0,18,厨房用具,重庆仓库-10号,重庆区域,重庆区域,吴经理,开学季,0.65,信用卡,顺丰速运,4,1.0,23.0,0.09,9225.45,4365.45,830.29,9248.45
2500,2024-02-10,10,1089.0,1.0,吴勇,钻石,13806160155,创新充电器,松下,545.0,19,五金工具,郑州仓库-13号,郑州区域,郑州区域,王经理,情人节特惠,0.7,货到付款,圆通快递,5,0.95,29.0,0.11,10890.0,5440.0,1197.9,10374.5
2501,2024-02-11,1,1099.0,0.8,张明,普通,13800000000,高端手机,华为,550.0,0,数码电子,北京仓库-1号,北京区域,北京区域,张经理,,,支付宝,顺丰速运,1,0.9,5.0,0.03,879.2,329.2,26.38,796.28
2502,2024-02-12,2,1109.0,0.8500000000000001,李明,银卡,13800012345,精品手机,苹果,555.0,1,家用电器,深圳仓库-4号,深圳区域,深圳区域,刘经理,618大促,0.55,微信支付,圆通快递,2,1.1,11.0,0.05,1885.3,775.3,94.27,2084.83
2503,2024-02-13,3,1119.0,0.9,王明,金卡,13800024690,经典手机,小米,560.0,2,服装鞋帽,武汉仓库-7号,武汉区域,武汉区域,赵经理,年货节,0.6,银行卡,中通快递,3,1.05,17.0,0.07,3021.3,1341.3,211.49,3189.37
2504,2024-02-14,4,1129.0,0.9500000000000001,刘明,钻石,13800037035,时尚手机,三星,565.0,3,食品饮料,重庆仓库-10号,重庆区域,重庆区域,吴经理,开学季,0.65,信用卡,韵达快递,4,1.0,23.0,0.09,4290.2,2030.2,386.12,4313.2
2505,2024-02-15,5,1139.0,1.0,陈明,普通,13800049380,智能手机,联想,570.0,4,美妆护肤,郑州仓库-13号,郑州区域,郑州区域,王经理,情人节特惠,0.7,货到付款,申通快递,5,0.95,29.0,0.11,5695.0,2845.0,626.45,5439.25
2506,2024-02-16,6,1149.0,0.8,杨明,银卡,13800061725,便携手机,戴尔,575.0,5,家居日用,北京仓库-1号,北京区域,北京区域,张经理,,,支付宝,京东物流,1,0.9,5.0,0.03,5515.2,2065.2,165.46,4968.68
2507,2024-02-17,7,1159.0,0.8500000000000001,赵明,金卡,13800074070,专业手机,索尼,580.0,6,运动户外,深圳仓库-4号,深圳区域,深圳区域,刘经理,国庆特卖,0.8,微信支付,菜鸟驿站,2,1.1,11.0,0.05,6896.05,2836.05,344.8,7596.66
2508,2024-02-18,8,1169.0,0.9,黄明,钻石,13800086415,豪华手机,佳能,585.0,7,图书音像,武汉仓库-7号,武汉区域,武汉区域,赵经理,新品首发,0.85,银行卡,德邦快递,3,1.05,17.0,0.07,8416.8,3736.8,589.18,8854.64
2509,2024-02-19,9,1179.0,0.9500000000000001,周明,普通,13800098760,简约手机,飞利浦,590.0,8,母婴用品,重庆仓库-10号,重庆区域,重庆区域,吴经理,会员专享,0.9,信用卡,顺丰速运,4,1.0,23.0,0.09,10080.45,4770.45,907.24,10103.45
2510,2024-02-20,10,1189.0,1.0,吴明,银卡,13800111105,创新手机,松下,595.0,9,汽车用品,郑州仓库-13号,郑州区域,郑州区域,王经理,限时秒杀,0.95,货到付款,圆通快递,5,0.95,29.0,0.11,11890.0,5940.0,1307.9,11324.5
2511,2024-02-21,1,1199.0,0.8,张华,金卡,13800123450,高端电脑,华为,600.0,10,办公文具,北京仓库-1号,北京区域,北京区域,张经理,,,支付宝,顺丰速运,1,0.9,5.0,0.03,959.2,359.2,28.78,868.28
2512,2024-02-22,2,1209.0,0.8500000000000001,李华,钻石,13800135795,精品电脑,苹果,605.0,11,珠宝饰品,深圳仓库-4号,深圳区域,深圳区域,刘经理,618大促,0.55,微信支付,圆通快递,2,1.1,11.0,0.05,2055.3,845.3,102.77,2271.83
2513,2024-02-23,3,1219.0,0.9,王华,普通,13800148140,经典电脑,小米,610.0,12,宠物用品,武汉仓库-7号,武汉区域,武汉区域,赵经理,年货节,0.6,银行卡,中通快递,3,1.05,17.0,0.07,3291.3,1461.3,230.39,3472.87
2514,2024-02-24,4,1229.0,0.9500000000000001,刘华,银卡,13800160485,时尚电脑,三星,615.0,13,医疗保健,重庆仓库-10号,重庆区域,重庆区域,吴经理,开学季,0.65,信用卡,韵达快递,4,1.0,23.0,0.09,4670.2,2210.2,420.32,4693.2
2515,2024-02-25,5,1239.0,1.0,陈华,金卡,13800172830,智能电脑,联想,620.0,14,玩具乐器,郑州仓库-13号,郑州区域,郑州区域,王经理,情人节特惠,0.7,货到付款,申通快递,5,0.95,29.0,0.11,6195.0,3095.0,681.45,5914.25
2516,2024-02-26,6,1249.0,0.8,杨华,钻石,13800185175,便携电脑,戴尔,625.0,15,生鲜果蔬,北京仓库-1号,北京区域,北京区域,张经理,,,支付宝,京东物流,1,0.9,5.0,0.03,5995.2,2245.2,179.86,5400.68
2517,2024-02-27,7,1259.0,0.8500000000000001,赵华,普通,13800197520,专业电脑,索尼,630.0,16,箱包皮具,深圳仓库-4号,深圳区域,深圳区域,刘经理,618大促,0.55,微信支付,菜鸟驿站,2,1.1,11.0,0.05,7491.05,3081.05,374.55,8251.16
2518,2024-02-28,8,1269.0,0.9,黄华,银卡,13800209865,豪华电脑,佳能,635.0,17,钟表眼镜,武汉仓库-7号,武汉区域,武汉区域,赵经理,年货节,0.6,银行卡,德邦快递,3,1.05,17.0,0.07,9136.8,4056.8,639.58,9610.64
2519,2024-02-28,9,1279.0,0.9500000000000001,周华,金卡,13800222210,简约电脑,飞利浦,640.0,18,厨房用具,重庆仓库-10号,重庆区域,重庆区域,吴经理,开学季,0.65,信用卡,顺丰速运,4,1.0,23.0,0.09,10935.45,5175.45,984.19,10958.45
2520,2024-02-28,10,1289.0,1.0,吴华,钻石,13800234555,创新电脑,松下,645.0,19,五金工具,郑州仓库-13号,郑州区域,郑州区域,王经理,情人节特惠,0.7,货到付款,圆通快递,5,0.95,29.0,0.11,12890.0,6440.0,1417.9,12274.5
2521,2024-03-01,1,1299.0,0.8,张强,普通,13800246900,高端耳机,华为,650.0,0,数码电子,北京仓库-1号,北京区域,北京区域,张经理,,,支付宝,顺丰速运,1,0.9,5.0,0.03,1039.2,389.2,31.18,940.28
2522,2024-03-02,2,1309.0,0.8500000000000001,李强,银卡,13800259245,精品耳机,苹果,655.0,1,家用电器,深圳仓库-4号,深圳区域,深圳区域,刘经理,国庆特卖,0.8,微信支付,圆通快递,2,1.1,11.0,0.05,2225.3,915.3,111.27,2458.83
2523,2024-03-03,3,1319.0,0.9,王强,金卡,13800271590,经典耳机,小米,660.0,2,服装鞋帽,武汉仓库-7号,武汉区域,武汉区域,赵经理,新品首发,0.85,银行卡,中通快递,3,1.05,17.0,0.07,3561.3,1581.3,249.29,3756.37
2524,2024-03-04,4,1329.0,0.9500000000000001,刘强,钻石,13800283935,时尚耳机,三星,665.0,3,食品饮料,重庆仓库-10号,重庆区域,重庆区域,吴经理,会员专享,0.9,信用卡,韵达快递,4,1.0,23.0,0.09,5050.2,2390.2,454.52,5073.2
2525,2024-03-05,5,1339.0,1.0,陈强,普通,13800296280,智能耳机,联想,670.0,4,美妆护肤,郑州仓库-13号,郑州区域,郑州区域,王经理,限时秒杀,0.95,货到付款,申通快递,5,0.95,29.0,0.11,6695.0,3345.0,736.45,6389.25
2526,2024-03-06,6,1349.0,0.8,杨强,银卡,13800308625,便携耳机,戴尔,675.0,5,家居日用,北京仓库-1号,北京区域,北京区域,张经理,,,支付宝,京东物流,1,0.9,5.0,0.03,6475.2,2425.2,194.26,5832.68
2527,2024-03-07,7,1359.0,0.8500000000000001,赵强,金卡,13800320970,专业耳机,索尼,680.0,6,运动户外,深圳仓库-4号,深圳区域,深圳区域,刘经理,618大促,0.55,微信支付,菜鸟驿站,2,1.1,11.0,0.05,8086.05,3326.05,404.3,8905.66
2528,2024-03-08,8,1369.0,0.9,黄强,钻石,13800333315,豪华耳机,佳能,685.0,7,图书音像,武汉仓库-7号,武汉区域,武汉区域,赵经理,年货节,0.6,银行卡,德邦快递,3,1.05,17.0,0.07,9856.8,4376.8,689.98,10366.64
2529,2024-03-09,9,1379.0,0.9500000000000001,周强,普通,13800345660,简约耳机,飞利浦,690.0,8,母婴用品,重庆仓库-10号,重庆区域,重庆区域,吴经理,开学季,0.65,信用卡,顺丰速运,4,1.0,23.0,0.09,11790.45,5580.45,1061.14,11813.45
2530,2024-03-10,10,1389.0,1.0,吴强,银卡,13800358005,创新耳机,松下,695.0,9,汽车用品,郑州仓库-13号,郑州区域,郑州区域,王经理,情人节特惠,0.7,货到付款,圆通快递,5,0.95,29.0,0.11,13890.0,6940.0,1527.9,13224.5
2531,2024-03-11,1,1399.0,0.8,张伟,金卡,13800370350,高端键盘,华为,700.0,10,办公文具,北京仓库-1号,北京区域,北京区域,张经理,,,支付宝,顺丰速运,1,0.9,5.0,0.03,1119.2,419.2,33.58,1012.28
2532,2024-03-12,2,1409.0,0.8500000000000001,李伟,钻石,13800382695,精品键盘,苹果,705.0,11,珠宝饰品,深圳仓库-4号,深圳区域,深圳区域,刘经理,618大促,0.55,微信支付,圆通快递,2,1.1,11.0,0.05,2395.3,985.3,119.77,2645.83
2533,2024-03-13,3,1419.0,0.9,王伟,普通,13800395040,经典键盘,小米,710.0,12,宠物用品,武汉仓库-7号,武汉区域,武汉区域,赵经理,年货节,0.6,银行卡,中通快递,3,1.05,17.0,0.07,3831.3,1701.3,268.19,4039.87
2534,2024-03-14,4,1429.0,0.9500000000000001,刘伟,银卡,13800407385,时尚键盘,三星,715.0,13,医疗保健,重庆仓库-10号,重庆区域,重庆区域,吴经理,开学季,0.65,信用卡,韵达快递,4,1.0,23.0,0.09,5430.2,2570.2,488.72,5453.2
2535,2024-03-15,5,1439.0,1.0,陈伟,金卡,13800419730,智能键盘,联想,720.0,14,玩具乐器,郑州仓库-13号,郑州区域,郑州区域,王经理,情人节特惠,0.7,货到付款,申通快递,5,0.95,29.0,0.11,7195.0,3595.0,791.45,6864.25
2536,2024-03-16,6,1449.0,0.8,杨伟,钻石,13800432075,便携键盘,戴尔,725.0,15,生鲜果蔬,北京仓库-1号,北京区域,北京区域,张经理,,,支付宝,京东物流,1,0.9,5.0,0.03,6955.2,2605.2,208.66,6264.68
2537,2024-03-17,7,1459.0,0.8500000000000001,赵伟,普通,13800444420,专业键盘,索尼,730.0,16,箱包皮具,深圳仓库-4号,深圳区域,深圳区域,刘经理,国庆特卖,0.8,微信支付,菜鸟驿站,2,1.1,11.0,0.05,8681.05,3571.05,434.05,9560.16
2538,2024-03-18,8,1469.0,0.9,黄伟,银卡,13800456765,豪华键盘,佳能,735.0,17,钟表眼镜,武汉仓库-7号,武汉区域,武汉区域,赵经理,新品首发,0.85,银行卡,德邦快递,3,1.05,17.0,0.07,10576.8,4696.8,740.38,11122.64
2539,2024-03-19,9,1479.0,0.9500000000000001,周伟,金卡,13800469110,简约键盘,飞利浦,740.0,18,厨房用具,重庆仓库-10号,重庆区域,重庆区域,吴经理,会员专享,0.9,信用卡,顺丰速运,4,1.0,23.0,0.09,12645.45,5985.45,1138.09,12668.45
2540,2024-03-20,10,1489.0,1.0,吴伟,钻石,13800481455,创新键盘,松下,745.0,19,五金工具,郑州仓库-13号,郑州区域,郑州区域,王经理,限时秒杀,0.95,货到付款,圆通快递,5,0.95,29.0,0.11,14890.0,7440.0,1637.9,14174.5
2541,2024-03-21,1,1499.0,0.8,张芳,普通,13800493800,高端显示器,华为,750.0,0,数码电子,北京仓库-1号,北京区域,北京区域,张经理,,,支付宝,顺丰速运,1,0.9,5.0,0.03,1199.2,449.2,35.98,1084.28
2542,2024-03-22,2,1509.0,0.8500000000000001,李芳,银卡,13800506145,精品显示器,苹果,755.0,1,家用电器,深圳仓库-4号,深圳区域,深圳区域,刘经理,618大促,0.55,微信支付,圆通快递,2,1.1,11.0,0.05,2565.3,1055.3,128.27,2832.83
2543,2024-03-23,3,1519.0,0.9,王芳,金卡,13800518490,经典显示器,小米,760.0,2,服装鞋帽,武汉仓库-7号,武汉区域,武汉区域,赵经理,年货节,0.6,银行卡,中通快递,3,1.05,17.0,0.07,4101.3,1821.3,287.09,4323.37
2544,2024-03-24,4,1529.0,0.9500000000000001,刘芳,钻石,13800530835,时尚显示器,三星,765.0,3,食品饮料,重庆仓库-10号,重庆区域,重庆区域,吴经理,开学季,0.65,信用卡,韵达快递,4,1.0,23.0,0.09,5810.2,2750.2,522.92,5833.2
2545,2024-03-25,5,1539.0,1.0,陈芳,普通,13800543180,智能显示器,联想,770.0,4,美妆护肤,郑州仓库-13号,郑州区域,郑州区域,王经理,情人节特惠,0.7,货到付款,申通快递,5,0.95,29.0,0.11,7695.0,3845.0,846.45,7339.25
2546,2024-03-26,6,1549.0,0.8,杨芳,银卡,13800555525,便携显示器,戴尔,775.0,5,家居日用,北京仓库-1号,北京区域,北京区域,张经理,,,支付宝,京东物流,1,0.9,5.0,0.03,7435.2,2785.2,223.06,6696.68
2547,2024-03-27,7,1559.0,0.8500000000000001,赵芳,金卡,13800567870,专业显示器,索尼,780.0,6,运动户外,深圳仓库-4号,深圳区域,深圳区域,刘经理,618大促,0.55,微信支付,菜鸟驿站,2,1.1,11.0,0.05,9276.05,3816.05,463.8,10214.66
2548,2024-03-28,8,1569.0,0.9,黄芳,钻石,13800580215,豪华显示器,佳能,785.0,7,图书音像,武汉仓库-7号,武汉区域,武汉区域,赵经理,年货节,0.6,银行卡,德邦快递,3,1.05,17.0,0.07,11296.8,5016.8,790.78,11878.64
2549,2024-03-28,9,1579.0,0.9500000000000001,周芳,普通,13800592560,简约显示器,飞利浦,790.0,8,母婴用品,重庆仓库-10号,重庆区域,重庆区域,吴经理,开学季,0.65,信用卡,顺丰速运,4,1.0,23.0,0.09,13500.45,6390.45,1215.04,13523.45
2550,2024-03-28,10,1589.0,1.0,吴芳,银卡,13800604905,创新显示器,松下,795.0,9,汽车用品,郑州仓库-13号,郑州区域,郑州区域,王经理,情人节特惠,0.7,货到付款,圆通快递,5,0.95,29.0,0.11,15890.0,7940.0,1747.9,15124.5
2551,2024-04-01,1,1599.0,0.8,张娟,金卡,13800617250,高端平板,华为,800.0,10,办公文具,北京仓库-1号,北京区域,北京区域,张经理,,,支付宝,顺丰速运,1,0.9,5.0,0.03,1279.2,479.2,38.38,1156.28
2552,2024-04-02,2,1609.0,0.8500000000000001,李娟,钻石,13800629595,精品平板,苹果,805.0,11,珠宝饰品,深圳仓库-4号,深圳区域,深圳区域,刘经理,国庆特卖,0.8,微信支付,圆通快递,2,1.1,11.0,0.05,2735.3,1125.3,136.77,3019.83
2553,2024-04-03,3,1619.0,0.9,王娟,普通,13800641940,经典平板,小米,810.0,12,宠物用品,武汉仓库-7号,武汉区域,武汉区域,赵经理,新品首发,0.85,银行卡,中通快递,3,1.05,17.0,0.07,4371.3,1941.3,305.99,4606.87
2554,2024-04-04,4,1629.0,0.9500000000000001,刘娟,银卡,13800654285,时尚平板,三星,815.0,13,医疗保健,重庆仓库-10号,重庆区域,重庆区域,吴经理,会员专享,0.9,信用卡,韵达快递,4,1.0,23.0,0.09,6190.2,2930.2,557.12,6213.2
2555,2024-04-05,5,1639.0,1.0,陈娟,金卡,13800666630,智能平板,联想,820.0,14,玩具乐器,郑州仓库-13号,郑州区域,郑州区域,王经理,限时秒杀,0.95,货到付款,申通快递,5,0.95,29.0,0.11,8195.0,4095.0,901.45,7814.25
2556,2024-04-06,6,1649.0,0.8,杨娟,钻石,13800678975,便携平板,戴尔,825.0,15,生鲜果蔬,北京仓库-1号,北京区域,北京区域,张经理,,,支付宝,京东物流,1,0.9,5.0,0.03,7915.2,2965.2,237.46,7128.68
2557,2024-04-07,7,1659.0,0.8500000000000001,赵娟,普通,13800691320,专业平板,索尼,830.0,16,箱包皮具,深圳仓库-4号,深圳区域,深圳区域,刘经理,618大促,0.55,微信支付,菜鸟驿站,2,1.1,11.0,0.05,9871.05,4061.05,493.55,10869.16
2558,2024-04-08,8,1669.0,0.9,黄娟,银卡,13800703665,豪华平板,佳能,835.0,17,钟表眼镜,武汉仓库-7号,武汉区域,武汉区域,赵经理,年货节,0.6,银行卡,德邦快递,3,1.05,17.0,0.07,12016.8,5336.8,841.18,12634.64
2559,2024-04-09,9,1679.0,0.9500000000000001,周娟,金卡,13800716010,简约平板,飞利浦,840.0,18,厨房用具,重庆仓库-10号,重庆区域,重庆区域,吴经理,开学季,0.65,信用卡,顺丰速运,4,1.0,23.0,0.09,14355.45,6795.45,1291.99,14378.45
2560,2024-04-10,10,1689.0,1.0,吴娟,钻石,13800728355,创新平板,松下,845.0,19,五金工具,郑州仓库-13号,郑州区域,郑州区域,王经理,情人节特惠,0.7,货到付款,圆通快递,5,0.95,29.0,0.11,16890.0,8440.0,1857.9,16074.5
2561,2024-04-11,1,1699.0,0.8,张敏,普通,13800740700,高端音箱,华为,850.0,0,数码电子,北京仓库-1号,北京区域,北京区域,张经理,,,支付宝,顺丰速运,1,0.9,5.0,0.03,1359.2,509.2,40.78,1228.28
2562,2024-04-12,2,1709.0,0.8500000000000001,李敏,银卡,13800753045,精品音箱,苹果,855.0,1,家用电器,深圳仓库-4号,深圳区域,深圳区域,刘经理,618大促,0.55,微信支付,圆通快递,2,1.1,11.0,0.05,2905.3,1195.3,145.27,3206.83
2563,2024-04-13,3,1719.0,0.9,王敏,金卡,13800765390,经典音箱,小米,860.0,2,服装鞋帽,武汉仓库-7号,武汉区域,武汉区域,赵经理,年货节,0.6,银行卡,中通快递,3,1.05,17.0,0.07,4641.3,2061.3,324.89,4890.37
2564,2024-04-14,4,1729.0,0.9500000000000001,刘敏,钻石,13800777735,时尚音箱,三星,865.0,3,食品饮料,重庆仓库-10号,重庆区域,重庆区域,吴经理,开学季,0.65,信用卡,韵达快递,4,1.0,23.0,0.09,6570.2,3110.2,591.32,6593.2
2565,2024-04-15,5,1739.0,1.0,陈敏,普通,13800790080,智能音箱,联想,870.0,4,美妆护肤,郑州仓库-13号,郑州区域,郑州区域,王经理,情人节特惠,0.7,货到付款,申通快递,5,0.95,29.0,0.11,8695.0,4345.0,956.45,8289.25
2566,2024-04-16,6,1749.0,0.8,杨敏,银卡,13800802425,便携音箱,戴尔,875.0,5,家居日用,北京仓库-1号,北京区域,北京区域,张经理,,,支付宝,京东物流,1,0.9,5.0,0.03,8395.2,3145.2,251.86,7560.68
2567,2024-04-17,7,1759.0,0.8500000000000001,赵敏,金卡,13800814770,专业音箱,索尼,880.0,6,运动户外,深圳仓库-4号,深圳区域,深圳区域,刘经理,国庆特卖,0.8,微信支付,菜鸟驿站,2,1.1,11.0,0.05,10466.05,4306.05,523.3,11523.66
2568,2024-04-18,8,1769.0,0.9,黄敏,钻石,13800827115,豪华音箱,佳能,885.0,7,图书音像,武汉仓库-7号,武汉区域,武汉区域,赵经理,新品首发,0.85,银行卡,德邦快递,3,1.05,17.0,0.07,12736.8,5656.8,891.58,13390.64
2569,2024-04-19,9,1779.0,0.9500000000000001,周敏,普通,13800839460,简约音箱,飞利浦,890.0,8,母婴用品,重庆仓库-10号,重庆区域,重庆区域,吴经理,会员专享,0.9,信用卡,顺丰速运,4,1.0,23.0,0.09,15210.45,7200.45,1368.94,15233.45
2570,2024-04-20,10,1789.0,1.0,吴敏,银卡,13800851805,创新音箱,松下,895.0,9,汽车用品,郑州仓库-13号,郑州区域,郑州区域,王经理,限时秒杀,0.95,货到付款,圆通快递,5,0.95,29.0,0.11,17890.0,8940.0,1967.9,17024.5
2571,2024-04-21,1,1799.0,0.8,张静,金卡,13800864150,高端手表,华为,900.0,10,办公文具,北京仓库-1号,北京区域,北京区域,张经理,,,支付宝,顺丰速运,1,0.9,5.0,0.03,1439.2,539.2,43.18,1300.28
2572,2024-04-22,2,1809.0,0.8500000000000001,李静,钻石,13800876495,精品手表,苹果,905.0,11,珠宝饰品,深圳仓库-4号,深圳区域,深圳区域,刘经理,618大促,0.55,微信支付,圆通快递,2,1.1,11.0,0.05,3075.3,1265.3,153.77,3393.83
2573,2024-04-23,3,1819.0,0.9,王静,普通,13800888840,经典手表,小米,910.0,12,宠物用品,武汉仓库-7号,武汉区域,武汉区域,赵经理,年货节,0.6,银行卡,中通快递,3,1.05,17.0,0.07,4911.3,2181.3,343.79,5173.87
2574,2024-04-24,4,1829.0,0.9500000000000001,刘静,银卡,13800901185,时尚手表,三星,915.0,13,医疗保健,重庆仓库-10号,重庆区域,重庆区域,吴经理,开学季,0.65,信用卡,韵达快递,4,1.0,23.0,0.09,6950.2,3290.2,625.52,6973.2
2575,2024-04-25,5,1839.0,1.0,陈静,金卡,13800913530,智能手表,联想,920.0,14,玩具乐器,郑州仓库-13号,郑州区域,郑州区域,王经理,情人节特惠,0.7,货到付款,申通快递,5,0.95,29.0,0.11,9195.0,4595.0,1011.45,8764.25
2576,2024-04-26,6,1849.0,0.8,杨静,钻石,13800925875,便携手表,戴尔,925.0,15,生鲜果蔬,北京仓库-1号,北京区域,北京区域,张经理,,,支付宝,京东物流,1,0.9,5.0,0.03,8875.2,3325.2,266.26,7992.68
2577,2024-04-27,7,1859.0,0.8500000000000001,赵静,普通,13800938220,专业手表,索尼,930.0,16,箱包皮具,深圳仓库-4号,深圳区域,深圳区域,刘经理,618大促,0.55,微信支付,菜鸟驿站,2,1.1,11.0,0.05,11061.05,4551.05,553.05,12178.16
2578,2024-04-28,8,1869.0,0.9,黄静,银卡,13800950565,豪华手表,佳能,935.0,17,钟表眼镜,武汉仓库-7号,武汉区域,武汉区域,赵经理,年货节,0.6,银行卡,德邦快递,3,1.05,17.0,0.07,13456.8,5976.8,941.98,14146.64
2579,2024-04-28,9,1879.0,0.9500000000000001,周静,金卡,13800962910,简约手表,飞利浦,940.0,18,厨房用具,重庆仓库-10号,重庆区域,重庆区域,吴经理,开学季,0.65,信用卡,顺丰速运,4,1.0,23.0,0.09,16065.45,7605.45,1445.89,16088.45
2580,2024-04-28,10,1889.0,1.0,吴静,钻石,13800975255,创新手表,松下,945.0,19,五金工具,郑州仓库-13号,郑州区域,郑州区域,王经理,情人节特惠,0.7,货到付款,圆通快递,5,0.95,29.0,0.11,18890.0,9440.0,2077.9,17974.5
2581,2024-05-01,1,1899.0,0.8,张丽,普通,13800987600,高端相机,华为,950.0,0,数码电子,北京仓库-1号,北京区域,北京区域,张经理,,,支付宝,顺丰速运,1,0.9,5.0,0.03,1519.2,569.2,45.58,1372.28
2582,2024-05-02,2,1909.0,0.8500000000000001,李丽,银卡,13800999945,精品相机,苹果,955.0,1,家用电器,深圳仓库-4号,深圳区域,深圳区域,刘经理,国庆特卖,0.8,微信支付,圆通快递,2,1.1,11.0,0.05,3245.3,1335.3,162.27,3580.83
2583,2024-05-03,3,1919.0,0.9,王丽,金卡,13801012290,经典相机,小米,960.0,2,服装鞋帽,武汉仓库-7号,武汉区域,武汉区域,赵经理,新品首发,0.85,银行卡,中通快递,3,1.05,17.0,0.07,5181.3,2301.3,362.69,5457.37
2584,2024-05-04,4,1929.0,0.9500000000000001,刘丽,钻石,13801024635,时尚相机,三星,965.0,3,食品饮料,重庆仓库-10号,重庆区域,重庆区域,吴经理,会员专享,0.9,信用卡,韵达快递,4,1.0,23.0,0.09,7330.2,3470.2,659.72,7353.2
2585,2024-05-05,5,1939.0,1.0,陈丽,普通,13801036980,智能相机,联想,970.0,4,美妆护肤,郑州仓库-13号,郑州区域,郑州区域,王经理,限时秒杀,0.95,货到付款,申通快递,5,0.95,29.0,0.11,9695.0,4845.0,1066.45,9239.25
2586,2024-05-06,6,1949.0,0.8,杨丽,银卡,13801049325,便携相机,戴尔,975.0,5,家居日用,北京仓库-1号,北京区域,北京区域,张经理,,,支付宝,京东物流,1,0.9,5.0,0.03,9355.2,3505.2,280.66,8424.68
2587,2024-05-07,7,1959.0,0.8500000000000001,赵丽,金卡,13801061670,专业相机,索尼,980.0,6,运动户外,深圳仓库-4号,深圳区域,深圳区域,刘经理,618大促,0.55,微信支付,菜鸟驿站,2,1.1,11.0,0.05,11656.05,4796.05,582.8,12832.66
2588,2024-05-08,8,1969.0,0.9,黄丽,钻石,13801074015,豪华相机,佳能,985.0,7,图书音像,武汉仓库-7号,武汉区域,武汉区域,赵经理,年货节,0.6,银行卡,德邦快递,3,1.05,17.0,0.07,14176.8,6296.8,992.38,14902.64
2589,2024-05-09,9,1979.0,0.9500000000000001,周丽,普通,13801086360,简约相机,飞利浦,990.0,8,母婴用品,重庆仓库-10号,重庆区域,重庆区域,吴经理,开学季,0.65,信用卡,顺丰速运,4,1.0,23.0,0.09,16920.45,8010.45,1522.84,16943.45
2590,2024-05-10,10,1989.0,1.0,吴丽,银卡,13801098705,创新相机,松下,995.0,9,汽车用品,郑州仓库-13号,郑州区域,郑州区域,王经理,情人节特惠,0.7,货到付款,圆通快递,5,0.95,29.0,0.11,19890.0,9940.0,2187.9,18924.5
2591,2024-05-11,1,1999.0,0.8,张勇,金卡,13801111050,高端充电器,华为,1000.0,10,办公文具,北京仓库-1号,北京区域,北京区域,张经理,,,支付宝,顺丰速运,1,0.9,5.0,0.03,1599.2,599.2,47.98,1444.28
2592,2024-05-12,2,2009.0,0.8500000000000001,李勇,钻石,13801123395,精品充电器,苹果,1005.0,11,珠宝饰品,深圳仓库-4号,深圳区域,深圳区域,刘经理,618大促,0.55,微信支付,圆通快递,2,1.1,11.0,0.05,3415.3,1405.3,170.77,3767.83
2593,2024-05-13,3,2019.0,0.9,王勇,普通,13801135740,经典充电器,小米,1010.0,12,宠物用品,武汉仓库-7号,武汉区域,武汉区域,赵经理,年货节,0.6,银行卡,中通快递,3,1.05,17.0,0.07,5451.3,2421.3,381.59,5740.87
2594,2024-05-14,4,2029.0,0.9500000000000001,刘勇,银卡,13801148085,时尚充电器,三星,1015.0,13,医疗保健,重庆仓库-10号,重庆区域,重庆区域,吴经理,开学季,0.65,信用卡,韵达快递,4,1.0,23.0,0.09,7710.2,3650.2,693.92,7733.2
2595,2024-05-15,5,2039.0,1.0,陈勇,金卡,13801160430,智能充电器,联想,1020.0,14,玩具乐器,郑州仓库-13号,郑州区域,郑州区域,王经理,情人节特惠,0.7,货到付款,申通快递,5,0.95,29.0,0.11,10195.0,5095.0,1121.45,9714.25
2596,2024-05-16,6,2049.0,0.8,杨勇,钻石,13801172775,便携充电器,戴尔,1025.0,15,生鲜果蔬,北京仓库-1号,北京区域,北京区域,张经理,,,支付宝,京东物流,1,0.9,5.0,0.03,9835.2,3685.2,295.06,8856.68
2597,2024-05-17,7,2059.0,0.8500000000000001,赵勇,普通,13801185120,专业充电器,索尼,1030.0,16,箱包皮具,深圳仓库-4号,深圳区域,深圳区域,刘经理,国庆特卖,0.8,微信支付,菜鸟驿站,2,1.1,11.0,0.05,12251.05,5041.05,612.55,13487.16
2598,2024-05-18,8,2069.0,0.9,黄勇,银卡,13801197465,豪华充电器,佳能,1035.0,17,钟表眼镜,武汉仓库-7号,武汉区域,武汉区域,赵经理,新品首发,0.85,银行卡,德邦快递,3,1.05,17.0,0.07,14896.8,6616.8,1042.78,15658.64
2599,2024-05-19,9,2079.0,0.9500000000000001,周勇,金卡,13801209810,简约充电器,飞利浦,1040.0,18,厨房用具,重庆仓库-10号,重庆区域,重庆区域,吴经理,会员专享,0.9,信用卡,顺丰速运,4,1.0,23.0,0.09,17775.45,8415.45,1599.79,17798.45
2600,2024-05-20,10,2089.0,1.0,吴勇,钻石,13801222155,创新充电器,松下,1045.0,19,五金工具,郑州仓库-13号,郑州区域,郑州区域,王经理,限时秒杀,0.95,货到付款,圆通快递,5,0.95,29.0,0.11,20890.0,10440.0,2297.9,19874.5
2601,2024-05-21,1,99.0,0.8,张明,普通,13801234500,高端手机,华为,50.0,0,数码电子,北京仓库-1号,北京区域,北京区域,张经理,,,支付宝,顺丰速运,1,0.9,5.0,0.03,79.2,29.2,2.38,76.28
2602,2024-05-22,2,109.0,0.8500000000000001,李明,银卡,13801246845,精品手机,苹果,55.0,1,家用电器,深圳仓库-4号,深圳区域,深圳区域,刘经理,618大促,0.55,微信支付,圆通快递,2,1.1,11.0,0.05,185.3,75.3,9.27,214.83
2603,2024-05-23,3,119.0,0.9,王明,金卡,13801259190,经典手机,小米,60.0,2,服装鞋帽,武汉仓库-7号,武汉区域,武汉区域,赵经理,年货节,0.6,银行卡,中通快递,3,1.05,17.0,0.07,321.3,141.3,22.49,354.37
2604,2024-05-24,4,129.0,0.9500000000000001,刘明,钻石,13801271535,时尚手机,三星,65.0,3,食品饮料,重庆仓库-10号,重庆区域,重庆区域,吴经理,开学季,0.65,信用卡,韵达快递,4,1.0,23.0,0.09,490.2,230.2,44.12,513.2
2605,2024-05-25,5,139.0,1.0,陈明,普通,13801283880,智能手机,联想,70.0,4,美妆护肤,郑州仓库-13号,郑州区域,郑州区域,王经理,情人节特惠,0.7,货到付款,申通快递,5,0.95,29.0,0.11,695.0,345.0,76.45,689.25
2606,2024-05-26,6,149.0,0.8,杨明,银卡,13801296225,便携手机,戴尔,75.0,5,家居日用,北京仓库-1号,北京区域,北京区域,张经理,,,支付宝,京东物流,1,0.9,5.0,0.03,715.2,265.2,21.46,648.68
2607,2024-05-27,7,159.0,0.8500000000000001,赵明,金卡,13801308570,专业手机,索尼,80.0,6,运动户外,深圳仓库-4号,深圳区域,深圳区域,刘经理,618大促,0.55,微信支付,菜鸟驿站,2,1.1,11.0,0.05,946.05,386.05,47.3,1051.65
2608,2024-05-28,8,169.0,0.9,黄明,钻石,13801320915,豪华手机,佳能,85.0,7,图书音像,武汉仓库-7号,武汉区域,武汉区域,赵经理,年货节,0.6,银行卡,德邦快递,3,1.05,17.0,0.07,1216.8,536.8,85.18,1294.64
2609,2024-05-28,9,179.0,0.9500000000000001,周明,普通,13801333260,简约手机,飞利浦,90.0,8,母婴用品,重庆仓库-10号,重庆区域,重庆区域,吴经理,开学季,0.65,信用卡,顺丰速运,4,1.0,23.0,0.09,1530.45,720.45,137.74,1553.45
2610,2024-05-28,10,189.0,1.0,吴明,银卡,13801345605,创新手机,松下,95.0,9,汽车用品,郑州仓库-13号,郑州区域,郑州区域,王经理,情人节特惠,0.7,货到付款,圆通快递,5,0.95,29.0,0.11,1890.0,940.0,207.9,1824.5
2611,2024-06-01,1,199.0,0.8,张华,金卡,13801357950,高端电脑,华为,100.0,10,办公文具,北京仓库-1号,北京区域,北京区域,张经理,,,支付宝,顺丰速运,1,0.9,5.0,0.03,159.2,59.2,4.78,148.28
2612,2024-06-02,2,209.0,0.8500000000000001,李华,钻石,13801370295,精品电脑,苹果,105.0,11,珠宝饰品,深圳仓库-4号,深圳区域,深圳区域,刘经理,国庆特卖,0.8,微信支付,圆通快递,2,1.1,11.0,0.05,355.3,145.3,17.77,401.83
2613,2024-06-03,3,219.0,0.9,王华,普通,13801382640,经典电脑,小米,110.0,12,宠物用品,武汉仓库-7号,武汉区域,武汉区域,赵经理,新品首发,0.85,银行卡,中通快递,3,1.05,17.0,0.07,591.3,261.3,41.39,637.87
2614,2024-06-04,4,229.0,0.9500000000000001,刘华,银卡,13801394985,时尚电脑,三星,115.0,13,医疗保健,重庆仓库-10号,重庆区域,重庆区域,吴经理,会员专享,0.9,信用卡,韵达快递,4,1.0,23.0,0.09,870.2,410.2,78.32,893.2
2615,2024-06-05,5,239.0,1.0,陈华,金卡,13801407330,智能电脑,联想,120.0,14,玩具乐器,郑州仓库-13号,郑州区域,郑州区域,王经理,限时秒杀,0.95,货到付款,申通快递,5,0.95,29.0,0.11,1195.0,595.0,131.45,1164.25
2616,2024-06-06,6,249.0,0.8,杨华,钻石,13801419675,便携电脑,戴尔,125.0,15,生鲜果蔬,北京仓库-1号,北京区域,北京区域,张经理,,,支付宝,京东物流,1,0.9,5.0,0.03,1195.2,445.2,35.86,1080.68
2617,2024-06-07,7,259.0,0.8500000000000001,赵华,普通,13801432020,专业电脑,索尼,130.0,16,箱包皮具,深圳仓库-4号,深圳区域,深圳区域,刘经理,618大促,0.55,微信支付,菜鸟驿站,2,1.1,11.0,0.05,1541.05,631.05,77.05,1706.16
2618,2024-06-08,8,269.0,0.9,黄华,银卡,13801444365,豪华电脑,佳能,135.0,17,钟表眼镜,武汉仓库-7号,武汉区域,武汉区域,赵经理,年货节,0.6,银行卡,德邦快递,3,1.05,17.0,0.07,1936.8,856.8,135.58,2050.64
2619,2024-06-09,9,279.0,0.9500000000000001,周华,金卡,13801456710,简约电脑,飞利浦,140.0,18,厨房用具,重庆仓库-10号,重庆区域,重庆区域,吴经理,开学季,0.65,信用卡,顺丰速运,4,1.0,23.0,0.09,2385.45,1125.45,214.69,2408.45
2620,2024-06-10,10,289.0,1.0,吴华,钻石,13801469055,创新电脑,松下,145.0,19,五金工具,郑州仓库-13号,郑州区域,郑州区域,王经理,情人节特惠,0.7,货到付款,圆通快递,5,0.95,29.0,0.11,2890.0,1440.0,317.9,2774.5
2621,2024-06-11,1,299.0,0.8,张强,普通,13801481400,高端耳机,华为,150.0,0,数码电子,北京仓库-1号,北京区域,北京区域,张经理,,,支付宝,顺丰速运,1,0.9,5.0,0.03,239.2,89.2,7.18,220.28
2622,2024-06-12,2,309.0,0.8500000000000001,李强,银卡,13801493745,精品耳机,苹果,155.0,1,家用电器,深圳仓库-4号,深圳区域,深圳区域,刘经理,618大促,0.55,微信支付,圆通快递,2,1.1,11.0,0.05,525.3,215.3,26.27,588.83
2623,2024-06-13,3,319.0,0.9,王强,金卡,13801506090,经典耳机,小米,160.0,2,服装鞋帽,武汉仓库-7号,武汉区域,武汉区域,赵经理,年货节,0.6,银行卡,中通快递,3,1.05,17.0,0.07,861.3,381.3,60.29,921.37
2624,2024-06-14,4,329.0,0.9500000000000001,刘强,钻石,13801518435,时尚耳机,三星,165.0,3,食品饮料,重庆仓库-10号,重庆区域,重庆区域,吴经理,开学季,0.65,信用卡,韵达快递,4,1.0,23.0,0.09,1250.2,590.2,112.52,1273.2
2625,2024-06-15,5,339.0,1.0,陈强,普通,13801530780,智能耳机,联想,170.0,4,美妆护肤,郑州仓库-13号,郑州区域,郑州区域,王经理,情人节特惠,0.7,货到付款,申通快递,5,0.95,29.0,0.11,1695.0,845.0,186.45,1639.25
2626,2024-06-16,6,349.0,0.8,杨强,银卡,13801543125,便携耳机,戴尔,175.0,5,家居日用,北京仓库-1号,北京区域,北京区域,张经理,,,支付宝,京东物流,1,0.9,5.0,0.03,1675.2,625.2,50.26,1512.68
2627,2024-06-17,7,359.0,0.8500000000000001,赵强,金卡,13801555470,专业耳机,索尼,180.0,6,运动户外,深圳仓库-4号,深圳区域,深圳区域,刘经理,国庆特卖,0.8,微信支付,菜鸟驿站,2,1.1,11.0,0.05,2136.05,876.05,106.8,2360.66
2628,2024-06-18,8,369.0,0.9,黄强,钻石,13801567815,豪华耳机,佳能,185.0,7,图书音像,武汉仓库-7号,武汉区域,武汉区域,赵经理,新品首发,0.85,银行卡,德邦快递,3,1.05,17.0,0.07,2656.8,1176.8,185.98,2806.64
2629,2024-06-19,9,379.0,0.9500000000000001,周强,普通,13801580160,简约耳机,飞利浦,190.0,8,母婴用品,重庆仓库-10号,重庆区域,重庆区域,吴经理,会员专享,0.9,信用卡,顺丰速运,4,1.0,23.0,0.09,3240.45,1530.45,291.64,3263.45
2630,2024-06-20,10,389.0,1.0,吴强,银卡,13801592505,创新耳机,松下,195.0,9,汽车用品,郑州仓库-13号,郑州区域,郑州区域,王经理,限时秒杀,0.95,货到付款,圆通快递,5,0.95,29.0,0.11,3890.0,1940.0,427.9,3724.5
2631,2024-06-21,1,399.0,0.8,张伟,金卡,13801604850,高端键盘,华为,200.0,10,办公文具,北京仓库-1号,北京区域,北京区域,张经理,,,支付宝,顺丰速运,1,0.9,5.0,0.03,319.2,119.2,9.58,292.28
2632,2024-06-22,2,409.0,0.8500000000000001,李伟,钻石,13801617195,精品键盘,苹果,205.0,11,珠宝饰品,深圳仓库-4号,深圳区域,深圳区域,刘经理,618大促,0.55,微信支付,圆通快递,2,1.1,11.0,0.05,695.3,285.3,34.77,775.83
2633,2024-06-23,3,419.0,0.9,王伟,普通,13801629540,经典键盘,小米,210.0,12,宠物用品,武汉仓库-7号,武汉区域,武汉区域,赵经理,年货节,0.6,银行卡,中通快递,3,1.05,17.0,0.07,1131.3,501.3,79.19,1204.87
2634,2024-06-24,4,429.0,0.9500000000000001,刘伟,银卡,13801641885,时尚键盘,三星,215.0,13,医疗保健,重庆仓库-10号,重庆区域,重庆区域,吴经理,开学季,0.65,信用卡,韵达快递,4,1.0,23.0,0.09,1630.2,770.2,146.72,1653.2
2635,2024-06-25,5,439.0,1.0,陈伟,金卡,13801654230,智能键盘,联想,220.0,14,玩具乐器,郑州仓库-13号,郑州区域,郑州区域,王经理,情人节特惠,0.7,货到付款,申通快递,5,0.95,29.0,0.11,2195.0,1095.0,241.45,2114.25
2636,2024-06-26,6,449.0,0.8,杨伟,钻石,13801666575,便携键盘,戴尔,225.0,15,生鲜果蔬,北京仓库-1号,北京区域,北京区域,张经理,,,支付宝,京东物流,1,0.9,5.0,0.03,2155.2,805.2,64.66,1944.68
2637,2024-06-27,7,459.0,0.8500000000000001,赵伟,普通,13801678920,专业键盘,索尼,230.0,16,箱包皮具,深圳仓库-4号,深圳区域,深圳区域,刘经理,618大促,0.55,微信支付,菜鸟驿站,2,1.1,11.0,0.05,2731.05,1121.05,136.55,3015.16
2638,2024-06-28,8,469.0,0.9,黄伟,银卡,13801691265,豪华键盘,佳能,235.0,17,钟表眼镜,武汉仓库-7号,武汉区域,武汉区域,赵经理,年货节,0.6,银行卡,德邦快递,3,1.05,17.0,0.07,3376.8,1496.8,236.38,3562.64
2639,2024-06-28,9,479.0,0.9500000000000001,周伟,金卡,13801703610,简约键盘,飞利浦,240.0,18,厨房用具,重庆仓库-10号,重庆区域,重庆区域,吴经理,开学季,0.65,信用卡,顺丰速运,4,1.0,23.0,0.09,4095.45,1935.45,368.59,4118.45
2640,2024-06-28,10,489.0,1.0,吴伟,钻石,13801715955,创新键盘,松下,245.0,19,五金工具,郑州仓库-13号,郑州区域,郑州区域,王经理,情人节特惠,0.7,货到付款,圆通快递,5,0.95,29.0,0.11,4890.0,2440.0,537.9,4674.5
2641,2024-07-01,1,499.0,0.8,张芳,普通,13801728300,高端显示器,华为,250.0,0,数码电子,北京仓库-1号,北京区域,北京区域,张经理,,,支付宝,顺丰速运,1,0.9,5.0,0.03,399.2,149.2,11.98,364.28
2642,2024-07-02,2,509.0,0.8500000000000001,李芳,银卡,13801740645,精品显示器,苹果,255.0,1,家用电器,深圳仓库-4号,深圳区域,深圳区域,刘经理,国庆特卖,0.8,微信支付,圆通快递,2,1.1,11.0,0.05,865.3,355.3,43.27,962.83
2643,2024-07-03,3,519.0,0.9,王芳,金卡,13801752990,经典显示器,小米,260.0,2,服装鞋帽,武汉仓库-7号,武汉区域,武汉区域,赵经理,新品首发,0.85,银行卡,中通快递,3,1.05,17.0,0.07,1401.3,621.3,98.09,1488.37
2644,2024-07-04,4,529.0,0.9500000000000001,刘芳,钻石,13801765335,时尚显示器,三星,265.0,3,食品饮料,重庆仓库-10号,重庆区域,重庆区域,吴经理,会员专享,0.9,信用卡,韵达快递,4,1.0,23.0,0.09,2010.2,950.2,180.92,2033.2
2645,2024-07-05,5,539.0,1.0,陈芳,普通,13801777680,智能显示器,联想,270.0,4,美妆护肤,郑州仓库-13号,郑州区域,郑州区域,王经理,限时秒杀,0.95,货到付款,申通快递,5,0.95,29.0,0.11,2695.0,1345.0,296.45,2589.25
2646,2024-07-06,6,549.0,0.8,杨芳,银卡,13801790025,便携显示器,戴尔,275.0,5,家居日用,北京仓库-1号,北京区域,北京区域,张经理,,,支付宝,京东物流,1,0.9,5.0,0.03,2635.2,985.2,79.06,2376.68
2647,2024-07-07,7,559.0,0.8500000000000001,赵芳,金卡,13801802370,专业显示器,索尼,280.0,6,运动户外,深圳仓库-4号,深圳区域,深圳区域,刘经理,618大促,0.55,微信支付,菜鸟驿站,2,1.1,11.0,0.05,3326.05,1366.05,166.3,3669.66
2648,2024-07-08,8,569.0,0.9,黄芳,钻石,13801814715,豪华显示器,佳能,285.0,7,图书音像,武汉仓库-7号,武汉区域,武汉区域,赵经理,年货节,0.6,银行卡,德邦快递,3,1.05,17.0,0.07,4096.8,1816.8,286.78,4318.64
2649,2024-07-09,9,579.0,0.9500000000000001,周芳,普通,13801827060,简约显示器,飞利浦,290.0,8,母婴用品,重庆仓库-10号,重庆区域,重庆区域,吴经理,开学季,0.65,信用卡,顺丰速运,4,1.0,23.0,0.09,4950.45,2340.45,445.54,4973.45
2650,2024-07-10,10,589.0,1.0,吴芳,银卡,13801839405,创新显示器,松下,295.0,9,汽车用品,郑州仓库-13号,郑州区域,郑州区域,王经理,情人节特惠,0.7,货到付款,圆通快递,5,0.95,29.0,0.11,5890.0,2940.0,647.9,5624.5
2651,2024-07-11,1,599.0,0.8,张娟,金卡,13801851750,高端平板,华为,300.0,10,办公文具,北京仓库-1号,北京区域,北京区域,张经理,,,支付宝,顺丰速运,1,0.9,5.0,0.03,479.2,179.2,14.38,436.28
2652,2024-07-12,2,609.0,0.8500000000000001,李娟,钻石,13801864095,精品平板,苹果,305.0,11,珠宝饰品,深圳仓库-4号,深圳区域,深圳区域,刘经理,618大促,0.55,微信支付,圆通快递,2,1.1,11.0,0.05,1035.3,425.3,51.77,1149.83
2653,2024-07-13,3,619.0,0.9,王娟,普通,13801876440,经典平板,小米,310.0,12,宠物用品,武汉仓库-7号,武汉区域,武汉区域,赵经理,年货节,0.6,银行卡,中通快递,3,1.05,17.0,0.07,1671.3,741.3,116.99,1771.87
2654,2024-07-14,4,629.0,0.9500000000000001,刘娟,银卡,13801888785,时尚平板,三星,315.0,13,医疗保健,重庆仓库-10号,重庆区域,重庆区域,吴经理,开学季,0.65,信用卡,韵达快递,4,1.0,23.0,0.09,2390.2,1130.2,215.12,2413.2
2655,2024-07-15,5,639.0,1.0,陈娟,金卡,13801901130,智能平板,联想,320.0,14,玩具乐器,郑州仓库-13号,郑州区域,郑州区域,王经理,情人节特惠,0.7,货到付款,申通快递,5,0.95,29.0,0.11,3195.0,1595.0,351.45,3064.25
2656,2024-07-16,6,649.0,0.8,杨娟,钻石,13801913475,便携平板,戴尔,325.0,15,生鲜果蔬,北京仓库-1号,北京区域,北京区域,张经理,,,支付宝,京东物流,1,0.9,5.0,0.03,3115.2,1165.2,93.46,2808.68
2657,2024-07-17,7,659.0,0.8500000000000001,赵娟,普通,13801925820,专业平板,索尼,330.0,16,箱包皮具,深圳仓库-4号,深圳区域,深圳区域,刘经理,国庆特卖,0.8,微信支付,菜鸟驿站,2,1.1,11.0,0.05,3921.05,1611.05,196.05,4324.16
2658,2024-07-18,8,669.0,0.9,黄娟,银卡,13801938165,豪华平板,佳能,335.0,17,钟表眼镜,武汉仓库-7号,武汉区域,武汉区域,赵经理,新品首发,0.85,银行卡,德邦快递,3,1.05,17.0,0.07,4816.8,2136.8,337.18,5074.64
2659,2024-07-19,9,679.0,0.9500000000000001,周娟,金卡,13801950510,简约平板,飞利浦,340.0,18,厨房用具,重庆仓库-10号,重庆区域,重庆区域,吴经理,会员专享,0.9,信用卡,顺丰速运,4,1.0,23.0,0.09,5805.45,2745.45,522.49,5828.45
2660,2024-07-20,10,689.0,1.0,吴娟,钻石,13801962855,创新平板,松下,345.0,19,五金工具,郑州仓库-13号,郑州区域,郑州区域,王经理,限时秒杀,0.95,货到付款,圆通快递,5,0.95,29.0,0.11,6890.0,3440.0,757.9,6574.5
2661,2024-07-21,1,699.0,0.8,张敏,普通,13801975200,高端音箱,华为,350.0,0,数码电子,北京仓库-1号,北京区域,北京区域,张经理,,,支付宝,顺丰速运,1,0.9,5.0,0.03,559.2,209.2,16.78,508.28
2662,2024-07-22,2,709.0,0.8500000000000001,李敏,银卡,13801987545,精品音箱,苹果,355.0,1,家用电器,深圳仓库-4号,深圳区域,深圳区域,刘经理,618大促,0.55,微信支付,圆通快递,2,1.1,11.0,0.05,1205.3,495.3,60.27,1336.83
2663,2024-07-23,3,719.0,0.9,王敏,金卡,13801999890,经典音箱,小米,360.0,2,服装鞋帽,武汉仓库-7号,武汉区域,武汉区域,赵经理,年货节,0.6,银行卡,中通快递,3,1.05,17.0,0.07,1941.3,861.3,135.89,2055.36
2664,2024-07-24,4,729.0,0.9500000000000001,刘敏,钻石,13802012235,时尚音箱,三星,365.0,3,食品饮料,重庆仓库-10号,重庆区域,重庆区域,吴经理,开学季,0.65,信用卡,韵达快递,4,1.0,23.0,0.09,2770.2,1310.2,249.32,2793.2
2665,2024-07-25,5,739.0,1.0,陈敏,普通,13802024580,智能音箱,联想,370.0,4,美妆护肤,郑州仓库-13号,郑州区域,郑州区域,王经理,情人节特惠,0.7,货到付款,申通快递,5,0.95,29.0,0.11,3695.0,1845.0,406.45,3539.25
2666,2024-07-26,6,749.0,0.8,杨敏,银卡,13802036925,便携音箱,戴尔,375.0,5,家居日用,北京仓库-1号,北京区域,北京区域,张经理,,,支付宝,京东物流,1,0.9,5.0,0.03,3595.2,1345.2,107.86,3240.68
2667,2024-07-27,7,759.0,0.8500000000000001,赵敏,金卡,13802049270,专业音箱,索尼,380.0,6,运动户外,深圳仓库-4号,深圳区域,深圳区域,刘经理,618大促,0.55,微信支付,菜鸟驿站,2,1.1,11.0,0.05,4516.05,1856.05,225.8,4978.66
2668,2024-07-28,8,769.0,0.9,黄敏,钻石,13802061615,豪华音箱,佳能,385.0,7,图书音像,武汉仓库-7号,武汉区域,武汉区域,赵经理,年货节,0.6,银行卡,德邦快递,3,1.05,17.0,0.07,5536.8,2456.8,387.58,5830.64
2669,2024-07-28,9,779.0,0.9500000000000001,周敏,普通,13802073960,简约音箱,飞利浦,390.0,8,母婴用品,重庆仓库-10号,重庆区域,重庆区域,吴经理,开学季,0.65,信用卡,顺丰速运,4,1.0,23.0,0.09,6660.45,3150.45,599.44,6683.45
2670,2024-07-28,10,789.0,1.0,吴敏,银卡,13802086305,创新音箱,松下,395.0,9,汽车用品,郑州仓库-13号,郑州区域,郑州区域,王经理,情人节特惠,0.7,货到付款,圆通快递,5,0.95,29.0,0.11,7890.0,3940.0,867.9,7524.5
2671,2024-08-01,1,799.0,0.8,张静,金卡,13802098650,高端手表,华为,400.0,10,办公文具,北京仓库-1号,北京区域,北京区域,张经理,,,支付宝,顺丰速运,1,0.9,5.0,0.03,639.2,239.2,19.18,580.28
2672,2024-08-02,2,809.0,0.8500000000000001,李静,钻石,13802110995,精品手表,苹果,405.0,11,珠宝饰品,深圳仓库-4号,深圳区域,深圳区域,刘经理,国庆特卖,0.8,微信支付,圆通快递,2,1.1,11.0,0.05,1375.3,565.3,68.77,1523.83
2673,2024-08-03,3,819.0,0.9,王静,普通,13802123340,经典手表,小米,410.0,12,宠物用品,武汉仓库-7号,武汉区域,武汉区域,赵经理,新品首发,0.85,银行卡,中通快递,3,1.05,17.0,0.07,2211.3,981.3,154.79,2338.87
2674,2024-08-04,4,829.0,0.9500000000000001,刘静,银卡,13802135685,时尚手表,三星,415.0,13,医疗保健,重庆仓库-10号,重庆区域,重庆区域,吴经理,会员专享,0.9,信用卡,韵达快递,4,1.0,23.0,0.09,3150.2,1490.2,283.52,3173.2
2675,2024-08-05,5,839.0,1.0,陈静,金卡,13802148030,智能手表,联想,420.0,14,玩具乐器,郑州仓库-13号,郑州区域,郑州区域,王经理,限时秒杀,0.95,货到付款,申通快递,5,0.95,29.0,0.11,4195.0,2095.0,461.45,4014.25
2676,2024-08-06,6,849.0,0.8,杨静,钻石,13802160375,便携手表,戴尔,425.0,15,生鲜果蔬,北京仓库-1号,北京区域,北京区域,张经理,,,支付宝,京东物流,1,0.9,5.0,0.03,4075.2,1525.2,122.26,3672.68
2677,2024-08-07,7,859.0,0.8500000000000001,赵静,普通,13802172720,专业手表,索尼,430.0,16,箱包皮具,深圳仓库-4号,深圳区域,深圳区域,刘经理,618大促,0.55,微信支付,菜鸟驿站,2,1.1,11.0,0.05,5111.05,2101.05,255.55,5633.16
2678,2024-08-08,8,869.0,0.9,黄静,银卡,13802185065,豪华手表,佳能,435.0,17,钟表眼镜,武汉仓库-7号,武汉区域,武汉区域,赵经理,年货节,0.6,银行卡,德邦快递,3,1.05,17.0,0.07,6256.8,2776.8,437.98,6586.64
2679,2024-08-09,9,879.0,0.9500000000000001,周静,金卡,13802197410,简约手表,飞利浦,440.0,18,厨房用具,重庆仓库-10号,重庆区域,重庆区域,吴经理,开学季,0.65,信用卡,顺丰速运,4,1.0,23.0,0.09,7515.45,3555.45,676.39,7538.45
2680,2024-08-10,10,889.0,1.0,吴静,钻石,13802209755,创新手表,松下,445.0,19,五金工具,郑州仓库-13号,郑州区域,郑州区域,王经理,情人节特惠,0.7,货到付款,圆通快递,5,0.95,29.0,0.11,8890.0,4440.0,977.9,8474.5
2681,2024-08-11,1,899.0,0.8,张丽,普通,13802222100,高端相机,华为,450.0,0,数码电子,北京仓库-1号,北京区域,北京区域,张经理,,,支付宝,顺丰速运,1,0.9,5.0,0.03,719.2,269.2,21.58,652.28
2682,2024-08-12,2,909.0,0.8500000000000001,李丽,银卡,13802234445,精品相机,苹果,455.0,1,家用电器,深圳仓库-4号,深圳区域,深圳区域,刘经理,618大促,0.55,微信支付,圆通快递,2,1.1,11.0,0.05,1545.3,635.3,77.27,1710.83
2683,2024-08-13,3,919.0,0.9,王丽,金卡,13802246790,经典相机,小米,460.0,2,服装鞋帽,武汉仓库-7号,武汉区域,武汉区域,赵经理,年货节,0.6,银行卡,中通快递,3,1.05,17.0,0.07,2481.3,1101.3,173.69,2622.37
2684,2024-08-14,4,929.0,0.9500000000000001,刘丽,钻石,13802259135,时尚相机,三星,465.0,3,食品饮料,重庆仓库-10号,重庆区域,重庆区域,吴经理,开学季,0.65,信用卡,韵达快递,4,1.0,23.0,0.09,3530.2,1670.2,317.72,3553.2
2685,2024-08-15,5,939.0,1.0,陈丽,普通,13802271480,智能相机,联想,470.0,4,美妆护肤,郑州仓库-13号,郑州区域,郑州区域,王经理,情人节特惠,0.7,货到付款,申通快递,5,0.95,29.0,0.11,4695.0,2345.0,516.45,4489.25
2686,2024-08-16,6,949.0,0.8,杨丽,银卡,13802283825,便携相机,戴尔,475.0,5,家居日用,北京仓库-1号,北京区域,北京区域,张经理,,,支付宝,京东物流,1,0.9,5.0,0.03,4555.2,1705.2,136.66,4104.68
2687,2024-08-17,7,959.0,0.8500000000000001,赵丽,金卡,13802296170,专业相机,索尼,480.0,6,运动户外,深圳仓库-4号,深圳区域,深圳区域,刘经理,国庆特卖,0.8,微信支付,菜鸟驿站,2,1.1,11.0,0.05,5706.05,2346.05,285.3,6287.66
2688,2024-08-18,8,969.0,0.9,黄丽,钻石,13802308515,豪华相机,佳能,485.0,7,图书音像,武汉仓库-7号,武汉区域,武汉区域,赵经理,新品首发,0.85,银行卡,德邦快递,3,1.05,17.0,0.07,6976.8,3096.8,488.38,7342.64
2689,2024-08-19,9,979.0,0.9500000000000001,周丽,普通,13802320860,简约相机,飞利浦,490.0,8,母婴用品,重庆仓库-10号,重庆区域,重庆区域,吴经理,会员专享,0.9,信用卡,顺丰速运,4,1.0,23.0,0.09,8370.45,3960.45,753.34,8393.45
2690,2024-08-20,10,989.0,1.0,吴丽,银卡,13802333205,创新相机,松下,495.0,9,汽车用品,郑州仓库-13号,郑州区域,郑州区域,王经理,限时秒杀,0.95,货到付款,圆通快递,5,0.95,29.0,0.11,9890.0,4940.0,1087.9,9424.5
2691,2024-08-21,1,999.0,0.8,张勇,金卡,13802345550,高端充电器,华为,500.0,10,办公文具,北京仓库-1号,北京区域,北京区域,张经理,,,支付宝,顺丰速运,1,0.9,5.0,0.03,799.2,299.2,23.98,724.28
2692,2024-08-22,2,1009.0,0.8500000000000001,李勇,钻石,13802357895,精品充电器,苹果,505.0,11,珠宝饰品,深圳仓库-4号,深圳区域,深圳区域,刘经理,618大促,0.55,微信支付,圆通快递,2,1.1,11.0,0.05,1715.3,705.3,85.77,1897.83
2693,2024-08-23,3,1019.0,0.9,王勇,普通,13802370240,经典充电器,小米,510.0,12,宠物用品,武汉仓库-7号,武汉区域,武汉区域,赵经理,年货节,0.6,银行卡,中通快递,3,1.05,17.0,0.07,2751.3,1221.3,192.59,2905.87
2694,2024-08-24,4,1029.0,0.9500000000000001,刘勇,银卡,13802382585,时尚充电器,三星,515.0,13,医疗保健,重庆仓库-10号,重庆区域,重庆区域,吴经理,开学季,0.65,信用卡,韵达快递,4,1.0,23.0,0.09,3910.2,1850.2,351.92,3933.2
2695,2024-08-25,5,1039.0,1.0,陈勇,金卡,13802394930,智能充电器,联想,520.0,14,玩具乐器,郑州仓库-13号,郑州区域,郑州区域,王经理,情人节特惠,0.7,货到付款,申通快递,5,0.95,29.0,0.11,5195.0,2595.0,571.45,4964.25
2696,2024-08-26,6,1049.0,0.8,杨勇,钻石,13802407275,便携充电器,戴尔,525.0,15,生鲜果蔬,北京仓库-1号,北京区域,北京区域,张经理,,,支付宝,京东物流,1,0.9,5.0,0.03,5035.2,1885.2,151.06,4536.68
2697,2024-08-27,7,1059.0,0.8500000000000001,赵勇,普通,13802419620,专业充电器,索尼,530.0,16,箱包皮具,深圳仓库-4号,深圳区域,深圳区域,刘经理,618大促,0.55,微信支付,菜鸟驿站,2,1.1,11.0,0.05,6301.05,2591.05,315.05,6942.16
2698,2024-08-28,8,1069.0,0.9,黄勇,银卡,13802431965,豪华充电器,佳能,535.0,17,钟表眼镜,武汉仓库-7号,武汉区域,武汉区域,赵经理,年货节,0.6,银行卡,德邦快递,3,1.05,17.0,0.07,7696.8,3416.8,538.78,8098.64
2699,2024-08-28,9,1079.0,0.9500000000000001,周勇,金卡,13802444310,简约充电器,飞利浦,540.0,18,厨房用具,重庆仓库-10号,重庆区域,重庆区域,吴经理,开学季,0.65,信用卡,顺丰速运,4,1.0,23.0,0.09,9225.45,4365.45,830.29,9248.45
2700,2024-08-28,10,1089.0,1.0,吴勇,钻石,13802456655,创新充电器,松下,545.0,19,五金工具,郑州仓库-13号,郑州区域,郑州区域,王经理,情人节特惠,0.7,货到付款,圆通快递,5,0.95,29.0,0.11,10890.0,5440.0,1197.9,10374.5
2701,2024-09-01,1,1099.0,0.8,张明,普通,13802469000,高端手机,华为,550.0,0,数码电子,北京仓库-1号,北京区域,北京区域,张经理,,,支付宝,顺丰速运,1,0.9,5.0,0.03,879.2,329.2,26.38,796.28
2702,2024-09-02,2,1109.0,0.8500000000000001,李明,银卡,13802481345,精品手机,苹果,555.0,1,家用电器,深圳仓库-4号,深圳区域,深圳区域,刘经理,国庆特卖,0.8,微信支付,圆通快递,2,1.1,11.0,0.05,1885.3,775.3,94.27,2084.83
2703,2024-09-03,3,1119.0,0.9,王明,金卡,13802493690,经典手机,小米,560.0,2,服装鞋帽,武汉仓库-7号,武汉区域,武汉区域,赵经理,新品首发,0.85,银行卡,中通快递,3,1.05,17.0,0.07,3021.3,1341.3,211.49,3189.37
2704,2024-09-04,4,1129.0,0.9500000000000001,刘明,钻石,13802506035,时尚手机,三星,565.0,3,食品饮料,重庆仓库-10号,重庆区域,重庆区域,吴经理,会员专享,0.9,信用卡,韵达快递,4,1.0,23.0,0.09,4290.2,2030.2,386.12,4313.2
2705,2024-09-05,5,1139.0,1.0,陈明,普通,13802518380,智能手机,联想,570.0,4,美妆护肤,郑州仓库-13号,郑州区域,郑州区域,王经理,限时秒杀,0.95,货到付款,申通快递,5,0.95,29.0,0.11,5695.0,2845.0,626.45,5439.25
2706,2024-09-06,6,1149.0,0.8,杨明,银卡,13802530725,便携手机,戴尔,575.0,5,家居日用,北京仓库-1号,北京区域,北京区域,张经理,,,支付宝,京东物流,1,0.9,5.0,0.03,5515.2,2065.2,165.46,4968.68
2707,2024-09-07,7,1159.0,0.8500000000000001,赵明,金卡,13802543070,专业手机,索尼,580.0,6,运动户外,深圳仓库-4号,深圳区域,深圳区域,刘经理,618大促,0.55,微信支付,菜鸟驿站,2,1.1,11.0,0.05,6896.05,2836.05,344.8,7596.66
2708,2024-09-08,8,1169.0,0.9,黄明,钻石,13802555415,豪华手机,佳能,585.0,7,图书音像,武汉仓库-7号,武汉区域,武汉区域,赵经理,年货节,0.6,银行卡,德邦快递,3,1.05,17.0,0.07,8416.8,3736.8,589.18,8854.64
2709,2024-09-09,9,1179.0,0.9500000000000001,周明,普通,13802567760,简约手机,飞利浦,590.0,8,母婴用品,重庆仓库-10号,重庆区域,重庆区域,吴经理,开学季,0.65,信用卡,顺丰速运,4,1.0,23.0,0.09,10080.45,4770.45,907.24,10103.45
2710,2024-09-10,10,1189.0,1.0,吴明,银卡,13802580105,创新手机,松下,595.0,9,汽车用品,郑州仓库-13号,郑州区域,郑州区域,王经理,情人节特惠,0.7,货到付款,圆通快递,5,0.95,29.0,0.11,11890.0,5940.0,1307.9,11324.5
2711,2024-09-11,1,1199.0,0.8,张华,金卡,13802592450,高端电脑,华为,600.0,10,办公文具,北京仓库-1号,北京区域,北京区域,张经理,,,支付宝,顺丰速运,1,0.9,5.0,0.03,959.2,359.2,28.78,868.28
2712,2024-09-12,2,1209.0,0.8500000000000001,李华,钻石,13802604795,精品电脑,苹果,605.0,11,珠宝饰品,深圳仓库-4号,深圳区域,深圳区域,刘经理,618大促,0.55,微信支付,圆通快递,2,1.1,11.0,0.05,2055.3,845.3,102.77,2271.83
2713,2024-09-13,3,1219.0,0.9,王华,普通,13802617140,经典电脑,小米,610.0,12,宠物用品,武汉仓库-7号,武汉区域,武汉区域,赵经理,年货节,0.6,银行卡,中通快递,3,1.05,17.0,0.07,3291.3,1461.3,230.39,3472.87
2714,2024-09-14,4,1229.0,0.9500000000000001,刘华,银卡,13802629485,时尚电脑,三星,615.0,13,医疗保健,重庆仓库-10号,重庆区域,重庆区域,吴经理,开学季,0.65,信用卡,韵达快递,4,1.0,23.0,0.09,4670.2,2210.2,420.32,4693.2
2715,2024-09-15,5,1239.0,1.0,陈华,金卡,13802641830,智能电脑,联想,620.0,14,玩具乐器,郑州仓库-13号,郑州区域,郑州区域,王经理,情人节特惠,0.7,货到付款,申通快递,5,0.95,29.0,0.11,6195.0,3095.0,681.45,5914.25
2716,2024-09-16,6,1249.0,0.8,杨华,钻石,13802654175,便携电脑,戴尔,625.0,15,生鲜果蔬,北京仓库-1号,北京区域,北京区域,张经理,,,支付宝,京东物流,1,0.9,5.0,0.03,5995.2,2245.2,179.86,5400.68
2717,2024-09-17,7,1259.0,0.8500000000000001,赵华,普通,13802666520,专业电脑,索尼,630.0,16,箱包皮具,深圳仓库-4号,深圳区域,深圳区域,刘经理,国庆特卖,0.8,微信支付,菜鸟驿站,2,1.1,11.0,0.05,7491.05,3081.05,374.55,8251.16
2718,2024-09-18,8,1269.0,0.9,黄华,银卡,13802678865,豪华电脑,佳能,635.0,17,钟表眼镜,武汉仓库-7号,武汉区域,武汉区域,赵经理,新品首发,0.85,银行卡,德邦快递,3,1.05,17.0,0.07,9136.8,4056.8,639.58,9610.64
2719,2024-09-19,9,1279.0,0.9500000000000001,周华,金卡,13802691210,简约电脑,飞利浦,640.0,18,厨房用具,重庆仓库-10号,重庆区域,重庆区域,吴经理,会员专享,0.9,信用卡,顺丰速运,4,1.0,23.0,0.09,10935.45,5175.45,984.19,10958.45
2720,2024-09-20,10,1289.0,1.0,吴华,钻石,13802703555,创新电脑,松下,645.0,19,五金工具,郑州仓库-13号,郑州区域,郑州区域,王经理,限时秒杀,0.95,货到付款,圆通快递,5,0.95,29.0,0.11,12890.0,6440.0,1417.9,12274.5
2721,2024-09-21,1,1299.0,0.8,张强,普通,13802715900,高端耳机,华为,650.0,0,数码电子,北京仓库-1号,北京区域,北京区域,张经理,,,支付宝,顺丰速运,1,0.9,5.0,0.03,1039.2,389.2,31.18,940.28
2722,2024-09-22,2,1309.0,0.8500000000000001,李强,银卡,13802728245,精品耳机,苹果,655.0,1,家用电器,深圳仓库-4号,深圳区域,深圳区域,刘经理,618大促,0.55,微信支付,圆通快递,2,1.1,11.0,0.05,2225.3,915.3,111.27,2458.83
2723,2024-09-23,3,1319.0,0.9,王强,金卡,13802740590,经典耳机,小米,660.0,2,服装鞋帽,武汉仓库-7号,武汉区域,武汉区域,赵经理,年货节,0.6,银行卡,中通快递,3,1.05,17.0,0.07,3561.3,1581.3,249.29,3756.37
2724,2024-09-24,4,1329.0,0.9500000000000001,刘强,钻石,13802752935,时尚耳机,三星,665.0,3,食品饮料,重庆仓库-10号,重庆区域,重庆区域,吴经理,开学季,0.65,信用卡,韵达快递,4,1.0,23.0,0.09,5050.2,2390.2,454.52,5073.2
2725,2024-09-25,5,1339.0,1.0,陈强,普通,13802765280,智能耳机,联想,670.0,4,美妆护肤,郑州仓库-13号,郑州区域,郑州区域,王经理,情人节特惠,0.7,货到付款,申通快递,5,0.95,29.0,0.11,6695.0,3345.0,736.45,6389.25
2726,2024-09-26,6,1349.0,0.8,杨强,银卡,13802777625,便携耳机,戴尔,675.0,5,家居日用,北京仓库-1号,北京区域,北京区域,张经理,,,支付宝,京东物流,1,0.9,5.0,0.03,6475.2,2425.2,194.26,5832.68
2727,2024-09-27,7,1359.0,0.8500000000000001,赵强,金卡,13802789970,专业耳机,索尼,680.0,6,运动户外,深圳仓库-4号,深圳区域,深圳区域,刘经理,618大促,0.55,微信支付,菜鸟驿站,2,1.1,11.0,0.05,8086.05,3326.05,404.3,8905.66
2728,2024-09-28,8,1369.0,0.9,黄强,钻石,13802802315,豪华耳机,佳能,685.0,7,图书音像,武汉仓库-7号,武汉区域,武汉区域,赵经理,年货节,0.6,银行卡,德邦快递,3,1.05,17.0,0.07,9856.8,4376.8,689.98,10366.64
2729,2024-09-28,9,1379.0,0.9500000000000001,周强,普通,13802814660,简约耳机,飞利浦,690.0,8,母婴用品,重庆仓库-10号,重庆区域,重庆区域,吴经理,开学季,0.65,信用卡,顺丰速运,4,1.0,23.0,0.09,11790.45,5580.45,1061.14,11813.45
2730,2024-09-28,10,1389.0,1.0,吴强,银卡,13802827005,创新耳机,松下,695.0,9,汽车用品,郑州仓库-13号,郑州区域,郑州区域,王经理,情人节特惠,0.7,货到付款,圆通快递,5,0.95,29.0,0.11,13890.0,6940.0,1527.9,13224.5
2731,2024-10-01,1,1399.0,0.8,张伟,金卡,13802839350,高端键盘,华为,700.0,10,办公文具,北京仓库-1号,北京区域,北京区域,张经理,,,支付宝,顺丰速运,1,0.9,5.0,0.03,1119.2,419.2,33.58,1012.28
2732,2024-10-02,2,1409.0,0.8500000000000001,李伟,钻石,13802851695,精品键盘,苹果,705.0,11,珠宝饰品,深圳仓库-4号,深圳区域,深圳区域,刘经理,国庆特卖,0.8,微信支付,圆通快递,2,1.1,11.0,0.05,2395.3,985.3,119.77,2645.83
2733,2024-10-03,3,1419.0,0.9,王伟,普通,13802864040,经典键盘,小米,710.0,12,宠物用品,武汉仓库-7号,武汉区域,武汉区域,赵经理,新品首发,0.85,银行卡,中通快递,3,1.05,17.0,0.07,3831.3,1701.3,268.19,4039.87
2734,2024-10-04,4,1429.0,0.9500000000000001,刘伟,银卡,13802876385,时尚键盘,三星,715.0,13,医疗保健,重庆仓库-10号,重庆区域,重庆区域,吴经理,会员专享,0.9,信用卡,韵达快递,4,1.0,23.0,0.09,5430.2,2570.2,488.72,5453.2
2735,2024-10-05,5,1439.0,1.0,陈伟,金卡,13802888730,智能键盘,联想,720.0,14,玩具乐器,郑州仓库-13号,郑州区域,郑州区域,王经理,限时秒杀,0.95,货到付款,申通快递,5,0.95,29.0,0.11,7195.0,3595.0,791.45,6864.25
2736,2024-10-06,6,1449.0,0.8,杨伟,钻石,13802901075,便携键盘,戴尔,725.0,15,生鲜果蔬,北京仓库-1号,北京区域,北京区域,张经理,,,支付宝,京东物流,1,0.9,5.0,0.03,6955.2,2605.2,208.66,6264.68
2737,2024-10-07,7,1459.0,0.8500000000000001,赵伟,普通,13802913420,专业键盘,索尼,730.0,16,箱包皮具,深圳仓库-4号,深圳区域,深圳区域,刘经理,618大促,0.55,微信支付,菜鸟驿站,2,1.1,11.0,0.05,8681.05,3571.05,434.05,9560.16
2738,2024-10-08,8,1469.0,0.9,黄伟,银卡,13802925765,豪华键盘,佳能,735.0,17,钟表眼镜,武汉仓库-7号,武汉区域,武汉区域,赵经理,年货节,0.6,银行卡,德邦快递,3,1.05,17.0,0.07,10576.8,4696.8,740.38,11122.64
2739,2024-10-09,9,1479.0,0.9500000000000001,周伟,金卡,13802938110,简约键盘,飞利浦,740.0,18,厨房用具,重庆仓库-10号,重庆区域,重庆区域,吴经理,开学季,0.65,信用卡,顺丰速运,4,1.0,23.0,0.09,12645.45,5985.45,1138.09,12668.45
2740,2024-10-10,10,1489.0,1.0,吴伟,钻石,13802950455,创新键盘,松下,745.0,19,五金工具,郑州仓库-13号,郑州区域,郑州区域,王经理,情人节特惠,0.7,货到付款,圆通快递,5,0.95,29.0,0.11,14890.0,7440.0,1637.9,14174.5
2741,2024-10-11,1,1499.0,0.8,张芳,普通,13802962800,高端显示器,华为,750.0,0,数码电子,北京仓库-1号,北京区域,北京区域,张经理,,,支付宝,顺丰速运,1,0.9,5.0,0.03,1199.2,449.2,35.98,1084.28
2742,2024-10-12,2,1509.0,0.8500000000000001,李芳,银卡,13802975145,精品显示器,苹果,755.0,1,家用电器,深圳仓库-4号,深圳区域,深圳区域,刘经理,618大促,0.55,微信支付,圆通快递,2,1.1,11.0,0.05,2565.3,1055.3,128.27,2832.83
2743,2024-10-13,3,1519.0,0.9,王芳,金卡,13802987490,经典显示器,小米,760.0,2,服装鞋帽,武汉仓库-7号,武汉区域,武汉区域,赵经理,年货节,0.6,银行卡,中通快递,3,1.05,17.0,0.07,4101.3,1821.3,287.09,4323.37
2744,2024-10-14,4,1529.0,0.9500000000000001,刘芳,钻石,13802999835,时尚显示器,三星,765.0,3,食品饮料,重庆仓库-10号,重庆区域,重庆区域,吴经理,开学季,0.65,信用卡,韵达快递,4,1.0,23.0,0.09,5810.2,2750.2,522.92,5833.2
2745,2024-10-15,5,1539.0,1.0,陈芳,普通,13803012180,智能显示器,联想,770.0,4,美妆护肤,郑州仓库-13号,郑州区域,郑州区域,王经理,情人节特惠,0.7,货到付款,申通快递,5,0.95,29.0,0.11,7695.0,3845.0,846.45,7339.25
2746,2024-10-16,6,1549.0,0.8,杨芳,银卡,13803024525,便携显示器,戴尔,775.0,5,家居日用,北京仓库-1号,北京区域,北京区域,张经理,,,支付宝,京东物流,1,0.9,5.0,0.03,7435.2,2785.2,223.06,6696.68
2747,2024-10-17,7,1559.0,0.8500000000000001,赵芳,金卡,13803036870,专业显示器,索尼,780.0,6,运动户外,深圳仓库-4号,深圳区域,深圳区域,刘经理,国庆特卖,0.8,微信支付,菜鸟驿站,2,1.1,11.0,0.05,9276.05,3816.05,463.8,10214.66
2748,2024-10-18,8,1569.0,0.9,黄芳,钻石,13803049215,豪华显示器,佳能,785.0,7,图书音像,武汉仓库-7号,武汉区域,武汉区域,赵经理,新品首发,0.85,银行卡,德邦快递,3,1.05,17.0,0.07,11296.8,5016.8,790.78,11878.64
2749,2024-10-19,9,1579.0,0.9500000000000001,周芳,普通,13803061560,简约显示器,飞利浦,790.0,8,母婴用品,重庆仓库-10号,重庆区域,重庆区域,吴经理,会员专享,0.9,信用卡,顺丰速运,4,1.0,23.0,0.09,13500.45,6390.45,1215.04,13523.45
2750,2024-10-20,10,1589.0,1.0,吴芳,银卡,13803073905,创新显示器,松下,795.0,9,汽车用品,郑州仓库-13号,郑州区域,郑州区域,王经理,限时秒杀,0.95,货到付款,圆通快递,5,0.95,29.0,0.11,15890.0,7940.0,1747.9,15124.5
2751,2024-10-21,1,1599.0,0.8,张娟,金卡,13803086250,高端平板,华为,800.0,10,办公文具,北京仓库-1号,北京区域,北京区域,张经理,,,支付宝,顺丰速运,1,0.9,5.0,0.03,1279.2,479.2,38.38,1156.28
2752,2024-10-22,2,1609.0,0.8500000000000001,李娟,钻石,13803098595,精品平板,苹果,805.0,11,珠宝饰品,深圳仓库-4号,深圳区域,深圳区域,刘经理,618大促,0.55,微信支付,圆通快递,2,1.1,11.0,0.05,2735.3,1125.3,136.77,3019.83
2753,2024-10-23,3,1619.0,0.9,王娟,普通,13803110940,经典平板,小米,810.0,12,宠物用品,武汉仓库-7号,武汉区域,武汉区域,赵经理,年货节,0.6,银行卡,中通快递,3,1.05,17.0,0.07,4371.3,1941.3,305.99,4606.87
2754,2024-10-24,4,1629.0,0.9500000000000001,刘娟,银卡,13803123285,时尚平板,三星,815.0,13,医疗保健,重庆仓库-10号,重庆区域,重庆区域,吴经理,开学季,0.65,信用卡,韵达快递,4,1.0,23.0,0.09,6190.2,2930.2,557.12,6213.2
2755,2024-10-25,5,1639.0,1.0,陈娟,金卡,13803135630,智能平板,联想,820.0,14,玩具乐器,郑州仓库-13号,郑州区域,郑州区域,王经理,情人节特惠,0.7,货到付款,申通快递,5,0.95,29.0,0.11,8195.0,4095.0,901.45,7814.25
2756,2024-10-26,6,1649.0,0.8,杨娟,钻石,13803147975,便携平板,戴尔,825.0,15,生鲜果蔬,北京仓库-1号,北京区域,北京区域,张经理,,,支付宝,京东物流,1,0.9,5.0,0.03,7915.2,2965.2,237.46,7128.68
2757,2024-10-27,7,1659.0,0.8500000000000001,赵娟,普通,13803160320,专业平板,索尼,830.0,16,箱包皮具,深圳仓库-4号,深圳区域,深圳区域,刘经理,618大促,0.55,微信支付,菜鸟驿站,2,1.1,11.0,0.05,9871.05,4061.05,493.55,10869.16
2758,2024-10-28,8,1669.0,0.9,黄娟,银卡,13803172665,豪华平板,佳能,835.0,17,钟表眼镜,武汉仓库-7号,武汉区域,武汉区域,赵经理,年货节,0.6,银行卡,德邦快递,3,1.05,17.0,0.07,12016.8,5336.8,841.18,12634.64
2759,2024-10-28,9,1679.0,0.9500000000000001,周娟,金卡,13803185010,简约平板,飞利浦,840.0,18,厨房用具,重庆仓库-10号,重庆区域,重庆区域,吴经理,开学季,0.65,信用卡,顺丰速运,4,1.0,23.0,0.09,14355.45,6795.45,1291.99,14378.45
2760,2024-10-28,10,1689.0,1.0,吴娟,钻石,13803197355,创新平板,松下,845.0,19,五金工具,郑州仓库-13号,郑州区域,郑州区域,王经理,情人节特惠,0.7,货到付款,圆通快递,5,0.95,29.0,0.11,16890.0,8440.0,1857.9,16074.5
2761,2024-11-01,1,1699.0,0.8,张敏,普通,13803209700,高端音箱,华为,850.0,0,数码电子,北京仓库-1号,北京区域,北京区域,张经理,,,支付宝,顺丰速运,1,0.9,5.0,0.03,1359.2,509.2,40.78,1228.28
2762,2024-11-02,2,1709.0,0.8500000000000001,李敏,银卡,13803222045,精品音箱,苹果,855.0,1,家用电器,深圳仓库-4号,深圳区域,深圳区域,刘经理,国庆特卖,0.8,微信支付,圆通快递,2,1.1,11.0,0.05,2905.3,1195.3,145.27,3206.83
2763,2024-11-03,3,1719.0,0.9,王敏,金卡,13803234390,经典音箱,小米,860.0,2,服装鞋帽,武汉仓库-7号,武汉区域,武汉区域,赵经理,新品首发,0.85,银行卡,中通快递,3,1.05,17.0,0.07,4641.3,2061.3,324.89,4890.37
2764,2024-11-04,4,1729.0,0.9500000000000001,刘敏,钻石,13803246735,时尚音箱,三星,865.0,3,食品饮料,重庆仓库-10号,重庆区域,重庆区域,吴经理,会员专享,0.9,信用卡,韵达快递,4,1.0,23.0,0.09,6570.2,3110.2,591.32,6593.2
2765,2024-11-05,5,1739.0,1.0,陈敏,普通,13803259080,智能音箱,联想,870.0,4,美妆护肤,郑州仓库-13号,郑州区域,郑州区域,王经理,限时秒杀,0.95,货到付款,申通快递,5,0.95,29.0,0.11,8695.0,4345.0,956.45,8289.25
2766,2024-11-06,6,1749.0,0.8,杨敏,银卡,13803271425,便携音箱,戴尔,875.0,5,家居日用,北京仓库-1号,北京区域,北京区域,张经理,,,支付宝,京东物流,1,0.9,5.0,0.03,8395.2,3145.2,251.86,7560.68
2767,2024-11-07,7,1759.0,0.8500000000000001,赵敏,金卡,13803283770,专业音箱,索尼,880.0,6,运动户外,深圳仓库-4号,深圳区域,深圳区域,刘经理,618大促,0.55,微信支付,菜鸟驿站,2,1.1,11.0,0.05,10466.05,4306.05,523.3,11523.66
2768,2024-11-08,8,1769.0,0.9,黄敏,钻石,13803296115,豪华音箱,佳能,885.0,7,图书音像,武汉仓库-7号,武汉区域,武汉区域,赵经理,年货节,0.6,银行卡,德邦快递,3,1.05,17.0,0.07,12736.8,5656.8,891.58,13390.64
2769,2024-11-09,9,1779.0,0.9500000000000001,周敏,普通,13803308460,简约音箱,飞利浦,890.0,8,母婴用品,重庆仓库-10号,重庆区域,重庆区域,吴经理,开学季,0.65,信用卡,顺丰速运,4,1.0,23.0,0.09,15210.45,7200.45,1368.94,15233.45
2770,2024-11-10,10,1789.0,1.0,吴敏,银卡,13803320805,创新音箱,松下,895.0,9,汽车用品,郑州仓库-13号,郑州区域,郑州区域,王经理,情人节特惠,0.7,货到付款,圆通快递,5,0.95,29.0,0.11,17890.0,8940.0,1967.9,17024.5
2771,2024-11-11,1,1799.0,0.8,张静,金卡,13803333150,高端手表,华为,900.0,10,办公文具,北京仓库-1号,北京区域,北京区域,张经理,,,支付宝,顺丰速运,1,0.9,5.0,0.03,1439.2,539.2,43.18,1300.28
2772,2024-11-12,2,1809.0,0.8500000000000001,李静,钻石,13803345495,精品手表,苹果,905.0,11,珠宝饰品,深圳仓库-4号,深圳区域,深圳区域,刘经理,618大促,0.55,微信支付,圆通快递,2,1.1,11.0,0.05,3075.3,1265.3,153.77,3393.83
2773,2024-11-13,3,1819.0,0.9,王静,普通,13803357840,经典手表,小米,910.0,12,宠物用品,武汉仓库-7号,武汉区域,武汉区域,赵经理,年货节,0.6,银行卡,中通快递,3,1.05,17.0,0.07,4911.3,2181.3,343.79,5173.87
2774,2024-11-14,4,1829.0,0.9500000000000001,刘静,银卡,13803370185,时尚手表,三星,915.0,13,医疗保健,重庆仓库-10号,重庆区域,重庆区域,吴经理,开学季,0.65,信用卡,韵达快递,4,1.0,23.0,0.09,6950.2,3290.2,625.52,6973.2
2775,2024-11-15,5,1839.0,1.0,陈静,金卡,13803382530,智能手表,联想,920.0,14,玩具乐器,郑州仓库-13号,郑州区域,郑州区域,王经理,情人节特惠,0.7,货到付款,申通快递,5,0.95,29.0,0.11,9195.0,4595.0,1011.45,8764.25
2776,2024-11-16,6,1849.0,0.8,杨静,钻石,13803394875,便携手表,戴尔,925.0,15,生鲜果蔬,北京仓库-1号,北京区域,北京区域,张经理,,,支付宝,京东物流,1,0.9,5.0,0.03,8875.2,3325.2,266.26,7992.68
2777,2024-11-17,7,1859.0,0.8500000000000001,赵静,普通,13803407220,专业手表,索尼,930.0,16,箱包皮具,深圳仓库-4号,深圳区域,深圳区域,刘经理,国庆特卖,0.8,微信支付,菜鸟驿站,2,1.1,11.0,0.05,11061.05,4551.05,553.05,12178.16
2778,2024-11-18,8,1869.0,0.9,黄静,银卡,13803419565,豪华手表,佳能,935.0,17,钟表眼镜,武汉仓库-7号,武汉区域,武汉区域,赵经理,新品首发,0.85,银行卡,德邦快递,3,1.05,17.0,0.07,13456.8,5976.8,941.98,14146.64
2779,2024-11-19,9,1879.0,0.9500000000000001,周静,金卡,13803431910,简约手表,飞利浦,940.0,18,厨房用具,重庆仓库-10号,重庆区域,重庆区域,吴经理,会员专享,0.9,信用卡,顺丰速运,4,1.0,23.0,0.09,16065.45,7605.45,1445.89,16088.45
2780,2024-11-20,10,1889.0,1.0,吴静,钻石,13803444255,创新手表,松下,945.0,19,五金工具,郑州仓库-13号,郑州区域,郑州区域,王经理,限时秒杀,0.95,货到付款,圆通快递,5,0.95,29.0,0.11,18890.0,9440.0,2077.9,17974.5
2781,2024-11-21,1,1899.0,0.8,张丽,普通,13803456600,高端相机,华为,950.0,0,数码电子,北京仓库-1号,北京区域,北京区域,张经理,,,支付宝,顺丰速运,1,0.9,5.0,0.03,1519.2,569.2,45.58,1372.28
2782,2024-11-22,2,1909.0,0.8500000000000001,李丽,银卡,13803468945,精品相机,苹果,955.0,1,家用电器,深圳仓库-4号,深圳区域,深圳区域,刘经理,618大促,0.55,微信支付,圆通快递,2,1.1,11.0,0.05,3245.3,1335.3,162.27,3580.83
2783,2024-11-23,3,1919.0,0.9,王丽,金卡,13803481290,经典相机,小米,960.0,2,服装鞋帽,武汉仓库-7号,武汉区域,武汉区域,赵经理,年货节,0.6,银行卡,中通快递,3,1.05,17.0,0.07,5181.3,2301.3,362.69,5457.37
2784,2024-11-24,4,1929.0,0.9500000000000001,刘丽,钻石,13803493635,时尚相机,三星,965.0,3,食品饮料,重庆仓库-10号,重庆区域,重庆区域,吴经理,开学季,0.65,信用卡,韵达快递,4,1.0,23.0,0.09,7330.2,3470.2,659.72,7353.2
2785,2024-11-25,5,1939.0,1.0,陈丽,普通,13803505980,智能相机,联想,970.0,4,美妆护肤,郑州仓库-13号,郑州区域,郑州区域,王经理,情人节特惠,0.7,货到付款,申通快递,5,0.95,29.0,0.11,9695.0,4845.0,1066.45,9239.25
2786,2024-11-26,6,1949.0,0.8,杨丽,银卡,13803518325,便携相机,戴尔,975.0,5,家居日用,北京仓库-1号,北京区域,北京区域,张经理,,,支付宝,京东物流,1,0.9,5.0,0.03,9355.2,3505.2,280.66,8424.68
2787,2024-11-27,7,1959.0,0.8500000000000001,赵丽,金卡,13803530670,专业相机,索尼,980.0,6,运动户外,深圳仓库-4号,深圳区域,深圳区域,刘经理,618大促,0.55,微信支付,菜鸟驿站,2,1.1,11.0,0.05,11656.05,4796.05,582.8,12832.66
2788,2024-11-28,8,1969.0,0.9,黄丽,钻石,13803543015,豪华相机,佳能,985.0,7,图书音像,武汉仓库-7号,武汉区域,武汉区域,赵经理,年货节,0.6,银行卡,德邦快递,3,1.05,17.0,0.07,14176.8,6296.8,992.38,14902.64
2789,2024-11-28,9,1979.0,0.9500000000000001,周丽,普通,13803555360,简约相机,飞利浦,990.0,8,母婴用品,重庆仓库-10号,重庆区域,重庆区域,吴经理,开学季,0.65,信用卡,顺丰速运,4,1.0,23.0,0.09,16920.45,8010.45,1522.84,16943.45
2790,2024-11-28,10,1989.0,1.0,吴丽,银卡,13803567705,创新相机,松下,995.0,9,汽车用品,郑州仓库-13号,郑州区域,郑州区域,王经理,情人节特惠,0.7,货到付款,圆通快递,5,0.95,29.0,0.11,19890.0,9940.0,2187.9,18924.5
2791,2024-12-01,1,1999.0,0.8,张勇,金卡,13803580050,高端充电器,华为,1000.0,10,办公文具,北京仓库-1号,北京区域,北京区域,张经理,,,支付宝,顺丰速运,1,0.9,5.0,0.03,1599.2,599.2,47.98,1444.28
2792,2024-12-02,2,2009.0,0.8500000000000001,李勇,钻石,13803592395,精品充电器,苹果,1005.0,11,珠宝饰品,深圳仓库-4号,深圳区域,深圳区域,刘经理,国庆特卖,0.8,微信支付,圆通快递,2,1.1,11.0,0.05,3415.3,1405.3,170.77,3767.83
2793,2024-12-03,3,2019.0,0.9,王勇,普通,13803604740,经典充电器,小米,1010.0,12,宠物用品,武汉仓库-7号,武汉区域,武汉区域,赵经理,新品首发,0.85,银行卡,中通快递,3,1.05,17.0,0.07,5451.3,2421.3,381.59,5740.87
2794,2024-12-04,4,2029.0,0.9500000000000001,刘勇,银卡,13803617085,时尚充电器,三星,1015.0,13,医疗保健,重庆仓库-10号,重庆区域,重庆区域,吴经理,会员专享,0.9,信用卡,韵达快递,4,1.0,23.0,0.09,7710.2,3650.2,693.92,7733.2
2795,2024-12-05,5,2039.0,1.0,陈勇,金卡,13803629430,智能充电器,联想,1020.0,14,玩具乐器,郑州仓库-13号,郑州区域,郑州区域,王经理,限时秒杀,0.95,货到付款,申通快递,5,0.95,29.0,0.11,10195.0,5095.0,1121.45,9714.25
2796,2024-12-06,6,2049.0,0.8,杨勇,钻石,13803641775,便携充电器,戴尔,1025.0,15,生鲜果蔬,北京仓库-1号,北京区域,北京区域,张经理,,,支付宝,京东物流,1,0.9,5.0,0.03,9835.2,3685.2,295.06,8856.68
2797,2024-12-07,7,2059.0,0.8500000000000001,赵勇,普通,13803654120,专业充电器,索尼,1030.0,16,箱包皮具,深圳仓库-4号,深圳区域,深圳区域,刘经理,618大促,0.55,微信支付,菜鸟驿站,2,1.1,11.0,0.05,12251.05,5041.05,612.55,13487.16
2798,2024-12-08,8,2069.0,0.9,黄勇,银卡,13803666465,豪华充电器,佳能,1035.0,17,钟表眼镜,武汉仓库-7号,武汉区域,武汉区域,赵经理,年货节,0.6,银行卡,德邦快递,3,1.05,17.0,0.07,14896.8,6616.8,1042.78,15658.64
2799,2024-12-09,9,2079.0,0.9500000000000001,周勇,金卡,13803678810,简约充电器,飞利浦,1040.0,18,厨房用具,重庆仓库-10号,重庆区域,重庆区域,吴经理,开学季,0.65,信用卡,顺丰速运,4,1.0,23.0,0.09,17775.45,8415.45,1599.79,17798.45
2800,2024-12-10,10,2089.0,1.0,吴勇,钻石,13803691155,创新充电器,松下,1045.0,19,五金工具,郑州仓库-13号,郑州区域,郑州区域,王经理,情人节特惠,0.7,货到付款,圆通快递,5,0.95,29.0,0.11,20890.0,10440.0,2297.9,19874.5
2801,2024-12-11,1,99.0,0.8,张明,普通,13803703500,高端手机,华为,50.0,0,数码电子,北京仓库-1号,北京区域,北京区域,张经理,,,支付宝,顺丰速运,1,0.9,5.0,0.03,79.2,29.2,2.38,76.28
2802,2024-12-12,2,109.0,0.8500000000000001,李明,银卡,13803715845,精品手机,苹果,55.0,1,家用电器,深圳仓库-4号,深圳区域,深圳区域,刘经理,618大促,0.55,微信支付,圆通快递,2,1.1,11.0,0.05,185.3,75.3,9.27,214.83
2803,2024-12-13,3,119.0,0.9,王明,金卡,13803728190,经典手机,小米,60.0,2,服装鞋帽,武汉仓库-7号,武汉区域,武汉区域,赵经理,年货节,0.6,银行卡,中通快递,3,1.05,17.0,0.07,321.3,141.3,22.49,354.37
2804,2024-12-14,4,129.0,0.9500000000000001,刘明,钻石,13803740535,时尚手机,三星,65.0,3,食品饮料,重庆仓库-10号,重庆区域,重庆区域,吴经理,开学季,0.65,信用卡,韵达快递,4,1.0,23.0,0.09,490.2,230.2,44.12,513.2
2805,2024-12-15,5,139.0,1.0,陈明,普通,13803752880,智能手机,联想,70.0,4,美妆护肤,郑州仓库-13号,郑州区域,郑州区域,王经理,情人节特惠,0.7,货到付款,申通快递,5,0.95,29.0,0.11,695.0,345.0,76.45,689.25
2806,2024-12-16,6,149.0,0.8,杨明,银卡,13803765225,便携手机,戴尔,75.0,5,家居日用,北京仓库-1号,北京区域,北京区域,张经理,,,支付宝,京东物流,1,0.9,5.0,0.03,715.2,265.2,21.46,648.68
2807,2024-12-17,7,159.0,0.8500000000000001,赵明,金卡,13803777570,专业手机,索尼,80.0,6,运动户外,深圳仓库-4号,深圳区域,深圳区域,刘经理,国庆特卖,0.8,微信支付,菜鸟驿站,2,1.1,11.0,0.05,946.05,386.05,47.3,1051.65
2808,2024-12-18,8,169.0,0.9,黄明,钻石,13803789915,豪华手机,佳能,85.0,7,图书音像,武汉仓库-7号,武汉区域,武汉区域,赵经理,新品首发,0.85,银行卡,德邦快递,3,1.05,17.0,0.07,1216.8,536.8,85.18,1294.64
2809,2024-12-19,9,179.0,0.9500000000000001,周明,普通,13803802260,简约手机,飞利浦,90.0,8,母婴用品,重庆仓库-10号,重庆区域,重庆区域,吴经理,会员专享,0.9,信用卡,顺丰速运,4,1.0,23.0,0.09,1530.45,720.45,137.74,1553.45
2810,2024-12-20,10,189.0,1.0,吴明,银卡,13803814605,创新手机,松下,95.0,9,汽车用品,郑州仓库-13号,郑州区域,郑州区域,王经理,限时秒杀,0.95,货到付款,圆通快递,5,0.95,29.0,0.11,1890.0,940.0,207.9,1824.5
2811,2024-12-21,1,199.0,0.8,张华,金卡,13803826950,高端电脑,华为,100.0,10,办公文具,北京仓库-1号,北京区域,北京区域,张经理,,,支付宝,顺丰速运,1,0.9,5.0,0.03,159.2,59.2,4.78,148.28
2812,2024-12-22,2,209.0,0.8500000000000001,李华,钻石,13803839295,精品电脑,苹果,105.0,11,珠宝饰品,深圳仓库-4号,深圳区域,深圳区域,刘经理,618大促,0.55,微信支付,圆通快递,2,1.1,11.0,0.05,355.3,145.3,17.77,401.83
2813,2024-12-23,3,219.0,0.9,王华,普通,13803851640,经典电脑,小米,110.0,12,宠物用品,武汉仓库-7号,武汉区域,武汉区域,赵经理,年货节,0.6,银行卡,中通快递,3,1.05,17.0,0.07,591.3,261.3,41.39,637.87
2814,2024-12-24,4,229.0,0.9500000000000001,刘华,银卡,13803863985,时尚电脑,三星,115.0,13,医疗保健,重庆仓库-10号,重庆区域,重庆区域,吴经理,开学季,0.65,信用卡,韵达快递,4,1.0,23.0,0.09,870.2,410.2,78.32,893.2
2815,2024-12-25,5,239.0,1.0,陈华,金卡,13803876330,智能电脑,联想,120.0,14,玩具乐器,郑州仓库-13号,郑州区域,郑州区域,王经理,情人节特惠,0.7,货到付款,申通快递,5,0.95,29.0,0.11,1195.0,595.0,131.45,1164.25
2816,2024-12-26,6,249.0,0.8,杨华,钻石,13803888675,便携电脑,戴尔,125.0,15,生鲜果蔬,北京仓库-1号,北京区域,北京区域,张经理,,,支付宝,京东物流,1,0.9,5.0,0.03,1195.2,445.2,35.86,1080.68
2817,2024-12-27,7,259.0,0.8500000000000001,赵华,普通,13803901020,专业电脑,索尼,130.0,16,箱包皮具,深圳仓库-4号,深圳区域,深圳区域,刘经理,618大促,0.55,微信支付,菜鸟驿站,2,1.1,11.0,0.05,1541.05,631.05,77.05,1706.16
2818,2024-12-28,8,269.0,0.9,黄华,银卡,13803913365,豪华电脑,佳能,135.0,17,钟表眼镜,武汉仓库-7号,武汉区域,武汉区域,赵经理,年货节,0.6,银行卡,德邦快递,3,1.05,17.0,0.07,1936.8,856.8,135.58,2050.64
2819,2024-12-28,9,279.0,0.9500000000000001,周华,金卡,13803925710,简约电脑,飞利浦,140.0,18,厨房用具,重庆仓库-10号,重庆区域,重庆区域,吴经理,开学季,0.65,信用卡,顺丰速运,4,1.0,23.0,0.09,2385.45,1125.45,214.69,2408.45
2820,2024-12-28,10,289.0,1.0,吴华,钻石,13803938055,创新电脑,松下,145.0,19,五金工具,郑州仓库-13号,郑州区域,郑州区域,王经理,情人节特惠,0.7,货到付款,圆通快递,5,0.95,29.0,0.11,2890.0,1440.0,317.9,2774.5
2821,2024-12-01,1,299.0,0.8,张强,普通,13803950400,高端耳机,华为,150.0,0,数码电子,北京仓库-1号,北京区域,北京区域,张经理,,,支付宝,顺丰速运,1,0.9,5.0,0.03,239.2,89.2,7.18,220.28
2822,2024-12-02,2,309.0,0.8500000000000001,李强,银卡,13803962745,精品耳机,苹果,155.0,1,家用电器,深圳仓库-4号,深圳区域,深圳区域,刘经理,国庆特卖,0.8,微信支付,圆通快递,2,1.1,11.0,0.05,525.3,215.3,26.27,588.83
2823,2024-12-03,3,319.0,0.9,王强,金卡,13803975090,经典耳机,小米,160.0,2,服装鞋帽,武汉仓库-7号,武汉区域,武汉区域,赵经理,新品首发,0.85,银行卡,中通快递,3,1.05,17.0,0.07,861.3,381.3,60.29,921.37
2824,2024-12-04,4,329.0,0.9500000000000001,刘强,钻石,13803987435,时尚耳机,三星,165.0,3,食品饮料,重庆仓库-10号,重庆区域,重庆区域,吴经理,会员专享,0.9,信用卡,韵达快递,4,1.0,23.0,0.09,1250.2,590.2,112.52,1273.2
2825,2024-12-05,5,339.0,1.0,陈强,普通,13803999780,智能耳机,联想,170.0,4,美妆护肤,郑州仓库-13号,郑州区域,郑州区域,王经理,限时秒杀,0.95,货到付款,申通快递,5,0.95,29.0,0.11,1695.0,845.0,186.45,1639.25
2826,2024-01-01,6,349.0,0.8,杨强,银卡,13804012125,便携耳机,戴尔,175.0,5,家居日用,北京仓库-1号,北京区域,北京区域,张经理,,,支付宝,京东物流,1,0.9,5.0,0.03,1675.2,625.2,50.26,1512.68
2827,2024-01-02,7,359.0,0.8500000000000001,赵强,金卡,13804024470,专业耳机,索尼,180.0,6,运动户外,深圳仓库-4号,深圳区域,深圳区域,刘经理,618大促,0.55,微信支付,菜鸟驿站,2,1.1,11.0,0.05,2136.05,876.05,106.8,2360.66
2828,2024-01-03,8,369.0,0.9,黄强,钻石,13804036815,豪华耳机,佳能,185.0,7,图书音像,武汉仓库-7号,武汉区域,武汉区域,赵经理,年货节,0.6,银行卡,德邦快递,3,1.05,17.0,0.07,2656.8,1176.8,185.98,2806.64
2829,2024-01-04,9,379.0,0.9500000000000001,周强,普通,13804049160,简约耳机,飞利浦,190.0,8,母婴用品,重庆仓库-10号,重庆区域,重庆区域,吴经理,开学季,0.65,信用卡,顺丰速运,4,1.0,23.0,0.09,3240.45,1530.45,291.64,3263.45
2830,2024-01-05,10,389.0,1.0,吴强,银卡,13804061505,创新耳机,松下,195.0,9,汽车用品,郑州仓库-13号,郑州区域,郑州区域,王经理,情人节特惠,0.7,货到付款,圆通快递,5,0.95,29.0,0.11,3890.0,1940.0,427.9,3724.5
2831,2024-01-06,1,399.0,0.8,张伟,金卡,13804073850,高端键盘,华为,200.0,10,办公文具,北京仓库-1号,北京区域,北京区域,张经理,,,支付宝,顺丰速运,1,0.9,5.0,0.03,319.2,119.2,9.58,292.28
2832,2024-01-07,2,409.0,0.8500000000000001,李伟,钻石,13804086195,精品键盘,苹果,205.0,11,珠宝饰品,深圳仓库-4号,深圳区域,深圳区域,刘经理,618大促,0.55,微信支付,圆通快递,2,1.1,11.0,0.05,695.3,285.3,34.77,775.83
2833,2024-01-08,3,419.0,0.9,王伟,普通,13804098540,经典键盘,小米,210.0,12,宠物用品,武汉仓库-7号,武汉区域,武汉区域,赵经理,年货节,0.6,银行卡,中通快递,3,1.05,17.0,0.07,1131.3,501.3,79.19,1204.87
2834,2024-01-09,4,429.0,0.9500000000000001,刘伟,银卡,13804110885,时尚键盘,三星,215.0,13,医疗保健,重庆仓库-10号,重庆区域,重庆区域,吴经理,开学季,0.65,信用卡,韵达快递,4,1.0,23.0,0.09,1630.2,770.2,146.72,1653.2
2835,2024-01-10,5,439.0,1.0,陈伟,金卡,13804123230,智能键盘,联想,220.0,14,玩具乐器,郑州仓库-13号,郑州区域,郑州区域,王经理,情人节特惠,0.7,货到付款,申通快递,5,0.95,29.0,0.11,2195.0,1095.0,241.45,2114.25
2836,2024-01-11,6,449.0,0.8,杨伟,钻石,13804135575,便携键盘,戴尔,225.0,15,生鲜果蔬,北京仓库-1号,北京区域,北京区域,张经理,,,支付宝,京东物流,1,0.9,5.0,0.03,2155.2,805.2,64.66,1944.68
2837,2024-01-12,7,459.0,0.8500000000000001,赵伟,普通,13804147920,专业键盘,索尼,230.0,16,箱包皮具,深圳仓库-4号,深圳区域,深圳区域,刘经理,国庆特卖,0.8,微信支付,菜鸟驿站,2,1.1,11.0,0.05,2731.05,1121.05,136.55,3015.16
2838,2024-01-13,8,469.0,0.9,黄伟,银卡,13804160265,豪华键盘,佳能,235.0,17,钟表眼镜,武汉仓库-7号,武汉区域,武汉区域,赵经理,新品首发,0.85,银行卡,德邦快递,3,1.05,17.0,0.07,3376.8,1496.8,236.38,3562.64
2839,2024-01-14,9,479.0,0.9500000000000001,周伟,金卡,13804172610,简约键盘,飞利浦,240.0,18,厨房用具,重庆仓库-10号,重庆区域,重庆区域,吴经理,会员专享,0.9,信用卡,顺丰速运,4,1.0,23.0,0.09,4095.45,1935.45,368.59,4118.45
2840,2024-01-15,10,489.0,1.0,吴伟,钻石,13804184955,创新键盘,松下,245.0,19,五金工具,郑州仓库-13号,郑州区域,郑州区域,王经理,限时秒杀,0.95,货到付款,圆通快递,5,0.95,29.0,0.11,4890.0,2440.0,537.9,4674.5
2841,2024-01-16,1,499.0,0.8,张芳,普通,13804197300,高端显示器,华为,250.0,0,数码电子,北京仓库-1号,北京区域,北京区域,张经理,,,支付宝,顺丰速运,1,0.9,5.0,0.03,399.2,149.2,11.98,364.28
2842,2024-01-17,2,509.0,0.8500000000000001,李芳,银卡,13804209645,精品显示器,苹果,255.0,1,家用电器,深圳仓库-4号,深圳区域,深圳区域,刘经理,618大促,0.55,微信支付,圆通快递,2,1.1,11.0,0.05,865.3,355.3,43.27,962.83
2843,2024-01-18,3,519.0,0.9,王芳,金卡,13804221990,经典显示器,小米,260.0,2,服装鞋帽,武汉仓库-7号,武汉区域,武汉区域,赵经理,年货节,0.6,银行卡,中通快递,3,1.05,17.0,0.07,1401.3,621.3,98.09,1488.37
2844,2024-01-19,4,529.0,0.9500000000000001,刘芳,钻石,13804234335,时尚显示器,三星,265.0,3,食品饮料,重庆仓库-10号,重庆区域,重庆区域,吴经理,开学季,0.65,信用卡,韵达快递,4,1.0,23.0,0.09,2010.2,950.2,180.92,2033.2
2845,2024-01-20,5,539.0,1.0,陈芳,普通,13804246680,智能显示器,联想,270.0,4,美妆护肤,郑州仓库-13号,郑州区域,郑州区域,王经理,情人节特惠,0.7,货到付款,申通快递,5,0.95,29.0,0.11,2695.0,1345.0,296.45,2589.25
2846,2024-01-21,6,549.0,0.8,杨芳,银卡,13804259025,便携显示器,戴尔,275.0,5,家居日用,北京仓库-1号,北京区域,北京区域,张经理,,,支付宝,京东物流,1,0.9,5.0,0.03,2635.2,985.2,79.06,2376.68
2847,2024-01-22,7,559.0,0.8500000000000001,赵芳,金卡,13804271370,专业显示器,索尼,280.0,6,运动户外,深圳仓库-4号,深圳区域,深圳区域,刘经理,618大促,0.55,微信支付,菜鸟驿站,2,1.1,11.0,0.05,3326.05,1366.05,166.3,3669.66
2848,2024-01-23,8,569.0,0.9,黄芳,钻石,13804283715,豪华显示器,佳能,285.0,7,图书音像,武汉仓库-7号,武汉区域,武汉区域,赵经理,年货节,0.6,银行卡,德邦快递,3,1.05,17.0,0.07,4096.8,1816.8,286.78,4318.64
2849,2024-01-24,9,579.0,0.9500000000000001,周芳,普通,13804296060,简约显示器,飞利浦,290.0,8,母婴用品,重庆仓库-10号,重庆区域,重庆区域,吴经理,开学季,0.65,信用卡,顺丰速运,4,1.0,23.0,0.09,4950.45,2340.45,445.54,4973.45
2850,2024-01-25,10,589.0,1.0,吴芳,银卡,13804308405,创新显示器,松下,295.0,9,汽车用品,郑州仓库-13号,郑州区域,郑州区域,王经理,情人节特惠,0.7,货到付款,圆通快递,5,0.95,29.0,0.11,5890.0,2940.0,647.9,5624.5
2851,2024-01-26,1,599.0,0.8,张娟,金卡,13804320750,高端平板,华为,300.0,10,办公文具,北京仓库-1号,北京区域,北京区域,张经理,,,支付宝,顺丰速运,1,0.9,5.0,0.03,479.2,179.2,14.38,436.28
2852,2024-01-27,2,609.0,0.8500000000000001,李娟,钻石,13804333095,精品平板,苹果,305.0,11,珠宝饰品,深圳仓库-4号,深圳区域,深圳区域,刘经理,国庆特卖,0.8,微信支付,圆通快递,2,1.1,11.0,0.05,1035.3,425.3,51.77,1149.83
2853,2024-01-28,3,619.0,0.9,王娟,普通,13804345440,经典平板,小米,310.0,12,宠物用品,武汉仓库-7号,武汉区域,武汉区域,赵经理,新品首发,0.85,银行卡,中通快递,3,1.05,17.0,0.07,1671.3,741.3,116.99,1771.87
2854,2024-01-28,4,629.0,0.9500000000000001,刘娟,银卡,13804357785,时尚平板,三星,315.0,13,医疗保健,重庆仓库-10号,重庆区域,重庆区域,吴经理,会员专享,0.9,信用卡,韵达快递,4,1.0,23.0,0.09,2390.2,1130.2,215.12,2413.2
2855,2024-01-28,5,639.0,1.0,陈娟,金卡,13804370130,智能平板,联想,320.0,14,玩具乐器,郑州仓库-13号,郑州区域,郑州区域,王经理,限时秒杀,0.95,货到付款,申通快递,5,0.95,29.0,0.11,3195.0,1595.0,351.45,3064.25
2856,2024-02-01,6,649.0,0.8,杨娟,钻石,13804382475,便携平板,戴尔,325.0,15,生鲜果蔬,北京仓库-1号,北京区域,北京区域,张经理,,,支付宝,京东物流,1,0.9,5.0,0.03,3115.2,1165.2,93.46,2808.68
2857,2024-02-02,7,659.0,0.8500000000000001,赵娟,普通,13804394820,专业平板,索尼,330.0,16,箱包皮具,深圳仓库-4号,深圳区域,深圳区域,刘经理,618大促,0.55,微信支付,菜鸟驿站,2,1.1,11.0,0.05,3921.05,1611.05,196.05,4324.16
2858,2024-02-03,8,669.0,0.9,黄娟,银卡,13804407165,豪华平板,佳能,335.0,17,钟表眼镜,武汉仓库-7号,武汉区域,武汉区域,赵经理,年货节,0.6,银行卡,德邦快递,3,1.05,17.0,0.07,4816.8,2136.8,337.18,5074.64
2859,2024-02-04,9,679.0,0.9500000000000001,周娟,金卡,13804419510,简约平板,飞利浦,340.0,18,厨房用具,重庆仓库-10号,重庆区域,重庆区域,吴经理,开学季,0.65,信用卡,顺丰速运,4,1.0,23.0,0.09,5805.45,2745.45,522.49,5828.45
2860,2024-02-05,10,689.0,1.0,吴娟,钻石,13804431855,创新平板,松下,345.0,19,五金工具,郑州仓库-13号,郑州区域,郑州区域,王经理,情人节特惠,0.7,货到付款,圆通快递,5,0.95,29.0,0.11,6890.0,3440.0,757.9,6574.5
2861,2024-02-06,1,699.0,0.8,张敏,普通,13804444200,高端音箱,华为,350.0,0,数码电子,北京仓库-1号,北京区域,北京区域,张经理,,,支付宝,顺丰速运,1,0.9,5.0,0.03,559.2,209.2,16.78,508.28
2862,2024-02-07,2,709.0,0.8500000000000001,李敏,银卡,13804456545,精品音箱,苹果,355.0,1,家用电器,深圳仓库-4号,深圳区域,深圳区域,刘经理,618大促,0.55,微信支付,圆通快递,2,1.1,11.0,0.05,1205.3,495.3,60.27,1336.83
2863,2024-02-08,3,719.0,0.9,王敏,金卡,13804468890,经典音箱,小米,360.0,2,服装鞋帽,武汉仓库-7号,武汉区域,武汉区域,赵经理,年货节,0.6,银行卡,中通快递,3,1.05,17.0,0.07,1941.3,861.3,135.89,2055.36
2864,2024-02-09,4,729.0,0.9500000000000001,刘敏,钻石,13804481235,时尚音箱,三星,365.0,3,食品饮料,重庆仓库-10号,重庆区域,重庆区域,吴经理,开学季,0.65,信用卡,韵达快递,4,1.0,23.0,0.09,2770.2,1310.2,249.32,2793.2
2865,2024-02-10,5,739.0,1.0,陈敏,普通,13804493580,智能音箱,联想,370.0,4,美妆护肤,郑州仓库-13号,郑州区域,郑州区域,王经理,情人节特惠,0.7,货到付款,申通快递,5,0.95,29.0,0.11,3695.0,1845.0,406.45,3539.25
2866,2024-02-11,6,749.0,0.8,杨敏,银卡,13804505925,便携音箱,戴尔,375.0,5,家居日用,北京仓库-1号,北京区域,北京区域,张经理,,,支付宝,京东物流,1,0.9,5.0,0.03,3595.2,1345.2,107.86,3240.68
2867,2024-02-12,7,759.0,0.8500000000000001,赵敏,金卡,13804518270,专业音箱,索尼,380.0,6,运动户外,深圳仓库-4号,深圳区域,深圳区域,刘经理,国庆特卖,0.8,微信支付,菜鸟驿站,2,1.1,11.0,0.05,4516.05,1856.05,225.8,4978.66
2868,2024-02-13,8,769.0,0.9,黄敏,钻石,13804530615,豪华音箱,佳能,385.0,7,图书音像,武汉仓库-7号,武汉区域,武汉区域,赵经理,新品首发,0.85,银行卡,德邦快递,3,1.05,17.0,0.07,5536.8,2456.8,387.58,5830.64
2869,2024-02-14,9,779.0,0.9500000000000001,周敏,普通,13804542960,简约音箱,飞利浦,390.0,8,母婴用品,重庆仓库-10号,重庆区域,重庆区域,吴经理,会员专享,0.9,信用卡,顺丰速运,4,1.0,23.0,0.09,6660.45,3150.45,599.44,6683.45
2870,2024-02-15,10,789.0,1.0,吴敏,银卡,13804555305,创新音箱,松下,395.0,9,汽车用品,郑州仓库-13号,郑州区域,郑州区域,王经理,限时秒杀,0.95,货到付款,圆通快递,5,0.95,29.0,0.11,7890.0,3940.0,867.9,7524.5
2871,2024-02-16,1,799.0,0.8,张静,金卡,13804567650,高端手表,华为,400.0,10,办公文具,北京仓库-1号,北京区域,北京区域,张经理,,,支付宝,顺丰速运,1,0.9,5.0,0.03,639.2,239.2,19.18,580.28
2872,2024-02-17,2,809.0,0.8500000000000001,李静,钻石,13804579995,精品手表,苹果,405.0,11,珠宝饰品,深圳仓库-4号,深圳区域,深圳区域,刘经理,618大促,0.55,微信支付,圆通快递,2,1.1,11.0,0.05,1375.3,565.3,68.77,1523.83
2873,2024-02-18,3,819.0,0.9,王静,普通,13804592340,经典手表,小米,410.0,12,宠物用品,武汉仓库-7号,武汉区域,武汉区域,赵经理,年货节,0.6,银行卡,中通快递,3,1.05,17.0,0.07,2211.3,981.3,154.79,2338.87
2874,2024-02-19,4,829.0,0.9500000000000001,刘静,银卡,13804604685,时尚手表,三星,415.0,13,医疗保健,重庆仓库-10号,重庆区域,重庆区域,吴经理,开学季,0.65,信用卡,韵达快递,4,1.0,23.0,0.09,3150.2,1490.2,283.52,3173.2
2875,2024-02-20,5,839.0,1.0,陈静,金卡,13804617030,智能手表,联想,420.0,14,玩具乐器,郑州仓库-13号,郑州区域,郑州区域,王经理,情人节特惠,0.7,货到付款,申通快递,5,0.95,29.0,0.11,4195.0,2095.0,461.45,4014.25
2876,2024-02-21,6,849.0,0.8,杨静,钻石,13804629375,便携手表,戴尔,425.0,15,生鲜果蔬,北京仓库-1号,北京区域,北京区域,张经理,,,支付宝,京东物流,1,0.9,5.0,0.03,4075.2,1525.2,122.26,3672.68
2877,2024-02-22,7,859.0,0.8500000000000001,赵静,普通,13804641720,专业手表,索尼,430.0,16,箱包皮具,深圳仓库-4号,深圳区域,深圳区域,刘经理,618大促,0.55,微信支付,菜鸟驿站,2,1.1,11.0,0.05,5111.05,2101.05,255.55,5633.16
2878,2024-02-23,8,869.0,0.9,黄静,银卡,13804654065,豪华手表,佳能,435.0,17,钟表眼镜,武汉仓库-7号,武汉区域,武汉区域,赵经理,年货节,0.6,银行卡,德邦快递,3,1.05,17.0,0.07,6256.8,2776.8,437.98,6586.64
2879,2024-02-24,9,879.0,0.9500000000000001,周静,金卡,13804666410,简约手表,飞利浦,440.0,18,厨房用具,重庆仓库-10号,重庆区域,重庆区域,吴经理,开学季,0.65,信用卡,顺丰速运,4,1.0,23.0,0.09,7515.45,3555.45,676.39,7538.45
2880,2024-02-25,10,889.0,1.0,吴静,钻石,13804678755,创新手表,松下,445.0,19,五金工具,郑州仓库-13号,郑州区域,郑州区域,王经理,情人节特惠,0.7,货到付款,圆通快递,5,0.95,29.0,0.11,8890.0,4440.0,977.9,8474.5
2881,2024-02-26,1,899.0,0.8,张丽,普通,13804691100,高端相机,华为,450.0,0,数码电子,北京仓库-1号,北京区域,北京区域,张经理,,,支付宝,顺丰速运,1,0.9,5.0,0.03,719.2,269.2,21.58,652.28
2882,2024-02-27,2,909.0,0.8500000000000001,李丽,银卡,13804703445,精品相机,苹果,455.0,1,家用电器,深圳仓库-4号,深圳区域,深圳区域,刘经理,国庆特卖,0.8,微信支付,圆通快递,2,1.1,11.0,0.05,1545.3,635.3,77.27,1710.83
2883,2024-02-28,3,919.0,0.9,王丽,金卡,13804715790,经典相机,小米,460.0,2,服装鞋帽,武汉仓库-7号,武汉区域,武汉区域,赵经理,新品首发,0.85,银行卡,中通快递,3,1.05,17.0,0.07,2481.3,1101.3,173.69,2622.37
2884,2024-02-28,4,929.0,0.9500000000000001,刘丽,钻石,13804728135,时尚相机,三星,465.0,3,食品饮料,重庆仓库-10号,重庆区域,重庆区域,吴经理,会员专享,0.9,信用卡,韵达快递,4,1.0,23.0,0.09,3530.2,1670.2,317.72,3553.2
2885,2024-02-28,5,939.0,1.0,陈丽,普通,13804740480,智能相机,联想,470.0,4,美妆护肤,郑州仓库-13号,郑州区域,郑州区域,王经理,限时秒杀,0.95,货到付款,申通快递,5,0.95,29.0,0.11,4695.0,2345.0,516.45,4489.25
2886,2024-03-01,6,949.0,0.8,杨丽,银卡,13804752825,便携相机,戴尔,475.0,5,家居日用,北京仓库-1号,北京区域,北京区域,张经理,,,支付宝,京东物流,1,0.9,5.0,0.03,4555.2,1705.2,136.66,4104.68
2887,2024-03-02,7,959.0,0.8500000000000001,赵丽,金卡,13804765170,专业相机,索尼,480.0,6,运动户外,深圳仓库-4号,深圳区域,深圳区域,刘经理,618大促,0.55,微信支付,菜鸟驿站,2,1.1,11.0,0.05,5706.05,2346.05,285.3,6287.66
2888,2024-03-03,8,969.0,0.9,黄丽,钻石,13804777515,豪华相机,佳能,485.0,7,图书音像,武汉仓库-7号,武汉区域,武汉区域,赵经理,年货节,0.6,银行卡,德邦快递,3,1.05,17.0,0.07,6976.8,3096.8,488.38,7342.64
2889,2024-03-04,9,979.0,0.9500000000000001,周丽,普通,13804789860,简约相机,飞利浦,490.0,8,母婴用品,重庆仓库-10号,重庆区域,重庆区域,吴经理,开学季,0.65,信用卡,顺丰速运,4,1.0,23.0,0.09,8370.45,3960.45,753.34,8393.45
2890,2024-03-05,10,989.0,1.0,吴丽,银卡,13804802205,创新相机,松下,495.0,9,汽车用品,郑州仓库-13号,郑州区域,郑州区域,王经理,情人节特惠,0.7,货到付款,圆通快递,5,0.95,29.0,0.11,9890.0,4940.0,1087.9,9424.5
2891,2024-03-06,1,999.0,0.8,张勇,金卡,13804814550,高端充电器,华为,500.0,10,办公文具,北京仓库-1号,北京区域,北京区域,张经理,,,支付宝,顺丰速运,1,0.9,5.0,0.03,799.2,299.2,23.98,724.28
2892,2024-03-07,2,1009.0,0.8500000000000001,李勇,钻石,13804826895,精品充电器,苹果,505.0,11,珠宝饰品,深圳仓库-4号,深圳区域,深圳区域,刘经理,618大促,0.55,微信支付,圆通快递,2,1.1,11.0,0.05,1715.3,705.3,85.77,1897.83
2893,2024-03-08,3,1019.0,0.9,王勇,普通,13804839240,经典充电器,小米,510.0,12,宠物用品,武汉仓库-7号,武汉区域,武汉区域,赵经理,年货节,0.6,银行卡,中通快递,3,1.05,17.0,0.07,2751.3,1221.3,192.59,2905.87
2894,2024-03-09,4,1029.0,0.9500000000000001,刘勇,银卡,13804851585,时尚充电器,三星,515.0,13,医疗保健,重庆仓库-10号,重庆区域,重庆区域,吴经理,开学季,0.65,信用卡,韵达快递,4,1.0,23.0,0.09,3910.2,1850.2,351.92,3933.2
2895,2024-03-10,5,1039.0,1.0,陈勇,金卡,13804863930,智能充电器,联想,520.0,14,玩具乐器,郑州仓库-13号,郑州区域,郑州区域,王经理,情人节特惠,0.7,货到付款,申通快递,5,0.95,29.0,0.11,5195.0,2595.0,571.45,4964.25
2896,2024-03-11,6,1049.0,0.8,杨勇,钻石,13804876275,便携充电器,戴尔,525.0,15,生鲜果蔬,北京仓库-1号,北京区域,北京区域,张经理,,,支付宝,京东物流,1,0.9,5.0,0.03,5035.2,1885.2,151.06,4536.68
2897,2024-03-12,7,1059.0,0.8500000000000001,赵勇,普通,13804888620,专业充电器,索尼,530.0,16,箱包皮具,深圳仓库-4号,深圳区域,深圳区域,刘经理,国庆特卖,0.8,微信支付,菜鸟驿站,2,1.1,11.0,0.05,6301.05,2591.05,315.05,6942.16
2898,2024-03-13,8,1069.0,0.9,黄勇,银卡,13804900965,豪华充电器,佳能,535.0,17,钟表眼镜,武汉仓库-7号,武汉区域,武汉区域,赵经理,新品首发,0.85,银行卡,德邦快递,3,1.05,17.0,0.07,7696.8,3416.8,538.78,8098.64
2899,2024-03-14,9,1079.0,0.9500000000000001,周勇,金卡,13804913310,简约充电器,飞利浦,540.0,18,厨房用具,重庆仓库-10号,重庆区域,重庆区域,吴经理,会员专享,0.9,信用卡,顺丰速运,4,1.0,23.0,0.09,9225.45,4365.45,830.29,9248.45
2900,2024-03-15,10,1089.0,1.0,吴勇,钻石,13804925655,创新充电器,松下,545.0,19,五金工具,郑州仓库-13号,郑州区域,郑州区域,王经理,限时秒杀,0.95,货到付款,圆通快递,5,0.95,29.0,0.11,10890.0,5440.0,1197.9,10374.5
2901,2024-03-16,1,1099.0,0.8,张明,普通,13804938000,高端手机,华为,550.0,0,数码电子,北京仓库-1号,北京区域,北京区域,张经理,,,支付宝,顺丰速运,1,0.9,5.0,0.03,879.2,329.2,26.38,796.28
2902,2024-03-17,2,1109.0,0.8500000000000001,李明,银卡,13804950345,精品手机,苹果,555.0,1,家用电器,深圳仓库-4号,深圳区域,深圳区域,刘经理,618大促,0.55,微信支付,圆通快递,2,1.1,11.0,0.05,1885.3,775.3,94.27,2084.83
2903,2024-03-18,3,1119.0,0.9,王明,金卡,13804962690,经典手机,小米,560.0,2,服装鞋帽,武汉仓库-7号,武汉区域,武汉区域,赵经理,年货节,0.6,银行卡,中通快递,3,1.05,17.0,0.07,3021.3,1341.3,211.49,3189.37
2904,2024-03-19,4,1129.0,0.9500000000000001,刘明,钻石,13804975035,时尚手机,三星,565.0,3,食品饮料,重庆仓库-10号,重庆区域,重庆区域,吴经理,开学季,0.65,信用卡,韵达快递,4,1.0,23.0,0.09,4290.2,2030.2,386.12,4313.2
2905,2024-03-20,5,1139.0,1.0,陈明,普通,13804987380,智能手机,联想,570.0,4,美妆护肤,郑州仓库-13号,郑州区域,郑州区域,王经理,情人节特惠,0.7,货到付款,申通快递,5,0.95,29.0,0.11,5695.0,2845.0,626.45,5439.25
2906,2024-03-21,6,1149.0,0.8,杨明,银卡,13804999725,便携手机,戴尔,575.0,5,家居日用,北京仓库-1号,北京区域,北京区域,张经理,,,支付宝,京东物流,1,0.9,5.0,0.03,5515.2,2065.2,165.46,4968.68
2907,2024-03-22,7,1159.0,0.8500000000000001,赵明,金卡,13805012070,专业手机,索尼,580.0,6,运动户外,深圳仓库-4号,深圳区域,深圳区域,刘经理,618大促,0.55,微信支付,菜鸟驿站,2,1.1,11.0,0.05,6896.05,2836.05,344.8,7596.66
2908,2024-03-23,8,1169.0,0.9,黄明,钻石,13805024415,豪华手机,佳能,585.0,7,图书音像,武汉仓库-7号,武汉区域,武汉区域,赵经理,年货节,0.6,银行卡,德邦快递,3,1.05,17.0,0.07,8416.8,3736.8,589.18,8854.64
2909,2024-03-24,9,1179.0,0.9500000000000001,周明,普通,13805036760,简约手机,飞利浦,590.0,8,母婴用品,重庆仓库-10号,重庆区域,重庆区域,吴经理,开学季,0.65,信用卡,顺丰速运,4,1.0,23.0,0.09,10080.45,4770.45,907.24,10103.45
2910,2024-03-25,10,1189.0,1.0,吴明,银卡,13805049105,创新手机,松下,595.0,9,汽车用品,郑州仓库-13号,郑州区域,郑州区域,王经理,情人节特惠,0.7,货到付款,圆通快递,5,0.95,29.0,0.11,11890.0,5940.0,1307.9,11324.5
2911,2024-03-26,1,1199.0,0.8,张华,金卡,13805061450,高端电脑,华为,600.0,10,办公文具,北京仓库-1号,北京区域,北京区域,张经理,,,支付宝,顺丰速运,1,0.9,5.0,0.03,959.2,359.2,28.78,868.28
2912,2024-03-27,2,1209.0,0.8500000000000001,李华,钻石,13805073795,精品电脑,苹果,605.0,11,珠宝饰品,深圳仓库-4号,深圳区域,深圳区域,刘经理,国庆特卖,0.8,微信支付,圆通快递,2,1.1,11.0,0.05,2055.3,845.3,102.77,2271.83
2913,2024-03-28,3,1219.0,0.9,王华,普通,13805086140,经典电脑,小米,610.0,12,宠物用品,武汉仓库-7号,武汉区域,武汉区域,赵经理,新品首发,0.85,银行卡,中通快递,3,1.05,17.0,0.07,3291.3,1461.3,230.39,3472.87
2914,2024-03-28,4,1229.0,0.9500000000000001,刘华,银卡,13805098485,时尚电脑,三星,615.0,13,医疗保健,重庆仓库-10号,重庆区域,重庆区域,吴经理,会员专享,0.9,信用卡,韵达快递,4,1.0,23.0,0.09,4670.2,2210.2,420.32,4693.2
2915,2024-03-28,5,1239.0,1.0,陈华,金卡,13805110830,智能电脑,联想,620.0,14,玩具乐器,郑州仓库-13号,郑州区域,郑州区域,王经理,限时秒杀,0.95,货到付款,申通快递,5,0.95,29.0,0.11,6195.0,3095.0,681.45,5914.25
2916,2024-04-01,6,1249.0,0.8,杨华,钻石,13805123175,便携电脑,戴尔,625.0,15,生鲜果蔬,北京仓库-1号,北京区域,北京区域,张经理,,,支付宝,京东物流,1,0.9,5.0,0.03,5995.2,2245.2,179.86,5400.68
2917,2024-04-02,7,1259.0,0.8500000000000001,赵华,普通,13805135520,专业电脑,索尼,630.0,16,箱包皮具,深圳仓库-4号,深圳区域,深圳区域,刘经理,618大促,0.55,微信支付,菜鸟驿站,2,1.1,11.0,0.05,7491.05,3081.05,374.55,8251.16
2918,2024-04-03,8,1269.0,0.9,黄华,银卡,13805147865,豪华电脑,佳能,635.0,17,钟表眼镜,武汉仓库-7号,武汉区域,武汉区域,赵经理,年货节,0.6,银行卡,德邦快递,3,1.05,17.0,0.07,9136.8,4056.8,639.58,9610.64
2919,2024-04-04,9,1279.0,0.9500000000000001,周华,金卡,13805160210,简约电脑,飞利浦,640.0,18,厨房用具,重庆仓库-10号,重庆区域,重庆区域,吴经理,开学季,0.65,信用卡,顺丰速运,4,1.0,23.0,0.09,10935.45,5175.45,984.19,10958.45
2920,2024-04-05,10,1289.0,1.0,吴华,钻石,13805172555,创新电脑,松下,645.0,19,五金工具,郑州仓库-13号,郑州区域,郑州区域,王经理,情人节特惠,0.7,货到付款,圆通快递,5,0.95,29.0,0.11,12890.0,6440.0,1417.9,12274.5
2921,2024-04-06,1,1299.0,0.8,张强,普通,13805184900,高端耳机,华为,650.0,0,数码电子,北京仓库-1号,北京区域,北京区域,张经理,,,支付宝,顺丰速运,1,0.9,5.0,0.03,1039.2,389.2,31.18,940.28
2922,2024-04-07,2,1309.0,0.8500000000000001,李强,银卡,13805197245,精品耳机,苹果,655.0,1,家用电器,深圳仓库-4号,深圳区域,深圳区域,刘经理,618大促,0.55,微信支付,圆通快递,2,1.1,11.0,0.05,2225.3,915.3,111.27,2458.83
2923,2024-04-08,3,1319.0,0.9,王强,金卡,13805209590,经典耳机,小米,660.0,2,服装鞋帽,武汉仓库-7号,武汉区域,武汉区域,赵经理,年货节,0.6,银行卡,中通快递,3,1.05,17.0,0.07,3561.3,1581.3,249.29,3756.37
2924,2024-04-09,4,1329.0,0.9500000000000001,刘强,钻石,13805221935,时尚耳机,三星,665.0,3,食品饮料,重庆仓库-10号,重庆区域,重庆区域,吴经理,开学季,0.65,信用卡,韵达快递,4,1.0,23.0,0.09,5050.2,2390.2,454.52,5073.2
2925,2024-04-10,5,1339.0,1.0,陈强,普通,13805234280,智能耳机,联想,670.0,4,美妆护肤,郑州仓库-13号,郑州区域,郑州区域,王经理,情人节特惠,0.7,货到付款,申通快递,5,0.95,29.0,0.11,6695.0,3345.0,736.45,6389.25
2926,2024-04-11,6,1349.0,0.8,杨强,银卡,13805246625,便携耳机,戴尔,675.0,5,家居日用,北京仓库-1号,北京区域,北京区域,张经理,,,支付宝,京东物流,1,0.9,5.0,0.03,6475.2,2425.2,194.26,5832.68
2927,2024-04-12,7,1359.0,0.8500000000000001,赵强,金卡,13805258970,专业耳机,索尼,680.0,6,运动户外,深圳仓库-4号,深圳区域,深圳区域,刘经理,国庆特卖,0.8,微信支付,菜鸟驿站,2,1.1,11.0,0.05,8086.05,3326.05,404.3,8905.66
2928,2024-04-13,8,1369.0,0.9,黄强,钻石,13805271315,豪华耳机,佳能,685.0,7,图书音像,武汉仓库-7号,武汉区域,武汉区域,赵经理,新品首发,0.85,银行卡,德邦快递,3,1.05,17.0,0.07,9856.8,4376.8,689.98,10366.64
2929,2024-04-14,9,1379.0,0.9500000000000001,周强,普通,13805283660,简约耳机,飞利浦,690.0,8,母婴用品,重庆仓库-10号,重庆区域,重庆区域,吴经理,会员专享,0.9,信用卡,顺丰速运,4,1.0,23.0,0.09,11790.45,5580.45,1061.14,11813.45
2930,2024-04-15,10,1389.0,1.0,吴强,银卡,13805296005,创新耳机,松下,695.0,9,汽车用品,郑州仓库-13号,郑州区域,郑州区域,王经理,限时秒杀,0.95,货到付款,圆通快递,5,0.95,29.0,0.11,13890.0,6940.0,1527.9,13224.5
2931,2024-04-16,1,1399.0,0.8,张伟,金卡,13805308350,高端键盘,华为,700.0,10,办公文具,北京仓库-1号,北京区域,北京区域,张经理,,,支付宝,顺丰速运,1,0.9,5.0,0.03,1119.2,419.2,33.58,1012.28
2932,2024-04-17,2,1409.0,0.8500000000000001,李伟,钻石,13805320695,精品键盘,苹果,705.0,11,珠宝饰品,深圳仓库-4号,深圳区域,深圳区域,刘经理,618大促,0.55,微信支付,圆通快递,2,1.1,11.0,0.05,2395.3,985.3,119.77,2645.83
2933,2024-04-18,3,1419.0,0.9,王伟,普通,13805333040,经典键盘,小米,710.0,12,宠物用品,武汉仓库-7号,武汉区域,武汉区域,赵经理,年货节,0.6,银行卡,中通快递,3,1.05,17.0,0.07,3831.3,1701.3,268.19,4039.87
2934,2024-04-19,4,1429.0,0.9500000000000001,刘伟,银卡,13805345385,时尚键盘,三星,715.0,13,医疗保健,重庆仓库-10号,重庆区域,重庆区域,吴经理,开学季,0.65,信用卡,韵达快递,4,1.0,23.0,0.09,5430.2,2570.2,488.72,5453.2
2935,2024-04-20,5,1439.0,1.0,陈伟,金卡,13805357730,智能键盘,联想,720.0,14,玩具乐器,郑州仓库-13号,郑州区域,郑州区域,王经理,情人节特惠,0.7,货到付款,申通快递,5,0.95,29.0,0.11,7195.0,3595.0,791.45,6864.25
2936,2024-04-21,6,1449.0,0.8,杨伟,钻石,13805370075,便携键盘,戴尔,725.0,15,生鲜果蔬,北京仓库-1号,北京区域,北京区域,张经理,,,支付宝,京东物流,1,0.9,5.0,0.03,6955.2,2605.2,208.66,6264.68
2937,2024-04-22,7,1459.0,0.8500000000000001,赵伟,普通,13805382420,专业键盘,索尼,730.0,16,箱包皮具,深圳仓库-4号,深圳区域,深圳区域,刘经理,618大促,0.55,微信支付,菜鸟驿站,2,1.1,11.0,0.05,8681.05,3571.05,434.05,9560.16
2938,2024-04-23,8,1469.0,0.9,黄伟,银卡,13805394765,豪华键盘,佳能,735.0,17,钟表眼镜,武汉仓库-7号,武汉区域,武汉区域,赵经理,年货节,0.6,银行卡,德邦快递,3,1.05,17.0,0.07,10576.8,4696.8,740.38,11122.64
2939,2024-04-24,9,1479.0,0.9500000000000001,周伟,金卡,13805407110,简约键盘,飞利浦,740.0,18,厨房用具,重庆仓库-10号,重庆区域,重庆区域,吴经理,开学季,0.65,信用卡,顺丰速运,4,1.0,23.0,0.09,12645.45,5985.45,1138.09,12668.45
2940,2024-04-25,10,1489.0,1.0,吴伟,钻石,13805419455,创新键盘,松下,745.0,19,五金工具,郑州仓库-13号,郑州区域,郑州区域,王经理,情人节特惠,0.7,货到付款,圆通快递,5,0.95,29.0,0.11,14890.0,7440.0,1637.9,14174.5
2941,2024-04-26,1,1499.0,0.8,张芳,普通,13805431800,高端显示器,华为,750.0,0,数码电子,北京仓库-1号,北京区域,北京区域,张经理,,,支付宝,顺丰速运,1,0.9,5.0,0.03,1199.2,449.2,35.98,1084.28
2942,2024-04-27,2,1509.0,0.8500000000000001,李芳,银卡,13805444145,精品显示器,苹果,755.0,1,家用电器,深圳仓库-4号,深圳区域,深圳区域,刘经理,国庆特卖,0.8,微信支付,圆通快递,2,1.1,11.0,0.05,2565.3,1055.3,128.27,2832.83
2943,2024-04-28,3,1519.0,0.9,王芳,金卡,13805456490,经典显示器,小米,760.0,2,服装鞋帽,武汉仓库-7号,武汉区域,武汉区域,赵经理,新品首发,0.85,银行卡,中通快递,3,1.05,17.0,0.07,4101.3,1821.3,287.09,4323.37
2944,2024-04-28,4,1529.0,0.9500000000000001,刘芳,钻石,13805468835,时尚显示器,三星,765.0,3,食品饮料,重庆仓库-10号,重庆区域,重庆区域,吴经理,会员专享,0.9,信用卡,韵达快递,4,1.0,23.0,0.09,5810.2,2750.2,522.92,5833.2
2945,2024-04-28,5,1539.0,1.0,陈芳,普通,13805481180,智能显示器,联想,770.0,4,美妆护肤,郑州仓库-13号,郑州区域,郑州区域,王经理,限时秒杀,0.95,货到付款,申通快递,5,0.95,29.0,0.11,7695.0,3845.0,846.45,7339.25
2946,2024-05-01,6,1549.0,0.8,杨芳,银卡,13805493525,便携显示器,戴尔,775.0,5,家居日用,北京仓库-1号,北京区域,北京区域,张经理,,,支付宝,京东物流,1,0.9,5.0,0.03,7435.2,2785.2,223.06,6696.68
2947,2024-05-02,7,1559.0,0.8500000000000001,赵芳,金卡,13805505870,专业显示器,索尼,780.0,6,运动户外,深圳仓库-4号,深圳区域,深圳区域,刘经理,618大促,0.55,微信支付,菜鸟驿站,2,1.1,11.0,0.05,9276.05,3816.05,463.8,10214.66
2948,2024-05-03,8,1569.0,0.9,黄芳,钻石,13805518215,豪华显示器,佳能,785.0,7,图书音像,武汉仓库-7号,武汉区域,武汉区域,赵经理,年货节,0.6,银行卡,德邦快递,3,1.05,17.0,0.07,11296.8,5016.8,790.78,11878.64
2949,2024-05-04,9,1579.0,0.9500000000000001,周芳,普通,13805530560,简约显示器,飞利浦,790.0,8,母婴用品,重庆仓库-10号,重庆区域,重庆区域,吴经理,开学季,0.65,信用卡,顺丰速运,4,1.0,23.0,0.09,13500.45,6390.45,1215.04,13523.45
2950,2024-05-05,10,1589.0,1.0,吴芳,银卡,13805542905,创新显示器,松下,795.0,9,汽车用品,郑州仓库-13号,郑州区域,郑州区域,王经理,情人节特惠,0.7,货到付款,圆通快递,5,0.95,29.0,0.11,15890.0,7940.0,1747.9,15124.5
2951,2024-05-06,1,1599.0,0.8,张娟,金卡,13805555250,高端平板,华为,800.0,10,办公文具,北京仓库-1号,北京区域,北京区域,张经理,,,支付宝,顺丰速运,1,0.9,5.0,0.03,1279.2,479.2,38.38,1156.28
2952,2024-05-07,2,1609.0,0.8500000000000001,李娟,钻石,13805567595,精品平板,苹果,805.0,11,珠宝饰品,深圳仓库-4号,深圳区域,深圳区域,刘经理,618大促,0.55,微信支付,圆通快递,2,1.1,11.0,0.05,2735.3,1125.3,136.77,3019.83
2953,2024-05-08,3,1619.0,0.9,王娟,普通,13805579940,经典平板,小米,810.0,12,宠物用品,武汉仓库-7号,武汉区域,武汉区域,赵经理,年货节,0.6,银行卡,中通快递,3,1.05,17.0,0.07,4371.3,1941.3,305.99,4606.87
2954,2024-05-09,4,1629.0,0.9500000000000001,刘娟,银卡,13805592285,时尚平板,三星,815.0,13,医疗保健,重庆仓库-10号,重庆区域,重庆区域,吴经理,开学季,0.65,信用卡,韵达快递,4,1.0,23.0,0.09,6190.2,2930.2,557.12,6213.2
2955,2024-05-10,5,1639.0,1.0,陈娟,金卡,13805604630,智能平板,联想,820.0,14,玩具乐器,郑州仓库-13号,郑州区域,郑州区域,王经理,情人节特惠,0.7,货到付款,申通快递,5,0.95,29.0,0.11,8195.0,4095.0,901.45,7814.25
2956,2024-05-11,6,1649.0,0.8,杨娟,钻石,13805616975,便携平板,戴尔,825.0,15,生鲜果蔬,北京仓库-1号,北京区域,北京区域,张经理,,,支付宝,京东物流,1,0.9,5.0,0.03,7915.2,2965.2,237.46,7128.68
2957,2024-05-12,7,1659.0,0.8500000000000001,赵娟,普通,13805629320,专业平板,索尼,830.0,16,箱包皮具,深圳仓库-4号,深圳区域,深圳区域,刘经理,国庆特卖,0.8,微信支付,菜鸟驿站,2,1.1,11.0,0.05,9871.05,4061.05,493.55,10869.16
2958,2024-05-13,8,1669.0,0.9,黄娟,银卡,13805641665,豪华平板,佳能,835.0,17,钟表眼镜,武汉仓库-7号,武汉区域,武汉区域,赵经理,新品首发,0.85,银行卡,德邦快递,3,1.05,17.0,0.07,12016.8,5336.8,841.18,12634.64
2959,2024-05-14,9,1679.0,0.9500000000000001,周娟,金卡,13805654010,简约平板,飞利浦,840.0,18,厨房用具,重庆仓库-10号,重庆区域,重庆区域,吴经理,会员专享,0.9,信用卡,顺丰速运,4,1.0,23.0,0.09,14355.45,6795.45,1291.99,14378.45
2960,2024-05-15,10,1689.0,1.0,吴娟,钻石,13805666355,创新平板,松下,845.0,19,五金工具,郑州仓库-13号,郑州区域,郑州区域,王经理,限时秒杀,0.95,货到付款,圆通快递,5,0.95,29.0,0.11,16890.0,8440.0,1857.9,16074.5
2961,2024-05-16,1,1699.0,0.8,张敏,普通,13805678700,高端音箱,华为,850.0,0,数码电子,北京仓库-1号,北京区域,北京区域,张经理,,,支付宝,顺丰速运,1,0.9,5.0,0.03,1359.2,509.2,40.78,1228.28
2962,2024-05-17,2,1709.0,0.8500000000000001,李敏,银卡,13805691045,精品音箱,苹果,855.0,1,家用电器,深圳仓库-4号,深圳区域,深圳区域,刘经理,618大促,0.55,微信支付,圆通快递,2,1.1,11.0,0.05,2905.3,1195.3,145.27,3206.83
2963,2024-05-18,3,1719.0,0.9,王敏,金卡,13805703390,经典音箱,小米,860.0,2,服装鞋帽,武汉仓库-7号,武汉区域,武汉区域,赵经理,年货节,0.6,银行卡,中通快递,3,1.05,17.0,0.07,4641.3,2061.3,324.89,4890.37
2964,2024-05-19,4,1729.0,0.9500000000000001,刘敏,钻石,13805715735,时尚音箱,三星,865.0,3,食品饮料,重庆仓库-10号,重庆区域,重庆区域,吴经理,开学季,0.65,信用卡,韵达快递,4,1.0,23.0,0.09,6570.2,3110.2,591.32,6593.2
2965,2024-05-20,5,1739.0,1.0,陈敏,普通,13805728080,智能音箱,联想,870.0,4,美妆护肤,郑州仓库-13号,郑州区域,郑州区域,王经理,情人节特惠,0.7,货到付款,申通快递,5,0.95,29.0,0.11,8695.0,4345.0,956.45,8289.25
2966,2024-05-21,6,1749.0,0.8,杨敏,银卡,13805740425,便携音箱,戴尔,875.0,5,家居日用,北京仓库-1号,北京区域,北京区域,张经理,,,支付宝,京东物流,1,0.9,5.0,0.03,8395.2,3145.2,251.86,7560.68
2967,2024-05-22,7,1759.0,0.8500000000000001,赵敏,金卡,13805752770,专业音箱,索尼,880.0,6,运动户外,深圳仓库-4号,深圳区域,深圳区域,刘经理,618大促,0.55,微信支付,菜鸟驿站,2,1.1,11.0,0.05,10466.05,4306.05,523.3,11523.66
2968,2024-05-23,8,1769.0,0.9,黄敏,钻石,13805765115,豪华音箱,佳能,885.0,7,图书音像,武汉仓库-7号,武汉区域,武汉区域,赵经理,年货节,0.6,银行卡,德邦快递,3,1.05,17.0,0.07,12736.8,5656.8,891.58,13390.64
2969,2024-05-24,9,1779.0,0.9500000000000001,周敏,普通,13805777460,简约音箱,飞利浦,890.0,8,母婴用品,重庆仓库-10号,重庆区域,重庆区域,吴经理,开学季,0.65,信用卡,顺丰速运,4,1.0,23.0,0.09,15210.45,7200.45,1368.94,15233.45
2970,2024-05-25,10,1789.0,1.0,吴敏,银卡,13805789805,创新音箱,松下,895.0,9,汽车用品,郑州仓库-13号,郑州区域,郑州区域,王经理,情人节特惠,0.7,货到付款,圆通快递,5,0.95,29.0,0.11,17890.0,8940.0,1967.9,17024.5
2971,2024-05-26,1,1799.0,0.8,张静,金卡,13805802150,高端手表,华为,900.0,10,办公文具,北京仓库-1号,北京区域,北京区域,张经理,,,支付宝,顺丰速运,1,0.9,5.0,0.03,1439.2,539.2,43.18,1300.28
2972,2024-05-27,2,1809.0,0.8500000000000001,李静,钻石,13805814495,精品手表,苹果,905.0,11,珠宝饰品,深圳仓库-4号,深圳区域,深圳区域,刘经理,国庆特卖,0.8,微信支付,圆通快递,2,1.1,11.0,0.05,3075.3,1265.3,153.77,3393.83
2973,2024-05-28,3,1819.0,0.9,王静,普通,13805826840,经典手表,小米,910.0,12,宠物用品,武汉仓库-7号,武汉区域,武汉区域,赵经理,新品首发,0.85,银行卡,中通快递,3,1.05,17.0,0.07,4911.3,2181.3,343.79,5173.87
2974,2024-05-28,4,1829.0,0.9500000000000001,刘静,银卡,13805839185,时尚手表,三星,915.0,13,医疗保健,重庆仓库-10号,重庆区域,重庆区域,吴经理,会员专享,0.9,信用卡,韵达快递,4,1.0,23.0,0.09,6950.2,3290.2,625.52,6973.2
2975,2024-05-28,5,1839.0,1.0,陈静,金卡,13805851530,智能手表,联想,920.0,14,玩具乐器,郑州仓库-13号,郑州区域,郑州区域,王经理,限时秒杀,0.95,货到付款,申通快递,5,0.95,29.0,0.11,9195.0,4595.0,1011.45,8764.25
2976,2024-06-01,6,1849.0,0.8,杨静,钻石,13805863875,便携手表,戴尔,925.0,15,生鲜果蔬,北京仓库-1号,北京区域,北京区域,张经理,,,支付宝,京东物流,1,0.9,5.0,0.03,8875.2,3325.2,266.26,7992.68
2977,2024-06-02,7,1859.0,0.8500000000000001,赵静,普通,13805876220,专业手表,索尼,930.0,16,箱包皮具,深圳仓库-4号,深圳区域,深圳区域,刘经理,618大促,0.55,微信支付,菜鸟驿站,2,1.1,11.0,0.05,11061.05,4551.05,553.05,12178.16
2978,2024-06-03,8,1869.0,0.9,黄静,银卡,13805888565,豪华手表,佳能,935.0,17,钟表眼镜,武汉仓库-7号,武汉区域,武汉区域,赵经理,年货节,0.6,银行卡,德邦快递,3,1.05,17.0,0.07,13456.8,5976.8,941.98,14146.64
2979,2024-06-04,9,1879.0,0.9500000000000001,周静,金卡,13805900910,简约手表,飞利浦,940.0,18,厨房用具,重庆仓库-10号,重庆区域,重庆区域,吴经理,开学季,0.65,信用卡,顺丰速运,4,1.0,23.0,0.09,16065.45,7605.45,1445.89,16088.45
2980,2024-06-05,10,1889.0,1.0,吴静,钻石,13805913255,创新手表,松下,945.0,19,五金工具,郑州仓库-13号,郑州区域,郑州区域,王经理,情人节特惠,0.7,货到付款,圆通快递,5,0.95,29.0,0.11,18890.0,9440.0,2077.9,17974.5
2981,2024-06-06,1,1899.0,0.8,张丽,普通,13805925600,高端相机,华为,950.0,0,数码电子,北京仓库-1号,北京区域,北京区域,张经理,,,支付宝,顺丰速运,1,0.9,5.0,0.03,1519.2,569.2,45.58,1372.28
2982,2024-06-07,2,1909.0,0.8500000000000001,李丽,银卡,13805937945,精品相机,苹果,955.0,1,家用电器,深圳仓库-4号,深圳区域,深圳区域,刘经理,618大促,0.55,微信支付,圆通快递,2,1.1,11.0,0.05,3245.3,1335.3,162.27,3580.83
2983,2024-06-08,3,1919.0,0.9,王丽,金卡,13805950290,经典相机,小米,960.0,2,服装鞋帽,武汉仓库-7号,武汉区域,武汉区域,赵经理,年货节,0.6,银行卡,中通快递,3,1.05,17.0,0.07,5181.3,2301.3,362.69,5457.37
2984,2024-06-09,4,1929.0,0.9500000000000001,刘丽,钻石,13805962635,时尚相机,三星,965.0,3,食品饮料,重庆仓库-10号,重庆区域,重庆区域,吴经理,开学季,0.65,信用卡,韵达快递,4,1.0,23.0,0.09,7330.2,3470.2,659.72,7353.2
2985,2024-06-10,5,1939.0,1.0,陈丽,普通,13805974980,智能相机,联想,970.0,4,美妆护肤,郑州仓库-13号,郑州区域,郑州区域,王经理,情人节特惠,0.7,货到付款,申通快递,5,0.95,29.0,0.11,9695.0,4845.0,1066.45,9239.25
2986,2024-06-11,6,1949.0,0.8,杨丽,银卡,13805987325,便携相机,戴尔,975.0,5,家居日用,北京仓库-1号,北京区域,北京区域,张经理,,,支付宝,京东物流,1,0.9,5.0,0.03,9355.2,3505.2,280.66,8424.68
2987,2024-06-12,7,1959.0,0.8500000000000001,赵丽,金卡,13805999670,专业相机,索尼,980.0,6,运动户外,深圳仓库-4号,深圳区域,深圳区域,刘经理,国庆特卖,0.8,微信支付,菜鸟驿站,2,1.1,11.0,0.05,11656.05,4796.05,582.8,12832.66
2988,2024-06-13,8,1969.0,0.9,黄丽,钻石,13806012015,豪华相机,佳能,985.0,7,图书音像,武汉仓库-7号,武汉区域,武汉区域,赵经理,新品首发,0.85,银行卡,德邦快递,3,1.05,17.0,0.07,14176.8,6296.8,992.38,14902.64
2989,2024-06-14,9,1979.0,0.9500000000000001,周丽,普通,13806024360,简约相机,飞利浦,990.0,8,母婴用品,重庆仓库-10号,重庆区域,重庆区域,吴经理,会员专享,0.9,信用卡,顺丰速运,4,1.0,23.0,0.09,16920.45,8010.45,1522.84,16943.45
2990,2024-06-15,10,1989.0,1.0,吴丽,银卡,13806036705,创新相机,松下,995.0,9,汽车用品,郑州仓库-13号,郑州区域,郑州区域,王经理,限时秒杀,0.95,货到付款,圆通快递,5,0.95,29.0,0.11,19890.0,9940.0,2187.9,18924.5
2991,2024-06-16,1,1999.0,0.8,张勇,金卡,13806049050,高端充电器,华为,1000.0,10,办公文具,北京仓库-1号,北京区域,北京区域,张经理,,,支付宝,顺丰速运,1,0.9,5.0,0.03,1599.2,599.2,47.98,1444.28
2992,2024-06-17,2,2009.0,0.8500000000000001,李勇,钻石,13806061395,精品充电器,苹果,1005.0,11,珠宝饰品,深圳仓库-4号,深圳区域,深圳区域,刘经理,618大促,0.55,微信支付,圆通快递,2,1.1,11.0,0.05,3415.3,1405.3,170.77,3767.83
2993,2024-06-18,3,2019.0,0.9,王勇,普通,13806073740,经典充电器,小米,1010.0,12,宠物用品,武汉仓库-7号,武汉区域,武汉区域,赵经理,年货节,0.6,银行卡,中通快递,3,1.05,17.0,0.07,5451.3,2421.3,381.59,5740.87
2994,2024-06-19,4,2029.0,0.9500000000000001,刘勇,银卡,13806086085,时尚充电器,三星,1015.0,13,医疗保健,重庆仓库-10号,重庆区域,重庆区域,吴经理,开学季,0.65,信用卡,韵达快递,4,1.0,23.0,0.09,7710.2,3650.2,693.92,7733.2
2995,2024-06-20,5,2039.0,1.0,陈勇,金卡,13806098430,智能充电器,联想,1020.0,14,玩具乐器,郑州仓库-13号,郑州区域,郑州区域,王经理,情人节特惠,0.7,货到付款,申通快递,5,0.95,29.0,0.11,10195.0,5095.0,1121.45,9714.25
2996,2024-06-21,6,2049.0,0.8,杨勇,钻石,13806110775,便携充电器,戴尔,1025.0,15,生鲜果蔬,北京仓库-1号,北京区域,北京区域,张经理,,,支付宝,京东物流,1,0.9,5.0,0.03,9835.2,3685.2,295.06,8856.68
2997,2024-06-22,7,2059.0,0.8500000000000001,赵勇,普通,13806123120,专业充电器,索尼,1030.0,16,箱包皮具,深圳仓库-4号,深圳区域,深圳区域,刘经理,618大促,0.55,微信支付,菜鸟驿站,2,1.1,11.0,0.05,12251.05,5041.05,612.55,13487.16
2998,2024-06-23,8,2069.0,0.9,黄勇,银卡,13806135465,豪华充电器,佳能,1035.0,17,钟表眼镜,武汉仓库-7号,武汉区域,武汉区域,赵经理,年货节,0.6,银行卡,德邦快递,3,1.05,17.0,0.07,14896.8,6616.8,1042.78,15658.64
2999,2024-06-24,9,2079.0,0.9500000000000001,周勇,金卡,13806147810,简约充电器,飞利浦,1040.0,18,厨房用具,重庆仓库-10号,重庆区域,重庆区域,吴经理,开学季,0.65,信用卡,顺丰速运,4,1.0,23.0,0.09,17775.45,8415.45,1599.79,17798.45
3000,2024-06-25,10,2089.0,1.0,吴勇,钻石,13806160155,创新充电器,松下,1045.0,19,五金工具,郑州仓库-13号,郑州区域,郑州区域,王经理,情人节特惠,0.7,货到付款,圆通快递,5,0.95,29.0,0.11,20890.0,10440.0,2297.9,19874.5
